date,units,estimated_revenue,event_name,event_type,weekday,month,year,avg_selling_price,moving_average_28
2011-01-29,32631.0,81650.56491088867,None,None,Saturday,1,2011,2.50223912570527,32631.0
2011-01-30,31749.0,78970.52575683594,None,None,Sunday,1,2011,2.487338995144286,32190.0
2011-01-31,23783.0,57706.88798522949,None,None,Monday,1,2011,2.4263922963978257,29387.666666666668
2011-02-01,25412.0,60761.1764831543,None,None,Tuesday,2,2011,2.3910426760252754,28393.75
2011-02-02,19146.0,46959.93155002594,None,None,Wednesday,2,2011,2.452728065915906,26544.2
2011-02-03,29211.0,69377.35224914551,None,None,Thursday,2,2011,2.375042013253415,26988.666666666668
2011-02-04,28010.0,68789.02848815918,None,None,Friday,2,2011,2.4558739196058257,27134.571428571428
2011-02-05,37932.0,93447.69845581055,None,None,Saturday,2,2011,2.4635584323476363,28484.25
2011-02-06,32736.0,83497.51751708984,SuperBowl,Sporting,Sunday,2,2011,2.5506328664800173,28956.666666666668
2011-02-07,25572.0,65164.67088317871,None,None,Monday,2,2011,2.548282139964755,28618.2
2011-02-08,23071.0,60879.364837646484,None,None,Tuesday,2,2011,2.638783097292986,28113.909090909092
2011-02-09,23658.0,60408.66635131836,None,None,Wednesday,2,2011,2.553413912897048,27742.583333333332
2011-02-10,23756.0,62741.97236633301,None,None,Thursday,2,2011,2.6411000322585036,27435.923076923078
2011-02-11,26445.0,71984.07696533203,None,None,Friday,2,2011,2.722029758568048,27365.14285714286
2011-02-12,34833.0,92584.85375976562,None,None,Saturday,2,2011,2.6579638205083005,27863.0
2011-02-13,36380.0,100763.77807617188,None,None,Sunday,2,2011,2.769757506216929,28395.3125
2011-02-14,21804.0,59728.86827087402,ValentinesDay,Cultural,Monday,2,2011,2.7393537089925712,28007.58823529412
2011-02-15,24070.0,64278.28461456299,None,None,Tuesday,2,2011,2.6704729794168256,27788.833333333332
2011-02-16,21443.0,58985.56616973877,None,None,Wednesday,2,2011,2.7508075441747315,27454.842105263157
2011-02-17,20318.0,57188.96990966797,None,None,Thursday,2,2011,2.814694847409586,27098.0
2011-02-18,23721.0,67467.96044921875,None,None,Friday,2,2011,2.844229182969468,26937.190476190477
2011-02-19,31689.0,87650.78790283203,None,None,Saturday,2,2011,2.765968882035786,27153.18181818182
2011-02-20,29283.0,81369.39666748047,None,None,Sunday,2,2011,2.7787247436219125,27245.782608695652
2011-02-21,23966.0,65547.54006958008,PresidentsDay,National,Monday,2,2011,2.7350221175657214,27109.125
2011-02-22,20501.0,55380.66606140137,None,None,Tuesday,2,2011,2.7013641315741364,26844.8
2011-02-23,20757.0,55070.251609802246,None,None,Wednesday,2,2011,2.6530930100593655,26610.653846153848
2011-02-24,20277.0,53986.32243347168,None,None,Thursday,2,2011,2.6624413095365034,26376.074074074073
2011-02-25,22529.0,61776.84492492676,None,None,Friday,2,2011,2.742103285761763,26238.678571428572
2011-02-26,29908.0,81839.4487991333,None,None,Saturday,2,2011,2.7363731710289323,26141.428571428572
2011-02-27,28707.0,79451.2105255127,None,None,Sunday,2,2011,2.7676598225350157,26032.785714285714
2011-02-28,21240.0,58794.634033203125,None,None,Monday,2,2011,2.7681089469492997,25941.964285714286
2011-03-01,22872.0,62540.15573120117,None,None,Tuesday,3,2011,2.7343544828262143,25851.25
2011-03-02,22046.0,59996.519607543945,None,None,Wednesday,3,2011,2.721424276854937,25954.821428571428
2011-03-03,23475.0,64517.9513092041,None,None,Thursday,3,2011,2.748368532873444,25749.964285714286
2011-03-04,23572.0,64020.53353881836,None,None,Friday,3,2011,2.7159567936033584,25591.464285714286
2011-03-05,31202.0,86243.71667480469,None,None,Saturday,3,2011,2.764044505954897,25351.10714285714
2011-03-06,34876.0,94305.34216308594,None,None,Sunday,3,2011,2.704018298058434,25427.535714285714
2011-03-07,24562.0,66983.81198120117,None,None,Monday,3,2011,2.727131828890203,25391.464285714286
2011-03-08,22752.0,61245.802673339844,None,None,Tuesday,3,2011,2.6918865450659215,25380.071428571428
2011-03-09,22560.0,58771.79383850098,LentStart,Religious,Wednesday,3,2011,2.605132705607313,25340.85714285714
2011-03-10,22626.0,60104.7059173584,None,None,Thursday,3,2011,2.656444175610289,25300.5
2011-03-11,25572.0,68115.80053710938,None,None,Friday,3,2011,2.663686865990512,25269.321428571428
2011-03-12,32225.0,85663.96563720703,None,None,Saturday,3,2011,2.6583077001460675,25176.178571428572
2011-03-13,31417.0,85979.60552978516,None,None,Sunday,3,2011,2.7367223328066066,24998.928571428572
2011-03-14,24935.0,65841.91139221191,None,None,Monday,3,2011,2.640541864536271,25110.75
2011-03-15,24021.0,62552.04175567627,None,None,Tuesday,3,2011,2.6040565236949447,25109.0
2011-03-16,22765.0,60076.30325317383,LentWeek2,Religious,Wednesday,3,2011,2.638976641914071,25156.214285714286
2011-03-17,21779.0,57509.31758117676,StPatricksDay,Cultural,Thursday,3,2011,2.6405857744238377,25208.39285714286
2011-03-18,23855.0,64847.11283874512,None,None,Friday,3,2011,2.718386620781602,25213.178571428572
2011-03-19,30599.0,83447.4925994873,None,None,Saturday,3,2011,2.7271313637533026,25174.25
2011-03-20,29643.0,81525.53358459473,Purim End,Religious,Sunday,3,2011,2.7502457101033877,25187.10714285714
2011-03-21,23101.0,61369.03465270996,None,None,Monday,3,2011,2.6565531644824882,25156.214285714286
2011-03-22,20492.0,54604.93574523926,None,None,Tuesday,3,2011,2.6646952832929562,25155.89285714286
2011-03-23,19230.0,51681.79919433594,None,None,Wednesday,3,2011,2.687561060547891,25101.35714285714
2011-03-24,18854.0,50469.34214782715,None,None,Thursday,3,2011,2.6768506496142543,25050.535714285714
2011-03-25,23350.0,62774.79281616211,None,None,Friday,3,2011,2.688427957865615,25079.85714285714
2011-03-26,29620.0,80261.13684082031,None,None,Saturday,3,2011,2.709694018933839,25069.571428571428
2011-03-27,29866.0,81245.54383850098,None,None,Sunday,3,2011,2.7203356270843426,25110.964285714286
2011-03-28,21449.0,57507.394371032715,None,None,Monday,3,2011,2.681122400626263,25118.428571428572
2011-03-29,19581.0,52571.071868896484,None,None,Tuesday,3,2011,2.6848001567282815,25000.89285714286
2011-03-30,18928.0,50143.61088562012,None,None,Wednesday,3,2011,2.6491763992825508,24889.535714285714
2011-03-31,21742.0,55981.4582824707,None,None,Thursday,3,2011,2.574807206442402,24827.64285714286
2011-04-01,28309.0,74380.4144744873,None,None,Friday,4,2011,2.6274476129318347,24996.821428571428
2011-04-02,33478.0,90659.06713867188,None,None,Saturday,4,2011,2.708019210785348,25078.10714285714
2011-04-03,33058.0,89121.26791381836,None,None,Sunday,4,2011,2.695906222815003,25013.178571428572
2011-04-04,24852.0,66059.73838806152,None,None,Monday,4,2011,2.6581256393071593,25023.535714285714
2011-04-05,23581.0,62548.15382385254,None,None,Tuesday,4,2011,2.6524809729804733,25053.14285714286
2011-04-06,22656.0,60210.49688720703,None,None,Wednesday,4,2011,2.657596084357655,25056.571428571428
2011-04-07,22901.0,60590.569396972656,None,None,Thursday,4,2011,2.6457608574722786,25066.39285714286
2011-04-08,24754.0,66802.50979614258,None,None,Friday,4,2011,2.69865515860639,25037.178571428572
2011-04-09,31745.0,86147.48149108887,None,None,Saturday,4,2011,2.7137338633198573,25020.035714285714
2011-04-10,31536.0,85080.29025268555,None,None,Sunday,4,2011,2.6978783058309723,25024.285714285714
2011-04-11,24829.0,66609.34037780762,None,None,Monday,4,2011,2.6827234434656093,25020.5
2011-04-12,23218.0,61560.764709472656,None,None,Tuesday,4,2011,2.65142409809082,24991.821428571428
2011-04-13,21611.0,57037.90428161621,None,None,Wednesday,4,2011,2.63929962896748,24950.60714285714
2011-04-14,21964.0,58824.9677734375,None,None,Thursday,4,2011,2.678244753844359,24957.214285714286
2011-04-15,25482.0,68674.98336791992,None,None,Friday,4,2011,2.695038983122201,25015.321428571428
2011-04-16,29234.0,83058.78700256348,None,None,Saturday,4,2011,2.8411707943683204,24966.571428571428
2011-04-17,29787.0,83617.16830444336,None,None,Sunday,4,2011,2.8071698494122725,24971.714285714286
2011-04-18,22389.0,61271.18800354004,None,None,Monday,4,2011,2.7366647909035704,24946.285714285714
2011-04-19,19474.0,54793.07569885254,None,None,Tuesday,4,2011,2.813652855029914,24909.928571428572
2011-04-20,20188.0,56720.39697265625,None,None,Wednesday,4,2011,2.8096095191527763,24944.14285714286
2011-04-21,19768.0,56465.98519897461,None,None,Thursday,4,2011,2.8564338931087923,24976.785714285714
2011-04-22,24279.0,69572.71585083008,None,None,Friday,4,2011,2.8655511285814934,25009.964285714286
2011-04-23,29575.0,84171.38735961914,None,None,Saturday,4,2011,2.846031694323555,25008.35714285714
2011-04-24,24018.0,68276.54483032227,OrthodoxEaster,Religious,Sunday,4,2011,2.8427239916030587,24799.5
2011-04-25,20004.0,56342.79379272461,None,None,Monday,4,2011,2.8165763743613583,24747.89285714286
2011-04-26,18113.0,50791.3497467041,Pesach End,Religious,Tuesday,4,2011,2.8041378980127036,24695.464285714286
2011-04-27,17929.0,50876.99821472168,None,None,Wednesday,4,2011,2.83769302329866,24659.785714285714
2011-04-28,18145.0,51953.19778442383,None,None,Thursday,4,2011,2.8632239065540825,24531.321428571428
2011-04-29,22735.0,64544.65188598633,None,None,Friday,4,2011,2.8389994231795175,24332.25
2011-04-30,28101.0,80648.74696350098,None,None,Saturday,4,2011,2.8699600357105077,24140.214285714286
2011-05-01,29045.0,81346.9027709961,None,None,Sunday,5,2011,2.8007196684798106,23996.89285714286
2011-05-02,22837.0,63047.46487426758,None,None,Monday,5,2011,2.7607595075652482,23924.928571428572
2011-05-03,24080.0,66278.94923400879,None,None,Tuesday,5,2011,2.7524480578907307,23942.75
2011-05-04,20761.0,57672.26803588867,None,None,Wednesday,5,2011,2.7779137823750624,23875.071428571428
2011-05-05,21184.0,56720.86697387695,Cinco De Mayo,Cultural,Thursday,5,2011,2.677533373011563,23813.75
2011-05-06,24486.0,68218.29319763184,None,None,Friday,5,2011,2.7860121374512716,23804.178571428572
2011-05-07,28412.0,78021.7650604248,None,None,Saturday,5,2011,2.7460849310300155,23685.14285714286
2011-05-08,23688.0,65855.49780273438,Mother's day,Cultural,Sunday,5,2011,2.780120643479161,23404.85714285714
2011-05-09,25024.0,69036.48526000977,None,None,Monday,5,2011,2.7588109518865793,23411.821428571428
2011-05-10,22231.0,60176.31072998047,None,None,Tuesday,5,2011,2.706864771264472,23376.571428571428
2011-05-11,22165.0,61559.258544921875,None,None,Wednesday,5,2011,2.777318228961059,23396.35714285714
2011-05-12,22413.0,61018.63067626953,None,None,Thursday,5,2011,2.7224660097385236,23412.39285714286
2011-05-13,25648.0,70473.06600952148,None,None,Friday,5,2011,2.7477021993731086,23418.321428571428
2011-05-14,28736.0,81896.05360412598,None,None,Saturday,5,2011,2.8499461861124016,23400.535714285714
2011-05-15,31320.0,88268.94844055176,None,None,Sunday,5,2011,2.8182933729422657,23455.285714285714
2011-05-16,22213.0,61248.63148498535,None,None,Monday,5,2011,2.757332709898949,23449.0
2011-05-17,19613.0,56033.706619262695,None,None,Tuesday,5,2011,2.856967655089109,23453.964285714286
2011-05-18,18770.0,52915.496154785156,None,None,Wednesday,5,2011,2.819152698709918,23403.321428571428
2011-05-19,18684.0,52917.637435913086,None,None,Thursday,5,2011,2.8322434936797842,23364.60714285714
2011-05-20,21649.0,61081.20977783203,None,None,Friday,5,2011,2.82143331229304,23270.678571428572
2011-05-21,27112.0,76461.29661560059,None,None,Saturday,5,2011,2.820201262009464,23182.714285714286
2011-05-22,26246.0,73607.56996154785,None,None,Sunday,5,2011,2.804525259527084,23262.285714285714
2011-05-23,20954.0,58098.10469055176,None,None,Monday,5,2011,2.772649837288907,23296.214285714286
2011-05-24,19203.0,52563.69869995117,None,None,Tuesday,5,2011,2.737264942975117,23335.14285714286
2011-05-25,19058.0,52171.418029785156,None,None,Wednesday,5,2011,2.73750750497351,23375.464285714286
2011-05-26,20480.0,57009.09588623047,None,None,Thursday,5,2011,2.783647260069847,23458.85714285714
2011-05-27,22481.0,61639.631927490234,None,None,Friday,5,2011,2.741854540611638,23449.785714285714
2011-05-28,25527.0,71033.6639251709,None,None,Saturday,5,2011,2.782687504413793,23357.85714285714
2011-05-29,23449.0,66451.55737304688,None,None,Sunday,5,2011,2.8338759594458987,23158.0
2011-05-30,22538.0,64782.26727294922,MemorialDay,National,Monday,5,2011,2.874357408507819,23147.321428571428
2011-05-31,19555.0,55381.33840942383,NBAFinalsStart,Sporting,Tuesday,5,2011,2.832080716411344,22985.714285714286
2011-06-01,23165.0,64775.76679992676,None,None,Wednesday,6,2011,2.7962774357835856,23071.571428571428
2011-06-02,22681.0,62398.009536743164,None,None,Thursday,6,2011,2.7511136870836013,23125.035714285714
2011-06-03,26781.0,73696.49111938477,None,None,Friday,6,2011,2.751819988775056,23207.0
2011-06-04,30310.0,83864.564453125,None,None,Saturday,6,2011,2.766894241277631,23274.785714285714
2011-06-05,31604.0,87926.71884155273,None,None,Sunday,6,2011,2.7821389330955806,23557.5
2011-06-06,26685.0,73193.97305297852,None,None,Monday,6,2011,2.7428882538121986,23616.821428571428
2011-06-07,25089.0,69883.97360229492,None,None,Tuesday,6,2011,2.7854427678382927,23718.89285714286
2011-06-08,24453.0,66110.14608764648,None,None,Wednesday,6,2011,2.7035597304071683,23800.60714285714
2011-06-09,24782.0,65696.35859680176,None,None,Thursday,6,2011,2.650970809329423,23885.214285714286
2011-06-10,26419.0,72494.80950927734,None,None,Friday,6,2011,2.744040633986046,23912.75
2011-06-11,29940.0,83435.06394958496,None,None,Saturday,6,2011,2.7867422828852693,23955.75
2011-06-12,31094.0,86430.96702575684,NBAFinalsEnd,Sporting,Sunday,6,2011,2.779667042701384,23947.678571428572
2011-06-13,25752.0,70323.39793395996,None,None,Monday,6,2011,2.730793644530909,24074.071428571428
2011-06-14,24155.0,65558.59832763672,None,None,Tuesday,6,2011,2.7140798314070262,24236.285714285714
2011-06-15,25258.0,68369.50886535645,None,None,Wednesday,6,2011,2.7068457069188554,24468.0
2011-06-16,22706.0,63153.310119628906,None,None,Thursday,6,2011,2.7813489879163615,24611.64285714286
2011-06-17,24712.0,68183.06344604492,None,None,Friday,6,2011,2.7591074557318276,24721.035714285714
2011-06-18,28825.0,78640.16537475586,None,None,Saturday,6,2011,2.7281930745795613,24782.214285714286
2011-06-19,26106.0,72743.70150756836,Father's day,Cultural,Sunday,6,2011,2.7864744314551584,24777.214285714286
2011-06-20,24261.0,66329.59176635742,None,None,Monday,6,2011,2.734000732301118,24895.321428571428
2011-06-21,21810.0,59042.84378051758,None,None,Tuesday,6,2011,2.707145519510205,24988.428571428572
2011-06-22,21401.0,58576.44514465332,None,None,Wednesday,6,2011,2.7370891614715815,25072.10714285714
2011-06-23,22780.0,62726.17137145996,None,None,Thursday,6,2011,2.753563273549603,25154.25
2011-06-24,24638.0,68432.21737670898,None,None,Friday,6,2011,2.777506996375882,25231.285714285714
2011-06-25,26482.0,72973.80899047852,None,None,Saturday,6,2011,2.7556003697031386,25265.39285714286
2011-06-26,27668.0,76969.5668334961,None,None,Sunday,6,2011,2.7818984687543766,25416.071428571428
2011-06-27,22642.0,61850.166259765625,None,None,Monday,6,2011,2.7316564905823526,25419.785714285714
2011-06-28,19800.0,54030.11724090576,None,None,Tuesday,6,2011,2.7287938000457457,25428.535714285714
2011-06-29,19930.0,54228.68435668945,None,None,Wednesday,6,2011,2.7209575693271177,25313.0
2011-06-30,21451.0,59678.7706451416,None,None,Thursday,6,2011,2.7820973681945644,25269.071428571428
2011-07-01,31033.0,83279.09465026855,None,None,Friday,7,2011,2.6835657090925324,25420.928571428572
2011-07-02,33001.0,87247.58660888672,None,None,Saturday,7,2011,2.6437861461436536,25517.035714285714
2011-07-03,29173.0,78344.09428405762,None,None,Sunday,7,2011,2.6855000954326815,25430.214285714286
2011-07-04,23033.0,61556.38137817383,IndependenceDay,National,Monday,7,2011,2.6725299083130216,25299.785714285714
2011-07-05,26596.0,71985.41815185547,None,None,Tuesday,7,2011,2.706625738902672,25353.60714285714
2011-07-06,26602.0,71421.32243347168,None,None,Wednesday,7,2011,2.684810256126294,25430.35714285714
2011-07-07,26727.0,73863.1291809082,None,None,Thursday,7,2011,2.763614666102002,25499.821428571428
2011-07-08,27679.0,76534.95849609375,None,None,Friday,7,2011,2.7650911700601086,25544.821428571428
2011-07-09,32486.0,89246.13983154297,None,None,Saturday,7,2011,2.747218488935017,25635.75
2011-07-10,31539.0,87866.99803161621,None,None,Sunday,7,2011,2.785979201357564,25651.64285714286
2011-07-11,26592.0,73525.41313171387,None,None,Monday,7,2011,2.7649448379856296,25681.64285714286
2011-07-12,24632.0,66957.12565612793,None,None,Tuesday,7,2011,2.718298378374794,25698.678571428572
2011-07-13,23445.0,65690.56784057617,None,None,Wednesday,7,2011,2.801900952892991,25633.928571428572
2011-07-14,23447.0,64561.90574645996,None,None,Thursday,7,2011,2.75352521629462,25660.39285714286
2011-07-15,27349.0,76060.25,None,None,Friday,7,2011,2.7810980291783975,25754.571428571428
2011-07-16,30869.0,85917.2653503418,None,None,Saturday,7,2011,2.7832863179999934,25827.571428571428
2011-07-17,30334.0,85712.15118408203,None,None,Sunday,7,2011,2.825613212371663,25978.571428571428
2011-07-18,24639.0,67367.12857055664,None,None,Monday,7,2011,2.734166507186032,25992.071428571428
2011-07-19,21931.0,60059.42774963379,None,None,Tuesday,7,2011,2.7385631184001547,25996.39285714286
2011-07-20,22487.0,60644.89334106445,None,None,Wednesday,7,2011,2.6968867941950663,26035.178571428572
2011-07-21,22778.0,62603.639877319336,None,None,Thursday,7,2011,2.7484256685099364,26035.10714285714
2011-07-22,26356.0,71243.8688659668,None,None,Friday,7,2011,2.7031366241450447,26096.464285714286
2011-07-23,30284.0,82427.28137207031,None,None,Saturday,7,2011,2.7218095816956254,26232.25
2011-07-24,28799.0,80838.78099060059,None,None,Sunday,7,2011,2.806999582992485,26272.64285714286
2011-07-25,22895.0,64020.66844177246,None,None,Monday,7,2011,2.7962729173082534,26281.678571428572
2011-07-26,21195.0,58175.398010253906,None,None,Tuesday,7,2011,2.7447698990447704,26331.5
2011-07-27,20504.0,56267.10859680176,None,None,Wednesday,7,2011,2.7442015507609128,26352.0
2011-07-28,21243.0,59268.64108276367,None,None,Thursday,7,2011,2.7900315907717212,26344.571428571428
2011-07-29,24542.0,67905.74194335938,None,None,Friday,7,2011,2.7669196456425467,26112.75
2011-07-30,28953.0,79986.4419708252,None,None,Saturday,7,2011,2.7626305381419956,25968.178571428572
2011-07-31,28677.0,81274.71649169922,None,None,Sunday,7,2011,2.834142919123312,25950.464285714286
2011-08-01,26607.0,73525.50833129883,Ramadan starts,Religious,Monday,8,2011,2.763389646758328,26078.10714285714
2011-08-02,25475.0,68720.17839050293,None,None,Tuesday,8,2011,2.6975536168990355,26038.071428571428
2011-08-03,27237.0,72542.57246398926,None,None,Wednesday,8,2011,2.6633833558758035,26060.75
2011-08-04,23713.0,65402.157653808594,None,None,Thursday,8,2011,2.7580718447184496,25953.10714285714
2011-08-05,26594.0,72391.2144317627,None,None,Friday,8,2011,2.722088231622272,25914.35714285714
2011-08-06,31959.0,85240.33459472656,None,None,Saturday,8,2011,2.6671777776127716,25895.535714285714
2011-08-07,32006.0,89645.51400756836,None,None,Sunday,8,2011,2.8008971445219135,25912.214285714286
2011-08-08,26354.0,70679.90983581543,None,None,Monday,8,2011,2.681942393405761,25903.714285714286
2011-08-09,26213.0,69836.41479492188,None,None,Tuesday,8,2011,2.6641900886934677,25960.178571428572
2011-08-10,24578.0,67594.72973632812,None,None,Wednesday,8,2011,2.750212781199777,26000.64285714286
2011-08-11,24708.0,68169.58099365234,None,None,Thursday,8,2011,2.759008458541863,26045.678571428572
2011-08-12,28544.0,77636.05674743652,None,None,Friday,8,2011,2.7198730643020084,26088.35714285714
2011-08-13,33003.0,90852.11520385742,None,None,Saturday,8,2011,2.752844141558568,26164.571428571428
2011-08-14,33909.0,91933.10255432129,None,None,Sunday,8,2011,2.7111711508543834,26292.25
2011-08-15,28511.0,75415.55926513672,None,None,Monday,8,2011,2.645139043356484,26430.535714285714
2011-08-16,25266.0,66645.97267150879,None,None,Tuesday,8,2011,2.637773002117818,26549.64285714286
2011-08-17,23681.0,64269.4914855957,None,None,Wednesday,8,2011,2.7139686451414935,26592.285714285714
2011-08-18,23376.0,61614.52061462402,None,None,Thursday,8,2011,2.635802558804929,26613.64285714286
2011-08-19,27004.0,70721.65817260742,None,None,Friday,8,2011,2.618932683032418,26636.785714285714
2011-08-20,32258.0,86327.10035705566,None,None,Saturday,8,2011,2.6761454633596524,26707.285714285714
2011-08-21,33973.0,94301.93463134766,None,None,Sunday,8,2011,2.775790617000196,26892.071428571428
2011-08-22,25324.0,69110.08996582031,None,None,Monday,8,2011,2.7290353011301653,26978.821428571428
2011-08-23,22617.0,61577.55012512207,None,None,Tuesday,8,2011,2.722622369240928,27029.60714285714
2011-08-24,21935.0,59769.99983215332,None,None,Wednesday,8,2011,2.7248689232802974,27080.714285714286
2011-08-25,21414.0,58397.693923950195,None,None,Thursday,8,2011,2.7270801309400485,27086.821428571428
2011-08-26,24268.0,66597.36875915527,None,None,Friday,8,2011,2.744246281488185,27077.035714285714
2011-08-27,30383.0,83884.17071533203,None,None,Saturday,8,2011,2.760891640566502,27128.10714285714
2011-08-28,30626.0,83708.76997375488,None,None,Sunday,8,2011,2.7332583417277765,27197.714285714286
2011-08-29,22085.0,60631.88607788086,None,None,Monday,8,2011,2.745387642195194,27036.214285714286
2011-08-30,20350.0,55026.111557006836,None,None,Tuesday,8,2011,2.7039858258971416,26853.178571428572
2011-08-31,21723.0,59672.16996765137,Eid al-Fitr,Religious,Wednesday,8,2011,2.7469580613935167,26656.25
2011-09-01,26299.0,70028.83840942383,None,None,Thursday,9,2011,2.662794722591119,26748.60714285714
2011-09-02,29208.0,77246.34609985352,None,None,Friday,9,2011,2.6446982367794276,26841.964285714286
2011-09-03,34032.0,90251.16690063477,None,None,Saturday,9,2011,2.651950132247143,26916.0
2011-09-04,26925.0,73859.6028137207,None,None,Sunday,9,2011,2.7431607358856342,26734.535714285714
2011-09-05,30158.0,81837.67658996582,LaborDay,National,Monday,9,2011,2.7136307643068447,26870.39285714286
2011-09-06,26134.0,71785.97309875488,None,None,Tuesday,9,2011,2.746842163417574,26867.571428571428
2011-09-07,24445.0,67711.28211975098,None,None,Wednesday,9,2011,2.7699440425343007,26862.821428571428
2011-09-08,24048.0,66414.73043823242,None,None,Thursday,9,2011,2.7617569210841824,26839.25
2011-09-09,28246.0,76838.51902770996,None,None,Friday,9,2011,2.7203327560613877,26828.60714285714
2011-09-10,33030.0,92250.99053955078,None,None,Saturday,9,2011,2.792945520422367,26829.571428571428
2011-09-11,34632.0,98302.74574279785,None,None,Sunday,9,2011,2.83849462181791,26855.39285714286
2011-09-12,26138.0,71982.17390441895,None,None,Monday,9,2011,2.7539281469285695,26770.64285714286
2011-09-13,24645.0,66497.15393066406,None,None,Tuesday,9,2011,2.698200605829339,26748.464285714286
2011-09-14,23505.0,63632.58810424805,None,None,Wednesday,9,2011,2.707193707902491,26742.178571428572
2011-09-15,26343.0,71137.59481811523,None,None,Thursday,9,2011,2.700436351900514,26848.14285714286
2011-09-16,26933.0,74675.73568725586,None,None,Friday,9,2011,2.772648263738011,26845.60714285714
2011-09-17,32195.0,89944.37814331055,None,None,Saturday,9,2011,2.7937374792144913,26843.35714285714
2011-09-18,32034.0,91000.88391113281,None,None,Sunday,9,2011,2.8407593154502346,26774.10714285714
2011-09-19,24367.0,67645.75473022461,None,None,Monday,9,2011,2.776121587812394,26739.928571428572
2011-09-20,22675.0,61454.99189758301,None,None,Tuesday,9,2011,2.710253225913253,26742.0
2011-09-21,21796.0,60125.69160461426,None,None,Wednesday,9,2011,2.758565406708307,26737.035714285714
2011-09-22,21859.0,59465.583572387695,None,None,Thursday,9,2011,2.7204164679256917,26752.928571428572
2011-09-23,26706.0,71461.25434875488,None,None,Friday,9,2011,2.675850159093645,26840.0
2011-09-24,32466.0,88336.50741577148,None,None,Saturday,9,2011,2.7208928545484965,26914.39285714286
2011-09-25,33228.0,90350.20565795898,None,None,Sunday,9,2011,2.719098521065336,27007.321428571428
2011-09-26,24090.0,64136.93830871582,None,None,Monday,9,2011,2.6623884727569873,27078.928571428572
2011-09-27,22788.0,59375.041831970215,None,None,Tuesday,9,2011,2.605539838159128,27166.0
2011-09-28,22193.0,57876.22052001953,None,None,Wednesday,9,2011,2.607859258325577,27182.785714285714
2011-09-29,22383.0,57810.44104003906,None,None,Thursday,9,2011,2.582783408838809,27042.928571428572
2011-09-30,30182.0,77217.32633972168,None,None,Friday,9,2011,2.558389978786087,27077.714285714286
2011-10-01,39312.0,103302.0309753418,None,None,Saturday,10,2011,2.6277480406832976,27266.285714285714
2011-10-02,37214.0,98982.63552856445,None,None,Sunday,10,2011,2.659822527236106,27633.75
2011-10-03,30455.0,78953.1640625,None,None,Monday,10,2011,2.592453260958792,27644.35714285714
2011-10-04,26114.0,68225.37336730957,None,None,Tuesday,10,2011,2.6125975862491218,27643.64285714286
2011-10-05,25913.0,68327.75387573242,None,None,Wednesday,10,2011,2.636813718046248,27696.071428571428
2011-10-06,26066.0,68579.67210388184,None,None,Thursday,10,2011,2.6310010014533045,27768.14285714286
2011-10-07,29985.0,77303.73193359375,None,None,Friday,10,2011,2.5780801045053776,27830.25
2011-10-08,35930.0,92848.54069519043,None,None,Saturday,10,2011,2.5841508682212755,27933.821428571428
2011-10-09,35940.0,97200.90014648438,None,None,Sunday,10,2011,2.7045325583328985,27980.535714285714
2011-10-10,29401.0,78885.57745361328,ColumbusDay,National,Monday,10,2011,2.6830916449649087,28097.071428571428
2011-10-11,27427.0,69650.82035827637,None,None,Tuesday,10,2011,2.539498317653275,28196.428571428572
2011-10-12,27414.0,71888.49230957031,None,None,Wednesday,10,2011,2.622327727058084,28336.035714285714
2011-10-13,26116.0,68277.15716552734,None,None,Thursday,10,2011,2.6143803478912293,28327.928571428572
2011-10-14,29885.0,79466.58959960938,None,None,Friday,10,2011,2.6590794579089634,28433.35714285714
2011-10-15,38426.0,101899.0245513916,None,None,Saturday,10,2011,2.651824924566481,28655.89285714286
2011-10-16,36127.0,98299.7087097168,None,None,Sunday,10,2011,2.72094856228629,28802.071428571428
2011-10-17,27592.0,73636.95668029785,None,None,Monday,10,2011,2.6687792360212326,28917.25
2011-10-18,24202.0,64083.677322387695,None,None,Tuesday,10,2011,2.6478670077839723,28971.785714285714
2011-10-19,22441.0,60401.5959854126,None,None,Wednesday,10,2011,2.6915732803980483,28994.821428571428
2011-10-20,22402.0,59473.279052734375,None,None,Thursday,10,2011,2.654820063062868,29014.214285714286
2011-10-21,27130.0,71259.74731445312,None,None,Friday,10,2011,2.6266032920918954,29029.35714285714
2011-10-22,33151.0,89054.2703704834,None,None,Saturday,10,2011,2.686322294063027,29053.821428571428
2011-10-23,32876.0,89026.6809387207,None,None,Sunday,10,2011,2.7079535508796906,29041.25
2011-10-24,24516.0,66754.41589355469,None,None,Monday,10,2011,2.72289182140458,29056.464285714286
2011-10-25,22437.0,59876.577964782715,None,None,Tuesday,10,2011,2.668653472602519,29043.928571428572
2011-10-26,22142.0,59610.55970001221,None,None,Wednesday,10,2011,2.6921940068653334,29042.10714285714
2011-10-27,22982.0,60821.88683319092,None,None,Thursday,10,2011,2.6465010370372863,29063.5
2011-10-28,26880.0,70598.81552124023,None,None,Friday,10,2011,2.6264440298080443,28945.571428571428
2011-10-29,33219.0,88398.59561157227,None,None,Saturday,10,2011,2.6610853912391184,28727.964285714286
2011-10-30,31853.0,87576.61351013184,None,None,Sunday,10,2011,2.7493992248809165,28536.5
2011-10-31,22695.0,60771.68087768555,Halloween,Cultural,Monday,10,2011,2.6777563726673517,28259.35714285714
2011-11-01,26039.0,69105.77268981934,None,None,Tuesday,11,2011,2.6539334340727114,28256.678571428572
2011-11-02,24808.0,64393.61689758301,None,None,Wednesday,11,2011,2.5956794944204695,28217.214285714286
2011-11-03,27902.0,72421.01162719727,None,None,Thursday,11,2011,2.595549122901486,28282.785714285714
2011-11-04,28596.0,75113.6716003418,None,None,Friday,11,2011,2.626719527218555,28233.178571428572
2011-11-05,36887.0,95503.40350341797,None,None,Saturday,11,2011,2.589080258720361,28267.35714285714
2011-11-06,37887.0,102990.66206359863,None,None,Sunday,11,2011,2.718364137134073,28336.89285714286
2011-11-07,27278.0,72087.78929138184,EidAlAdha,Religious,Monday,11,2011,2.6427080171340216,28261.071428571428
2011-11-08,25188.0,65685.10064697266,None,None,Tuesday,11,2011,2.6077934193652794,28181.10714285714
2011-11-09,26092.0,68065.48400878906,None,None,Wednesday,11,2011,2.6086725436451426,28133.89285714286
2011-11-10,26147.0,68614.88346862793,None,None,Thursday,11,2011,2.624197172472097,28135.0
2011-11-11,29755.0,77214.13293457031,VeteransDay,National,Friday,11,2011,2.5949969058837277,28130.35714285714
2011-11-12,35922.0,92856.15393066406,None,None,Saturday,11,2011,2.584938308854297,28040.928571428572
2011-11-13,35348.0,94544.97200012207,None,None,Sunday,11,2011,2.6746908453129477,28013.10714285714
2011-11-14,26773.0,70120.76568603516,None,None,Monday,11,2011,2.619085111344831,27983.85714285714
2011-11-15,26701.0,69834.42707824707,None,None,Tuesday,11,2011,2.6154236574752656,28073.10714285714
2011-11-16,23928.0,63450.88261413574,None,None,Wednesday,11,2011,2.6517420015937705,28126.214285714286
2011-11-17,23114.0,60531.932052612305,None,None,Thursday,11,2011,2.6188427815441857,28151.64285714286
2011-11-18,26507.0,69177.72424316406,None,None,Friday,11,2011,2.609790781422419,28129.39285714286
2011-11-19,33545.0,89859.74935913086,None,None,Saturday,11,2011,2.678782213716824,28143.464285714286
2011-11-20,32753.0,89065.62342834473,None,None,Sunday,11,2011,2.719311923437387,28139.071428571428
2011-11-21,25574.0,67808.6431274414,None,None,Monday,11,2011,2.6514680193728557,28176.85714285714
2011-11-22,25654.0,67402.10404968262,None,None,Tuesday,11,2011,2.6273526175131603,28291.75
2011-11-23,30787.0,78119.23635864258,None,None,Wednesday,11,2011,2.5374098274805137,28600.5
2011-11-24,18427.0,46927.943672180176,Thanksgiving,National,Thursday,11,2011,2.5466947236218687,28437.821428571428
2011-11-25,23998.0,60839.02294921875,None,None,Friday,11,2011,2.535170553763595,28334.89285714286
2011-11-26,25292.0,67556.8042602539,None,None,Saturday,11,2011,2.6710740257889416,28051.785714285714
2011-11-27,27134.0,72721.25190734863,None,None,Sunday,11,2011,2.6800785695934484,27883.25
2011-11-28,22378.0,59780.35331726074,None,None,Monday,11,2011,2.671389459167966,27871.928571428572
2011-11-29,21584.0,56461.49311828613,None,None,Tuesday,11,2011,2.615895715265295,27712.821428571428
2011-11-30,21089.0,55462.19435119629,None,None,Wednesday,11,2011,2.629911060325112,27580.0
2011-12-01,26268.0,67057.63191223145,None,None,Thursday,12,2011,2.5528259445801527,27521.64285714286
2011-12-02,29727.0,76485.36737060547,None,None,Friday,12,2011,2.5729258711139864,27562.035714285714
2011-12-03,38129.0,96919.58500671387,None,None,Saturday,12,2011,2.541886359640008,27606.39285714286
2011-12-04,35078.0,95580.7109375,None,None,Sunday,12,2011,2.7248050327128115,27506.071428571428
2011-12-05,29220.0,77905.18064880371,None,None,Monday,12,2011,2.666159502012447,27575.428571428572
2011-12-06,27267.0,70755.42680358887,None,None,Tuesday,12,2011,2.5949105806868693,27649.678571428572
2011-12-07,25453.0,66418.05966186523,None,None,Wednesday,12,2011,2.6094393455335414,27626.85714285714
2011-12-08,26347.0,69135.99040222168,None,None,Thursday,12,2011,2.624055505454954,27634.0
2011-12-09,29438.0,76197.54516601562,None,None,Friday,12,2011,2.5884076759975416,27622.678571428572
2011-12-10,34786.0,91942.28353881836,None,None,Saturday,12,2011,2.6430829511532905,27582.10714285714
2011-12-11,35743.0,97259.69625854492,None,None,Sunday,12,2011,2.721083743909155,27596.214285714286
2011-12-12,29151.0,77714.95013427734,None,None,Monday,12,2011,2.6659445691152053,27681.14285714286
2011-12-13,26913.0,71150.47257995605,None,None,Tuesday,12,2011,2.643721345816373,27688.714285714286
2011-12-14,26794.0,70204.17860412598,None,None,Wednesday,12,2011,2.6201455028784792,27791.071428571428
2011-12-15,29644.0,77434.76919555664,None,None,Thursday,12,2011,2.6121565644162947,28024.285714285714
2011-12-16,28885.0,75941.66459655762,None,None,Friday,12,2011,2.629103846167825,28109.214285714286
2011-12-17,34159.0,90813.02157592773,None,None,Saturday,12,2011,2.6585386450401867,28131.14285714286
2011-12-18,32087.0,88253.75233459473,None,None,Sunday,12,2011,2.750451969164918,28107.35714285714
2011-12-19,27068.0,72687.06968688965,None,None,Monday,12,2011,2.6853505869251384,28160.714285714286
2011-12-20,26262.0,70440.49984741211,None,None,Tuesday,12,2011,2.6822214548553847,28182.428571428572
2011-12-21,26662.0,70194.84828186035,None,None,Wednesday,12,2011,2.632767544890119,28035.10714285714
2011-12-22,28182.0,74764.1721496582,None,None,Thursday,12,2011,2.6529051220516005,28383.5
2011-12-23,34646.0,90175.75961303711,None,None,Friday,12,2011,2.602775489610261,28763.785714285714
2011-12-24,29958.0,75968.30088806152,None,None,Saturday,12,2011,2.535826853864127,28930.428571428572
2011-12-25,13.0,23.680000722408295,Christmas,National,Sunday,12,2011,1.8215385171083303,27961.821428571428
2011-12-26,28032.0,76323.57789611816,None,None,Monday,12,2011,2.7227303758603796,28163.75
2011-12-27,24651.0,65581.3141784668,None,None,Tuesday,12,2011,2.6603916343542573,28273.285714285714
2011-12-28,24791.0,65824.01013183594,Chanukah End,Religious,Wednesday,12,2011,2.6551575221586843,28405.5
2011-12-29,24541.0,66648.99336242676,None,None,Thursday,12,2011,2.7158222306518383,28343.821428571428
2011-12-30,33652.0,87499.69920349121,None,None,Friday,12,2011,2.6001336979523124,28484.0
2011-12-31,33751.0,87297.43069458008,None,None,Saturday,12,2011,2.5865139016497314,28327.64285714286
2012-01-01,21807.0,57511.952209472656,NewYear,National,Sunday,1,2012,2.637316100769141,27853.678571428572
2012-01-02,33053.0,88952.71502685547,None,None,Monday,1,2012,2.691214565299836,27990.571428571428
2012-01-03,28751.0,75693.32139587402,None,None,Tuesday,1,2012,2.632719606131057,28043.571428571428
2012-01-04,25821.0,66911.20397949219,None,None,Wednesday,1,2012,2.591348281611564,28056.714285714286
2012-01-05,28499.0,74373.06834411621,None,None,Thursday,1,2012,2.6096729128782137,28133.571428571428
2012-01-06,30405.0,79276.49949645996,None,None,Friday,1,2012,2.607350748115769,28168.10714285714
2012-01-07,37143.0,96696.97122192383,OrthodoxChristmas,Religious,Saturday,1,2012,2.6033699814749434,28252.285714285714
2012-01-08,36722.0,99457.2427368164,None,None,Sunday,1,2012,2.7083830602041394,28287.25
2012-01-09,28206.0,74847.30236816406,None,None,Monday,1,2012,2.653595063751119,28253.5
2012-01-10,26640.0,69232.59161376953,None,None,Tuesday,1,2012,2.5988210065228805,28243.75
2012-01-11,29044.0,74836.98588562012,None,None,Wednesday,1,2012,2.576676280320208,28324.10714285714
2012-01-12,24715.0,64548.89419555664,None,None,Thursday,1,2012,2.6117294839391723,28148.071428571428
2012-01-13,29463.0,78461.32238769531,None,None,Friday,1,2012,2.6630459351625873,28168.714285714286
2012-01-14,36815.0,97408.37692260742,None,None,Saturday,1,2012,2.6458882771318057,28263.571428571428
2012-01-15,36459.0,96702.16003417969,None,None,Sunday,1,2012,2.6523536036144626,28419.714285714286
2012-01-16,30548.0,83134.42111206055,MartinLutherKingDay,National,Monday,1,2012,2.721435809613086,28544.0
2012-01-17,22187.0,58390.99932861328,None,None,Tuesday,1,2012,2.631766319403853,28398.464285714286
2012-01-18,25348.0,67167.8772277832,None,None,Wednesday,1,2012,2.6498294629865553,28351.535714285714
2012-01-19,24034.0,64224.48455810547,None,None,Thursday,1,2012,2.6722345243449057,28203.39285714286
2012-01-20,27204.0,72703.88320922852,None,None,Friday,1,2012,2.672543861536117,27937.60714285714
2012-01-21,38578.0,103939.97326660156,None,None,Saturday,1,2012,2.6942810219970337,28245.464285714286
2012-01-22,32587.0,89315.39306640625,None,None,Sunday,1,2012,2.740828952232677,29408.821428571428
2012-01-23,24702.0,66347.1012878418,None,None,Monday,1,2012,2.685899979266529,29289.89285714286
2012-01-24,23549.0,63102.78273010254,None,None,Tuesday,1,2012,2.679637467837383,29250.535714285714
2012-01-25,22408.0,58860.93322753906,None,None,Wednesday,1,2012,2.6267820969090976,29165.428571428572
2012-01-26,23237.0,61198.9864654541,None,None,Thursday,1,2012,2.633687070854848,29118.85714285714
2012-01-27,27199.0,72187.31768798828,None,None,Friday,1,2012,2.654043078348038,28888.39285714286
2012-01-28,34362.0,92041.52641296387,None,None,Saturday,1,2012,2.678584669488501,28910.214285714286
2012-01-29,33577.0,91699.64195251465,None,None,Sunday,1,2012,2.7310254624449666,29330.571428571428
2012-01-30,25188.0,67834.13287353516,None,None,Monday,1,2012,2.6931131043963457,29049.678571428572
2012-01-31,25124.0,67585.07666015625,None,None,Tuesday,1,2012,2.6900603669859993,28920.14285714286
2012-02-01,29851.0,80753.91011047363,None,None,Wednesday,2,2012,2.705232994220416,29064.071428571428
2012-02-02,28615.0,77594.96913146973,None,None,Thursday,2,2012,2.7116885944948357,29068.214285714286
2012-02-03,35104.0,93946.21682739258,None,None,Friday,2,2012,2.6762254109899892,29236.035714285714
2012-02-04,43029.0,118685.02737426758,None,None,Saturday,2,2012,2.7582566960484227,29446.25
2012-02-05,40075.0,111362.84164428711,SuperBowl,Sporting,Sunday,2,2012,2.7788606773371707,29566.0
2012-02-06,30681.0,84751.17190551758,None,None,Monday,2,2012,2.7623340799034444,29654.39285714286
2012-02-07,28108.0,78667.70783996582,None,None,Tuesday,2,2012,2.7987657549439953,29706.821428571428
2012-02-08,28579.0,77207.67869567871,None,None,Wednesday,2,2012,2.701552842845401,29690.214285714286
2012-02-09,29927.0,79749.05499267578,None,None,Thursday,2,2012,2.664786146044568,29876.35714285714
2012-02-10,29863.0,80668.89526367188,None,None,Friday,2,2012,2.7012991080491537,29890.64285714286
2012-02-11,41757.0,114011.8288269043,None,None,Saturday,2,2012,2.730364461692753,30067.14285714286
2012-02-12,41904.0,117271.77952575684,None,None,Sunday,2,2012,2.7985819856280267,30261.60714285714
2012-02-13,31675.0,88495.24462890625,None,None,Monday,2,2012,2.793851448426401,30301.85714285714
2012-02-14,25100.0,67395.16108703613,ValentinesDay,Cultural,Tuesday,2,2012,2.68506617876638,30405.89285714286
2012-02-15,26878.0,73921.42839050293,None,None,Wednesday,2,2012,2.7502577718023264,30460.535714285714
2012-02-16,25195.0,71593.44668579102,None,None,Thursday,2,2012,2.8415735934030963,30502.0
2012-02-17,27604.0,80409.42527770996,None,None,Friday,2,2012,2.9129628053075627,30516.285714285714
2012-02-18,36622.0,102246.00108337402,None,None,Saturday,2,2012,2.7919283786623894,30446.428571428572
2012-02-19,36338.0,102842.42897033691,None,None,Sunday,2,2012,2.830162060937226,30580.39285714286
2012-02-20,30218.0,83585.9772644043,PresidentsDay,National,Monday,2,2012,2.766098923304133,30777.39285714286
2012-02-21,25190.0,68848.0643234253,None,None,Tuesday,2,2012,2.733150628162973,30836.0
2012-02-22,24115.0,67501.3300857544,LentStart,Religious,Wednesday,2,2012,2.7991428606989173,30896.964285714286
2012-02-23,25211.0,68607.34951782227,None,None,Thursday,2,2012,2.72132598936267,30967.464285714286
2012-02-24,27870.0,76295.0668334961,None,None,Friday,2,2012,2.737533793810409,30991.428571428572
2012-02-25,35769.0,98656.63790893555,None,None,Saturday,2,2012,2.758160359779014,31041.678571428572
2012-02-26,36281.0,100153.38339233398,None,None,Sunday,2,2012,2.7604912596768,31138.25
2012-02-27,27270.0,73408.1245880127,None,None,Monday,2,2012,2.6919004249362923,31212.60714285714
2012-02-28,24359.0,66218.03338623047,None,None,Tuesday,2,2012,2.7184216669908645,31185.285714285714
2012-02-29,24802.0,66633.24542236328,LentWeek2,Religious,Wednesday,2,2012,2.686607750276723,31004.964285714286
2012-03-01,30232.0,81947.22947692871,None,None,Thursday,3,2012,2.7106122478476022,31062.714285714286
2012-03-02,32543.0,86518.17907714844,None,None,Friday,3,2012,2.658580311500121,30971.25
2012-03-03,41319.0,112870.20785522461,None,None,Saturday,3,2012,2.731678110680912,30910.178571428572
2012-03-04,40325.0,111421.6106262207,None,None,Sunday,3,2012,2.7630901581207863,30919.10714285714
2012-03-05,32703.0,89468.94088745117,None,None,Monday,3,2012,2.735802247116508,30991.321428571428
2012-03-06,31532.0,84944.26220703125,None,None,Tuesday,3,2012,2.693906577668123,31113.60714285714
2012-03-07,28608.0,78596.8938293457,None,None,Wednesday,3,2012,2.7473746444821625,31114.64285714286
2012-03-08,29759.0,80650.06294250488,Purim End,Religious,Thursday,3,2012,2.7101066212744005,31108.64285714286
2012-03-09,32322.0,87619.9428100586,None,None,Friday,3,2012,2.7108453316644576,31196.464285714286
2012-03-10,39559.0,109215.23928833008,None,None,Saturday,3,2012,2.7608190118134956,31117.964285714286
2012-03-11,40612.0,113910.16159057617,None,None,Sunday,3,2012,2.804839987948788,31071.821428571428
2012-03-12,32501.0,88421.62741088867,None,None,Monday,3,2012,2.7205817485889257,31101.321428571428
2012-03-13,29100.0,78558.51182556152,None,None,Tuesday,3,2012,2.6996052173732483,31244.178571428572
2012-03-14,27841.0,73789.75439453125,None,None,Wednesday,3,2012,2.65039885041957,31278.571428571428
2012-03-15,30752.0,83087.65634155273,None,None,Thursday,3,2012,2.7018618737497637,31477.035714285714
2012-03-16,30951.0,83008.2084197998,None,None,Friday,3,2012,2.6819233116797454,31596.571428571428
2012-03-17,37904.0,103307.79483032227,StPatricksDay,Cultural,Saturday,3,2012,2.72551168294434,31642.35714285714
2012-03-18,37694.0,104626.30252075195,None,None,Sunday,3,2012,2.7756752406417986,31690.785714285714
2012-03-19,29187.0,79792.93832397461,None,None,Monday,3,2012,2.73385199999913,31653.964285714286
2012-03-20,25533.0,69071.80828857422,None,None,Tuesday,3,2012,2.705197520407873,31666.214285714286
2012-03-21,26227.0,70419.73097229004,None,None,Wednesday,3,2012,2.685008997303925,31741.64285714286
2012-03-22,26015.0,69984.48109436035,None,None,Thursday,3,2012,2.690158796631188,31770.35714285714
2012-03-23,29055.0,76921.39379882812,None,None,Friday,3,2012,2.6474408466297756,31812.678571428572
2012-03-24,37089.0,100736.8073425293,None,None,Saturday,3,2012,2.7160831336118334,31859.821428571428
2012-03-25,37843.0,104991.69869995117,None,None,Sunday,3,2012,2.774402100783531,31915.60714285714
2012-03-26,27182.0,76432.46670532227,None,None,Monday,3,2012,2.8118779598750008,31912.464285714286
2012-03-27,24649.0,65900.11047363281,None,None,Tuesday,3,2012,2.673540933653812,31922.821428571428
2012-03-28,24783.0,67751.05978393555,None,None,Wednesday,3,2012,2.7337715282223924,31922.14285714286
2012-03-29,23879.0,64714.60481262207,None,None,Thursday,3,2012,2.7101053148214778,31695.25
2012-03-30,30732.0,84012.63641357422,None,None,Friday,3,2012,2.7337184828053567,31630.571428571428
2012-03-31,38463.0,104193.33862304688,None,None,Saturday,3,2012,2.7089238650923453,31528.571428571428
2012-04-01,39783.0,110158.28979492188,None,None,Sunday,4,2012,2.7689789557077615,31509.214285714286
2012-04-02,31359.0,83687.8978729248,None,None,Monday,4,2012,2.6687042913653114,31461.214285714286
2012-04-03,33033.0,87431.5739440918,None,None,Tuesday,4,2012,2.6467948398296186,31514.821428571428
2012-04-04,28318.0,75637.49758911133,None,None,Wednesday,4,2012,2.6710042230775946,31504.464285714286
2012-04-05,31368.0,82358.97532653809,None,None,Thursday,4,2012,2.625573046625162,31561.928571428572
2012-04-06,37545.0,98890.97268676758,None,None,Friday,4,2012,2.633931886716409,31748.464285714286
2012-04-07,45638.0,118112.85427856445,None,None,Saturday,4,2012,2.588037474879803,31965.571428571428
2012-04-08,36210.0,95592.65707397461,Easter,Cultural,Sunday,4,2012,2.639951866168865,31808.35714285714
2012-04-09,31993.0,86002.6636352539,None,None,Monday,4,2012,2.6881712760683247,31790.214285714286
2012-04-10,28800.0,77272.63050842285,None,None,Tuesday,4,2012,2.6830774482091266,31779.5
2012-04-11,29575.0,79644.92301940918,None,None,Wednesday,4,2012,2.692981336243759,31841.428571428572
2012-04-12,28568.0,77016.38555908203,None,None,Thursday,4,2012,2.695897002208136,31763.428571428572
2012-04-13,31938.0,86993.30996704102,None,None,Friday,4,2012,2.723818334493112,31798.678571428572
2012-04-14,38546.0,104473.08541870117,Pesach End,Religious,Saturday,4,2012,2.710348296028153,31821.60714285714
2012-04-15,38707.0,107872.44778442383,OrthodoxEaster,Religious,Sunday,4,2012,2.786897661519204,31857.785714285714
2012-04-16,27672.0,76049.58502197266,None,None,Monday,4,2012,2.7482503983077717,31803.678571428572
2012-04-17,26067.0,72244.48728942871,None,None,Tuesday,4,2012,2.7714922042977217,31822.75
2012-04-18,24699.0,68799.11981201172,None,None,Wednesday,4,2012,2.785502239443367,31768.178571428572
2012-04-19,24824.0,67157.58299255371,None,None,Thursday,4,2012,2.705348976496685,31725.64285714286
2012-04-20,28143.0,75989.7297668457,None,None,Friday,4,2012,2.7001289758322033,31693.071428571428
2012-04-21,36708.0,99111.9144897461,None,None,Saturday,4,2012,2.700008567335352,31679.464285714286
2012-04-22,36764.0,101538.44381713867,None,None,Sunday,4,2012,2.7618987002812174,31640.928571428572
2012-04-23,26670.0,73082.5729675293,None,None,Monday,4,2012,2.7402539545380313,31622.64285714286
2012-04-24,24848.0,67199.05087280273,None,None,Tuesday,4,2012,2.704404816194572,31629.75
2012-04-25,24448.0,65393.76042175293,None,None,Wednesday,4,2012,2.6748102266751035,31617.785714285714
2012-04-26,24530.0,66533.53639221191,None,None,Thursday,4,2012,2.712333322144799,31641.035714285714
2012-04-27,28977.0,78540.97360229492,None,None,Friday,4,2012,2.7104591090276746,31578.35714285714
2012-04-28,35647.0,96018.36975097656,None,None,Saturday,4,2012,2.6935890748443505,31477.785714285714
2012-04-29,36124.0,100173.12579345703,None,None,Sunday,4,2012,2.773035261694636,31347.10714285714
2012-04-30,27356.0,74361.2954711914,None,None,Monday,4,2012,2.7182810159084445,31204.14285714286
2012-05-01,30290.0,82261.10374450684,None,None,Tuesday,5,2012,2.715784210779361,31106.178571428572
2012-05-02,29239.0,77669.69607543945,None,None,Wednesday,5,2012,2.6563732027579414,31139.071428571428
2012-05-03,32959.0,86346.07067871094,None,None,Thursday,5,2012,2.619802502463999,31195.89285714286
2012-05-04,32932.0,87119.44741821289,None,None,Friday,5,2012,2.6454344533649,31031.14285714286
2012-05-05,39201.0,105577.96176147461,Cinco De Mayo,Cultural,Saturday,5,2012,2.6932466457864495,30801.25
2012-05-06,41529.0,113097.07815551758,None,None,Sunday,5,2012,2.723327750620472,30991.214285714286
2012-05-07,33477.0,90257.38696289062,None,None,Monday,5,2012,2.6961014118018527,31044.214285714286
2012-05-08,30433.0,81210.44171142578,None,None,Tuesday,5,2012,2.6684993826249723,31102.535714285714
2012-05-09,30204.0,81897.87902832031,None,None,Wednesday,5,2012,2.711491161048878,31125.0
2012-05-10,28164.0,76308.96878051758,None,None,Thursday,5,2012,2.709450673928333,31110.571428571428
2012-05-11,32814.0,87982.04315185547,None,None,Friday,5,2012,2.6812349348404787,31141.85714285714
2012-05-12,40872.0,109592.5033569336,None,None,Saturday,5,2012,2.681358958625308,31224.928571428572
2012-05-13,33769.0,90951.63537597656,Mother's day,Cultural,Sunday,5,2012,2.693347015783013,31048.571428571428
2012-05-14,31583.0,83893.2467956543,None,None,Monday,5,2012,2.6562785927763133,31188.25
2012-05-15,31758.0,85174.77270507812,None,None,Tuesday,5,2012,2.6819942283858595,31391.5
2012-05-16,28677.0,78477.36911010742,None,None,Wednesday,5,2012,2.736596195909873,31533.571428571428
2012-05-17,27323.0,73753.71673583984,None,None,Thursday,5,2012,2.6993271871990574,31622.821428571428
2012-05-18,32311.0,85733.18307495117,None,None,Friday,5,2012,2.6533744877890246,31771.678571428572
2012-05-19,37929.0,101661.09594726562,None,None,Saturday,5,2012,2.680299927424019,31815.285714285714
2012-05-20,39514.0,107634.08038330078,None,None,Sunday,5,2012,2.723947977509257,31913.5
2012-05-21,28805.0,79219.13143920898,None,None,Monday,5,2012,2.7501868230935247,31989.75
2012-05-22,27502.0,74641.32846069336,None,None,Tuesday,5,2012,2.7140327416440027,32084.535714285714
2012-05-23,26623.0,71096.19108581543,None,None,Wednesday,5,2012,2.6704800768439103,32162.214285714286
2012-05-24,27963.0,73501.63876342773,None,None,Thursday,5,2012,2.6285319444776216,32284.821428571428
2012-05-25,32797.0,88751.34606933594,None,None,Friday,5,2012,2.7060812290555822,32421.25
2012-05-26,37239.0,99985.58609008789,None,None,Saturday,5,2012,2.684969684741478,32478.10714285714
2012-05-27,33853.0,91485.96371459961,None,None,Sunday,5,2012,2.7024477509999,32397.0
2012-05-28,33407.0,89538.84156799316,MemorialDay,National,Monday,5,2012,2.6802419124133614,32613.10714285714
2012-05-29,28620.0,74804.28512573242,None,None,Tuesday,5,2012,2.6137066780479534,32553.464285714286
2012-05-30,27150.0,72708.38763427734,None,None,Wednesday,5,2012,2.678025327229368,32478.85714285714
2012-05-31,28809.0,76121.37208557129,None,None,Thursday,5,2012,2.642277485701388,32330.64285714286
2012-06-01,39529.0,103884.19705200195,None,None,Friday,6,2012,2.628050217612435,32566.25
2012-06-02,44943.0,117199.53155517578,None,None,Saturday,6,2012,2.6077371683059827,32771.32142857143
2012-06-03,43910.0,118554.30136108398,None,None,Sunday,6,2012,2.699938541586973,32856.357142857145
2012-06-04,33294.0,90174.87031555176,None,None,Monday,6,2012,2.708442071110463,32849.82142857143
2012-06-05,34006.0,89825.4340209961,None,None,Tuesday,6,2012,2.641458390313359,32977.42857142857
2012-06-06,33587.0,88603.72058105469,None,None,Wednesday,6,2012,2.6380361622370168,33098.25
2012-06-07,32535.0,88467.14566040039,None,None,Thursday,6,2012,2.7191377181619916,33254.357142857145
2012-06-08,36901.0,97187.39016723633,None,None,Friday,6,2012,2.633733236693757,33400.32142857143
2012-06-09,43309.0,115770.30630493164,None,None,Saturday,6,2012,2.673123514856765,33487.357142857145
2012-06-10,44944.0,114253.2943725586,None,None,Sunday,6,2012,2.5421256312869036,33886.46428571428
2012-06-11,39636.0,100382.17376708984,None,None,Monday,6,2012,2.5326010133991788,34174.07142857143
2012-06-12,35074.0,90032.67636108398,NBAFinalsStart,Sporting,Tuesday,6,2012,2.566934947855505,34292.5
2012-06-13,32930.0,85078.42364501953,None,None,Wednesday,6,2012,2.583614444124492,34444.392857142855
2012-06-14,33782.0,87594.39584350586,None,None,Thursday,6,2012,2.5929310237258263,34675.07142857143
2012-06-15,41798.0,105801.12509155273,None,None,Friday,6,2012,2.5312485069035056,35013.892857142855
2012-06-16,44438.0,113567.26065063477,None,None,Saturday,6,2012,2.5556339315593584,35246.357142857145
2012-06-17,39039.0,99806.94174194336,Father's day,Cultural,Sunday,6,2012,2.556595756600921,35229.392857142855
2012-06-18,34100.0,89312.25901794434,None,None,Monday,6,2012,2.6191278304382504,35418.5
2012-06-19,31967.0,82752.2280883789,None,None,Tuesday,6,2012,2.5886767006093443,35577.96428571428
2012-06-20,31468.0,81538.56433105469,None,None,Wednesday,6,2012,2.5911581394132033,35751.0
2012-06-21,30764.0,80841.80657958984,NBAFinalsEnd,Sporting,Thursday,6,2012,2.6278054407615996,35851.03571428572
2012-06-22,36477.0,93112.54513549805,None,None,Friday,6,2012,2.5526371449268868,35982.46428571428
2012-06-23,40010.0,103673.77673339844,None,None,Saturday,6,2012,2.591196619180166,36081.42857142857
2012-06-24,40509.0,106088.6901550293,None,None,Sunday,6,2012,2.6188918550205953,36319.142857142855
2012-06-25,31847.0,84240.75546264648,None,None,Monday,6,2012,2.6451708312445907,36263.42857142857
2012-06-26,29371.0,75885.22518920898,None,None,Tuesday,6,2012,2.583678635021245,36290.25
2012-06-27,28885.0,74533.05145263672,None,None,Wednesday,6,2012,2.5803375957291577,36352.21428571428
2012-06-28,29585.0,76365.09101867676,None,None,Thursday,6,2012,2.58120976909504,36379.92857142857
2012-06-29,36377.0,96315.04187011719,None,None,Friday,6,2012,2.6476906251234897,36267.357142857145
2012-06-30,40594.0,106491.27584838867,None,None,Saturday,6,2012,2.6233255123513,36112.03571428572
2012-07-01,40699.0,110601.55569458008,None,None,Sunday,7,2012,2.717549711161947,35997.357142857145
2012-07-02,35863.0,95191.38204956055,None,None,Monday,7,2012,2.654306166510346,36089.107142857145
2012-07-03,39542.0,103605.82873535156,None,None,Tuesday,7,2012,2.620146394601982,36286.82142857143
2012-07-04,32656.0,85361.5945892334,IndependenceDay,National,Wednesday,7,2012,2.6139635775732915,36253.57142857143
2012-07-05,34408.0,91883.65548706055,None,None,Thursday,7,2012,2.67041546986342,36320.46428571428
2012-07-06,39991.0,104885.9033203125,None,None,Friday,7,2012,2.6227376989900852,36430.82142857143
2012-07-07,41431.0,110784.38522338867,None,None,Saturday,7,2012,2.673949101479295,36363.75
2012-07-08,42672.0,114740.05096435547,None,None,Sunday,7,2012,2.6888838339978314,36282.607142857145
2012-07-09,35770.0,96432.22836303711,None,None,Monday,7,2012,2.6958967951645825,36144.53571428572
2012-07-10,32587.0,86624.95379638672,None,None,Tuesday,7,2012,2.6582672168774883,36055.71428571428
2012-07-11,33072.0,88100.47427368164,None,None,Wednesday,7,2012,2.663899197922159,36060.78571428572
2012-07-12,33077.0,88355.2388458252,None,None,Thursday,7,2012,2.67119868324894,36035.607142857145
2012-07-13,36582.0,97437.83847045898,None,None,Friday,7,2012,2.6635459644212722,35849.32142857143
2012-07-14,42348.0,114338.14193725586,None,None,Saturday,7,2012,2.6999655695016496,35774.67857142857
2012-07-15,43689.0,118653.46755981445,None,None,Sunday,7,2012,2.7158659516082873,35940.75
2012-07-16,33020.0,88039.33723449707,None,None,Monday,7,2012,2.6662427993487907,35902.17857142857
2012-07-17,30418.0,81173.7854309082,None,None,Tuesday,7,2012,2.668610212075357,35846.857142857145
2012-07-18,28916.0,76488.41516113281,None,None,Wednesday,7,2012,2.645193497065044,35755.71428571428
2012-07-19,30864.0,81497.48522949219,None,None,Thursday,7,2012,2.6405354208622405,35759.28571428572
2012-07-20,35402.0,93834.95373535156,Ramadan starts,Religious,Friday,7,2012,2.650555158899259,35720.892857142855
2012-07-21,39544.0,104497.53936767578,None,None,Saturday,7,2012,2.6425637104914976,35704.25
2012-07-22,39952.0,107416.62692260742,None,None,Sunday,7,2012,2.6886420435174063,35684.357142857145
2012-07-23,30864.0,82424.0950012207,None,None,Monday,7,2012,2.6705577696092764,35649.25
2012-07-24,29479.0,79602.3136138916,None,None,Tuesday,7,2012,2.700305763896048,35653.107142857145
2012-07-25,28354.0,75508.15020751953,None,None,Wednesday,7,2012,2.663051075951172,35634.142857142855
2012-07-26,28538.0,76518.08045959473,None,None,Thursday,7,2012,2.6812699018710044,35596.75
2012-07-27,31840.0,85187.55648803711,None,None,Friday,7,2012,2.675488583166995,35434.71428571428
2012-07-28,34588.0,94624.03942871094,None,None,Saturday,7,2012,2.735747641630361,35220.21428571428
2012-07-29,36147.0,97311.09884643555,None,None,Sunday,7,2012,2.692093364495962,35057.642857142855
2012-07-30,28933.0,77603.41970825195,None,None,Monday,7,2012,2.6821767431048267,34810.142857142855
2012-07-31,29531.0,78852.27934265137,None,None,Tuesday,7,2012,2.6701526986099817,34452.607142857145
2012-08-01,33970.0,90551.22412109375,None,None,Wednesday,8,2012,2.665623318254158,34499.53571428572
2012-08-02,35260.0,93333.66836547852,None,None,Thursday,8,2012,2.6470127159806727,34529.96428571428
2012-08-03,39511.0,105386.13555908203,None,None,Friday,8,2012,2.6672606504285397,34512.82142857143
2012-08-04,41276.0,110825.02056884766,None,None,Saturday,8,2012,2.684974817541614,34507.28571428572
2012-08-05,43009.0,117535.00332641602,None,None,Sunday,8,2012,2.732800188946872,34519.32142857143
2012-08-06,37024.0,98126.41525268555,None,None,Monday,8,2012,2.6503461336615586,34564.107142857145
2012-08-07,32394.0,87176.50402832031,None,None,Tuesday,8,2012,2.6911311980095176,34557.21428571428
2012-08-08,32301.0,86191.27537536621,None,None,Wednesday,8,2012,2.6683779256173557,34529.67857142857
2012-08-09,35008.0,91788.99578857422,None,None,Thursday,8,2012,2.6219434354597295,34598.642857142855
2012-08-10,36465.0,97196.1813659668,None,None,Friday,8,2012,2.665465003865811,34594.46428571428
2012-08-11,44081.0,115662.03503417969,None,None,Saturday,8,2012,2.623852340785819,34656.357142857145
2012-08-12,45798.0,119862.2144165039,None,None,Sunday,8,2012,2.6171932053038103,34731.67857142857
2012-08-13,36030.0,94641.4423828125,None,None,Monday,8,2012,2.6267400050738967,34839.17857142857
2012-08-14,34312.0,89308.3212890625,None,None,Tuesday,8,2012,2.602830534188112,34978.25
2012-08-15,35497.0,93423.08193969727,None,None,Wednesday,8,2012,2.631858521556674,35213.28571428572
2012-08-16,34405.0,90856.64001464844,None,None,Thursday,8,2012,2.6407975589201698,35339.75
2012-08-17,35457.0,95073.33856201172,None,None,Friday,8,2012,2.681370069718581,35341.71428571428
2012-08-18,41521.0,111628.16961669922,None,None,Saturday,8,2012,2.6884749793285136,35412.32142857143
2012-08-19,43364.0,118594.63916015625,Eid al-Fitr,Religious,Sunday,8,2012,2.734863923073431,35534.17857142857
2012-08-20,32410.0,88413.65219116211,None,None,Monday,8,2012,2.7279744582277727,35589.392857142855
2012-08-21,30206.0,80997.46197509766,None,None,Tuesday,8,2012,2.6815024159139793,35615.357142857145
2012-08-22,28922.0,79407.96780395508,None,None,Wednesday,8,2012,2.7455904779736904,35635.642857142855
2012-08-23,28552.0,76787.9328918457,None,None,Thursday,8,2012,2.6894064475989667,35636.142857142855
2012-08-24,33044.0,89759.21017456055,None,None,Friday,8,2012,2.716354260215487,35679.142857142855
2012-08-25,39964.0,108550.89947509766,None,None,Saturday,8,2012,2.7162170822514677,35871.142857142855
2012-08-26,41021.0,114361.70483398438,None,None,Sunday,8,2012,2.7878819344722063,36045.21428571428
2012-08-27,31010.0,85702.65121459961,None,None,Monday,8,2012,2.7637101326862177,36119.392857142855
2012-08-28,28472.0,78172.79692077637,None,None,Tuesday,8,2012,2.7456025892377203,36081.57142857143
2012-08-29,27101.0,73989.50787353516,None,None,Wednesday,8,2012,2.730139399783593,35836.25
2012-08-30,28303.0,76577.93298339844,None,None,Thursday,8,2012,2.7056472099564863,35587.78571428572
2012-08-31,37092.0,103325.32568359375,None,None,Friday,8,2012,2.785649889021723,35501.392857142855
2012-09-01,44630.0,122365.33828735352,None,None,Saturday,9,2012,2.741773208320715,35621.17857142857
2012-09-02,42819.0,114179.4670715332,None,None,Sunday,9,2012,2.6665608041181064,35614.392857142855
2012-09-03,44525.0,119463.62893676758,LaborDay,National,Monday,9,2012,2.6830685892592383,35882.28571428572
2012-09-04,31879.0,86036.06228637695,None,None,Tuesday,9,2012,2.698831904588505,35863.892857142855
2012-09-05,31854.0,86208.33982849121,None,None,Wednesday,9,2012,2.7063583797479502,35847.92857142857
2012-09-06,32575.0,87525.51570129395,None,None,Thursday,9,2012,2.6868922701855396,35761.03571428572
2012-09-07,34775.0,93043.44448852539,None,None,Friday,9,2012,2.675584313113599,35700.67857142857
2012-09-08,43218.0,119960.34927368164,None,None,Saturday,9,2012,2.7757033938100246,35669.857142857145
2012-09-09,46649.0,128512.72219848633,None,None,Sunday,9,2012,2.754886968605679,35700.25
2012-09-10,32972.0,90161.71328735352,None,None,Monday,9,2012,2.734493306058277,35591.03571428572
2012-09-11,32370.0,87078.55154418945,None,None,Tuesday,9,2012,2.6901004493107648,35521.67857142857
2012-09-12,31018.0,84477.36529541016,None,None,Wednesday,9,2012,2.7234949157073363,35361.71428571428
2012-09-13,30142.0,83187.07388305664,None,None,Thursday,9,2012,2.759839223776015,35209.46428571428
2012-09-14,36359.0,98863.01614379883,None,None,Friday,9,2012,2.71907962660686,35241.67857142857
2012-09-15,45959.0,124101.58413696289,None,None,Saturday,9,2012,2.7002672846877194,35400.17857142857
2012-09-16,44286.0,120612.98532104492,None,None,Sunday,9,2012,2.7235014524013215,35433.107142857145
2012-09-17,31860.0,87615.89651489258,None,None,Monday,9,2012,2.7500281391993906,35413.46428571428
2012-09-18,29276.0,80482.30006408691,None,None,Tuesday,9,2012,2.7490879923516505,35380.25
2012-09-19,27065.0,73782.51731872559,None,None,Wednesday,9,2012,2.7261229380648655,35313.92857142857
2012-09-20,28557.0,77862.84051513672,None,None,Thursday,9,2012,2.726576339081021,35314.107142857145
2012-09-21,33634.0,91878.4751586914,None,None,Friday,9,2012,2.7317141927422073,35335.17857142857
2012-09-22,41889.0,113185.27471923828,None,None,Saturday,9,2012,2.7020285688185033,35403.92857142857
2012-09-23,41362.0,114043.51327514648,None,None,Sunday,9,2012,2.7572050015750325,35416.107142857145
2012-09-24,29176.0,81186.17155456543,None,None,Monday,9,2012,2.782635438530485,35350.607142857145
2012-09-25,27979.0,76663.6714630127,None,None,Tuesday,9,2012,2.7400432990104253,35333.0
2012-09-26,26932.0,74132.86462402344,None,None,Wednesday,9,2012,2.752594111986612,35326.96428571428
2012-09-27,27231.0,74521.1708984375,None,None,Thursday,9,2012,2.7366299768072233,35288.67857142857
2012-09-28,32656.0,89045.82138061523,None,None,Friday,9,2012,2.7267828693231024,35130.25
2012-09-29,40981.0,113487.19692993164,None,None,Saturday,9,2012,2.7692637302635768,34999.92857142857
2012-09-30,39736.0,112220.11056518555,None,None,Sunday,9,2012,2.8241421020028574,34889.82142857143
2012-10-01,34841.0,94737.1780090332,None,None,Monday,10,2012,2.7191291297331652,34543.96428571428
2012-10-02,33830.0,89333.9486694336,None,None,Tuesday,10,2012,2.6406724407163344,34613.642857142855
2012-10-03,34220.0,92978.4486694336,None,None,Wednesday,10,2012,2.717079154571408,34698.142857142855
2012-10-04,30075.0,82199.84175109863,None,None,Thursday,10,2012,2.7331618204854076,34608.857142857145
2012-10-05,34588.0,93219.33871459961,None,None,Friday,10,2012,2.695135269879716,34602.17857142857
2012-10-06,44040.0,118864.65188598633,None,None,Saturday,10,2012,2.699015710399326,34631.53571428572
2012-10-07,41872.0,115762.31118774414,None,None,Sunday,10,2012,2.764671168985101,34460.92857142857
2012-10-08,33790.0,92334.79299926758,ColumbusDay,National,Monday,10,2012,2.732607073076874,34490.142857142855
2012-10-09,32295.0,85771.00505065918,None,None,Tuesday,10,2012,2.6558601966452757,34487.46428571428
2012-10-10,29969.0,80176.10038757324,None,None,Wednesday,10,2012,2.6753011574484713,34450.0
2012-10-11,29998.0,81019.10443115234,None,None,Thursday,10,2012,2.700816868829667,34444.857142857145
2012-10-12,35052.0,94706.79963684082,None,None,Friday,10,2012,2.7018943180657544,34398.17857142857
2012-10-13,42226.0,114498.67544555664,None,None,Saturday,10,2012,2.7115681202471613,34264.857142857145
2012-10-14,42237.0,116631.9709777832,None,None,Sunday,10,2012,2.761369675350598,34191.67857142857
2012-10-15,33684.0,93162.65454101562,None,None,Monday,10,2012,2.7657835928338566,34256.82142857143
2012-10-16,27869.0,74792.38146972656,None,None,Tuesday,10,2012,2.683712421318546,34206.57142857143
2012-10-17,27103.0,72794.61315917969,None,None,Wednesday,10,2012,2.685850760402158,34207.92857142857
2012-10-18,26169.0,71705.34278869629,None,None,Thursday,10,2012,2.7400872325536434,34122.642857142855
2012-10-19,29711.0,81988.37090301514,None,None,Friday,10,2012,2.7595291610183144,33982.53571428572
2012-10-20,36689.0,102880.71034240723,None,None,Saturday,10,2012,2.8041295849548153,33796.82142857143
2012-10-21,36987.0,103106.00277709961,None,None,Sunday,10,2012,2.787628160626696,33640.57142857143
2012-10-22,26712.0,73397.25419616699,None,None,Monday,10,2012,2.7477258983291026,33552.57142857143
2012-10-23,25419.0,69097.30668640137,None,None,Tuesday,10,2012,2.7183330062709534,33461.142857142855
2012-10-24,24390.0,66150.15229797363,None,None,Wednesday,10,2012,2.7121833660505796,33370.357142857145
2012-10-25,24312.0,65792.64236450195,None,None,Thursday,10,2012,2.7061797616198566,33266.107142857145
2012-10-26,31863.0,87683.32585144043,EidAlAdha,Religious,Friday,10,2012,2.751885442407822,33237.78571428572
2012-10-27,38547.0,107194.72019958496,None,None,Saturday,10,2012,2.7808836018259515,33150.857142857145
2012-10-28,37184.0,102601.92546081543,None,None,Sunday,10,2012,2.759303072848952,33059.71428571428
2012-10-29,27581.0,77518.52247619629,None,None,Monday,10,2012,2.8105769361588155,32800.42857142857
2012-10-30,28080.0,77460.60124206543,None,None,Tuesday,10,2012,2.7585684203014753,32595.071428571428
2012-10-31,24975.0,69301.7527923584,Halloween,Cultural,Wednesday,10,2012,2.7748449566509867,32264.89285714286
2012-11-01,31051.0,83904.98483276367,None,None,Thursday,11,2012,2.702166913553949,32299.75
2012-11-02,35514.0,96565.75396728516,None,None,Friday,11,2012,2.7190897664944855,32332.821428571428
2012-11-03,45079.0,123449.85037231445,None,None,Saturday,11,2012,2.738522380095265,32369.928571428572
2012-11-04,42545.0,119043.60235595703,None,None,Sunday,11,2012,2.7980632825468805,32393.964285714286
2012-11-05,33057.0,91324.34605407715,None,None,Monday,11,2012,2.7626326059254365,32367.785714285714
2012-11-06,30514.0,83593.02062988281,None,None,Tuesday,11,2012,2.7394973005794983,32304.178571428572
2012-11-07,29683.0,81200.75317382812,None,None,Wednesday,11,2012,2.735597923856353,32293.964285714286
2012-11-08,30757.0,85112.61352539062,None,None,Thursday,11,2012,2.76725992539554,32321.071428571428
2012-11-09,35722.0,98627.01675415039,None,None,Friday,11,2012,2.7609601017342364,32345.0
2012-11-10,42884.0,118099.04147338867,None,None,Saturday,11,2012,2.753918512111479,32368.5
2012-11-11,43517.0,119772.89706420898,VeteransDay,National,Sunday,11,2012,2.7523243115152467,32414.214285714286
2012-11-12,33213.0,91036.89566040039,None,None,Monday,11,2012,2.74100188662272,32397.39285714286
2012-11-13,28308.0,77230.98435974121,None,None,Tuesday,11,2012,2.728238814460266,32413.071428571428
2012-11-14,27835.0,76598.35314941406,None,None,Wednesday,11,2012,2.7518718573527594,32439.214285714286
2012-11-15,29713.0,82419.51174926758,None,None,Thursday,11,2012,2.7738535909961155,32565.785714285714
2012-11-16,31616.0,88963.54876708984,None,None,Friday,11,2012,2.813877428108864,32633.821428571428
2012-11-17,40441.0,113252.46420288086,None,None,Saturday,11,2012,2.8004367894681352,32767.821428571428
2012-11-18,37576.0,106357.13272094727,None,None,Sunday,11,2012,2.8304538194844384,32788.857142857145
2012-11-19,29330.0,81567.84173583984,None,None,Monday,11,2012,2.7810379043927664,32882.357142857145
2012-11-20,30274.0,82887.56140136719,None,None,Tuesday,11,2012,2.7379124463687385,33055.75
2012-11-21,35208.0,94605.4962310791,None,None,Wednesday,11,2012,2.687045450780479,33442.107142857145
2012-11-22,21909.0,57325.32321166992,Thanksgiving,National,Thursday,11,2012,2.616519385260392,33356.28571428572
2012-11-23,23423.0,65857.01275634766,None,None,Friday,11,2012,2.8116386780663305,33054.857142857145
2012-11-24,30016.0,85698.05500793457,None,None,Saturday,11,2012,2.8550791247312954,32750.178571428572
2012-11-25,32732.0,93254.7935180664,None,None,Sunday,11,2012,2.8490404960914826,32591.178571428572
2012-11-26,26476.0,76118.01014709473,None,None,Monday,11,2012,2.8749814982283852,32551.714285714286
2012-11-27,24489.0,69416.38917541504,None,None,Tuesday,11,2012,2.8345946823232895,32423.464285714286
2012-11-28,23545.0,66304.89436340332,None,None,Wednesday,11,2012,2.816092349263254,32372.39285714286
2012-11-29,23868.0,66571.09379577637,None,None,Thursday,11,2012,2.789135821844158,32115.85714285714
2012-11-30,30389.0,85718.57229614258,None,None,Friday,11,2012,2.8207105299990975,31932.821428571428
2012-12-01,42496.0,118077.00296020508,None,None,Saturday,12,2012,2.7785439326102477,31840.571428571428
2012-12-02,40940.0,114850.14547729492,None,None,Sunday,12,2012,2.805328419083901,31783.25
2012-12-03,35337.0,98228.15200805664,None,None,Monday,12,2012,2.7797535729704457,31864.678571428572
2012-12-04,28819.0,80885.02210998535,None,None,Tuesday,12,2012,2.806656098753786,31804.14285714286
2012-12-05,31184.0,85238.26075744629,None,None,Wednesday,12,2012,2.7333972792921464,31857.75
2012-12-06,31124.0,86786.39280700684,None,None,Thursday,12,2012,2.7884074285762384,31870.85714285714
2012-12-07,33594.0,92924.70547485352,None,None,Friday,12,2012,2.7661101826175365,31794.85714285714
2012-12-08,41573.0,115423.96688842773,None,None,Saturday,12,2012,2.7764165898161726,31748.035714285714
2012-12-09,42526.0,120409.77499389648,None,None,Sunday,12,2012,2.831439001878768,31712.64285714286
2012-12-10,31089.0,86990.56796264648,None,None,Monday,12,2012,2.7981140584337383,31636.785714285714
2012-12-11,30298.0,85960.03610229492,None,None,Tuesday,12,2012,2.8371521586340656,31707.85714285714
2012-12-12,30016.0,83252.77626037598,None,None,Wednesday,12,2012,2.7736132815956815,31785.75
2012-12-13,28671.0,80903.48617553711,None,None,Thursday,12,2012,2.821788084668728,31748.535714285714
2012-12-14,32902.0,93185.8401184082,None,None,Friday,12,2012,2.832224184499672,31794.464285714286
2012-12-15,42390.0,117700.7642364502,None,None,Saturday,12,2012,2.776616283001892,31864.071428571428
2012-12-16,40053.0,113064.93955993652,Chanukah End,Religious,Sunday,12,2012,2.8228831687997533,31952.535714285714
2012-12-17,31025.0,87663.08953857422,None,None,Monday,12,2012,2.8255629182457445,32013.071428571428
2012-12-18,30254.0,84829.41421508789,None,None,Tuesday,12,2012,2.803907391256954,32012.35714285714
2012-12-19,31782.0,86869.07473754883,None,None,Wednesday,12,2012,2.7332790490701915,31890.0
2012-12-20,30872.0,86796.90234375,None,None,Thursday,12,2012,2.811508886490995,32210.10714285714
2012-12-21,32848.0,91354.63288879395,None,None,Friday,12,2012,2.781132272552178,32546.714285714286
2012-12-22,40015.0,111457.44650268555,None,None,Saturday,12,2012,2.7853916407018753,32903.82142857143
2012-12-23,38987.0,104602.36471557617,None,None,Sunday,12,2012,2.6830062512010713,33127.21428571428
2012-12-24,32623.0,84275.22366333008,None,None,Monday,12,2012,2.5833069816794922,33346.75
2012-12-25,11.0,24.730000495910645,Christmas,National,Tuesday,12,2012,2.248181863264604,32472.535714285714
2012-12-26,29701.0,83689.67565917969,None,None,Wednesday,12,2012,2.8177393239008683,32692.39285714286
2012-12-27,29086.0,81133.68542480469,None,None,Thursday,12,2012,2.789441154672512,32878.75
2012-12-28,32347.0,90477.89358520508,None,None,Friday,12,2012,2.79710308792794,32948.67857142857
2012-12-29,37154.0,103346.55612182617,None,None,Saturday,12,2012,2.781572808360504,32757.89285714286
2012-12-30,35699.0,96194.05499267578,None,None,Sunday,12,2012,2.694586822955147,32570.714285714286
2012-12-31,35036.0,93035.38549804688,None,None,Monday,12,2012,2.6554225795766317,32559.964285714286
2013-01-01,24087.0,65700.33694458008,NewYear,National,Tuesday,1,2013,2.7276263936804117,32390.964285714286
2013-01-02,32184.0,87961.05828857422,None,None,Wednesday,1,2013,2.733067930915182,32426.678571428572
2013-01-03,36241.0,96227.17367553711,None,None,Thursday,1,2013,2.6552019446355537,32609.428571428572
2013-01-04,33742.0,90897.35678100586,None,None,Friday,1,2013,2.693893568283026,32614.714285714286
2013-01-05,43287.0,116164.41668701172,None,None,Saturday,1,2013,2.683586681613688,32675.928571428572
2013-01-06,43994.0,120076.05895996094,None,None,Sunday,1,2013,2.7293735272982893,32728.35714285714
2013-01-07,33517.0,91454.51977539062,OrthodoxChristmas,Religious,Monday,1,2013,2.7286010017421196,32815.07142857143
2013-01-08,31220.0,85216.67611694336,None,None,Tuesday,1,2013,2.7295540075894733,32848.0
2013-01-09,29532.0,82188.29695129395,None,None,Wednesday,1,2013,2.7830250897769857,32830.71428571428
2013-01-10,29793.0,82292.08410644531,None,None,Thursday,1,2013,2.762128154480761,32870.78571428572
2013-01-11,34476.0,97568.48098754883,None,None,Friday,1,2013,2.8300406366036905,32927.0
2013-01-12,45878.0,126446.30435180664,None,None,Saturday,1,2013,2.7561424724662507,33051.57142857143
2013-01-13,40207.0,114003.71057128906,None,None,Sunday,1,2013,2.8354194685325704,33057.07142857143
2013-01-14,30614.0,86170.06118774414,None,None,Monday,1,2013,2.8147272877684766,33042.392857142855
2013-01-15,30901.0,87034.5217590332,None,None,Tuesday,1,2013,2.816560038802408,33065.5
2013-01-16,28802.0,80448.22540283203,None,None,Wednesday,1,2013,2.7931471912656076,32959.07142857143
2013-01-17,28370.0,81080.65835571289,None,None,Thursday,1,2013,2.8579717432397915,32869.71428571428
2013-01-18,32812.0,93370.16069030762,None,None,Friday,1,2013,2.845610163669012,32868.42857142857
2013-01-19,42267.0,120200.50227355957,None,None,Saturday,1,2013,2.8438380361407143,32948.857142857145
2013-01-20,37041.0,104855.47366333008,None,None,Sunday,1,2013,2.8307948938562695,32879.357142857145
2013-01-21,30887.0,87843.41986083984,MartinLutherKingDay,National,Monday,1,2013,2.8440256373503363,32817.357142857145
2013-01-22,25556.0,72773.60177612305,None,None,Tuesday,1,2013,2.8476131544890846,33729.67857142857
2013-01-23,25594.0,71643.54542541504,None,None,Wednesday,1,2013,2.7992320631950864,33583.0
2013-01-24,24967.0,69963.05044555664,None,None,Thursday,1,2013,2.8022209494755734,33435.892857142855
2013-01-25,29852.0,84246.88763427734,None,None,Friday,1,2013,2.8221522053556662,33346.78571428572
2013-01-26,40693.0,113707.63861083984,None,None,Saturday,1,2013,2.7942800631764637,33473.17857142857
2013-01-27,38427.0,108192.70379638672,None,None,Sunday,1,2013,2.815538652415924,33570.607142857145
2013-01-28,27796.0,77048.51567077637,None,None,Monday,1,2013,2.771928179262353,33312.03571428572
2013-01-29,25549.0,69889.3486328125,None,None,Tuesday,1,2013,2.735502314486379,33364.25
2013-01-30,23523.0,64729.79367828369,None,None,Wednesday,1,2013,2.7517660875859242,33054.92857142857
2013-01-31,26751.0,74801.45901489258,None,None,Thursday,1,2013,2.7962116935775327,32716.0
2013-02-01,39076.0,106810.68200683594,None,None,Friday,2,2013,2.7334087932960367,32906.5
2013-02-02,51032.0,139748.92169189453,None,None,Saturday,2,2013,2.7384566878016643,33183.107142857145
2013-02-03,41558.0,116248.92352294922,SuperBowl,Sporting,Sunday,2,2013,2.7972694432588003,33096.107142857145
2013-02-04,28992.0,82050.16104125977,None,None,Monday,2,2013,2.830096614281863,32934.5
2013-02-05,31633.0,90345.29566955566,None,None,Tuesday,2,2013,2.8560457645356325,32949.25
2013-02-06,31937.0,89786.51876831055,None,None,Wednesday,2,2013,2.811363583564848,33035.142857142855
2013-02-07,29699.0,83909.60076904297,None,None,Thursday,2,2013,2.825334212230815,33031.78571428572
2013-02-08,35546.0,100270.65266418457,None,None,Friday,2,2013,2.820870215050486,33070.0
2013-02-09,45852.0,131299.72039794922,None,None,Saturday,2,2013,2.8635549244950975,33069.07142857143
2013-02-10,43910.0,123405.93533325195,None,None,Sunday,2,2013,2.810428953159917,33201.32142857143
2013-02-11,36617.0,99295.89279174805,None,None,Monday,2,2013,2.7117429825422086,33415.71428571428
2013-02-12,36141.0,98609.9139251709,None,None,Tuesday,2,2013,2.728477737892446,33602.857142857145
2013-02-13,38551.0,102841.67565917969,LentStart,Religious,Wednesday,2,2013,2.667678546838725,33951.03571428572
2013-02-14,30209.0,80359.19117736816,ValentinesDay,Cultural,Thursday,2,2013,2.6601076228067186,34016.71428571428
2013-02-15,38260.0,104846.7329711914,None,None,Friday,2,2013,2.7403746202611448,34211.28571428572
2013-02-16,45157.0,123105.20751953125,None,None,Saturday,2,2013,2.726160008847604,34314.5
2013-02-17,44653.0,124863.74114990234,None,None,Sunday,2,2013,2.796312479562456,34586.357142857145
2013-02-18,34638.0,96132.89326477051,PresidentsDay,National,Monday,2,2013,2.7753592373916076,34720.32142857143
2013-02-19,28248.0,77800.82473754883,None,None,Tuesday,2,2013,2.7542064832040793,34816.46428571428
2013-02-20,30201.0,82700.18603515625,LentWeek2,Religious,Wednesday,2,2013,2.738326083081893,34981.0
2013-02-21,31408.0,85687.42158508301,None,None,Thursday,2,2013,2.7282036928515985,35211.03571428572
2013-02-22,32563.0,89526.60466003418,None,None,Friday,2,2013,2.749335278077394,35307.857142857145
2013-02-23,43031.0,117910.61508178711,None,None,Saturday,2,2013,2.740131883567361,35391.357142857145
2013-02-24,44142.0,123219.71588134766,Purim End,Religious,Sunday,2,2013,2.7914393521215093,35595.46428571428
2013-02-25,32020.0,89046.53211975098,None,None,Monday,2,2013,2.7809660249766077,35746.32142857143
2013-02-26,27328.0,76896.99624633789,None,None,Tuesday,2,2013,2.813853785360725,35809.857142857145
2013-02-27,27884.0,76298.62176513672,None,None,Wednesday,2,2013,2.736286822734784,35965.607142857145
2013-02-28,30374.0,84557.1226348877,None,None,Thursday,2,2013,2.7838652345719264,36095.0
2013-03-01,39451.0,109978.35357666016,None,None,Friday,3,2013,2.787720300541435,36108.392857142855
2013-03-02,49772.0,138216.50952148438,None,None,Saturday,3,2013,2.7769932797855095,36063.392857142855
2013-03-03,48247.0,135239.23303222656,None,None,Sunday,3,2013,2.8030599422187197,36302.28571428572
2013-03-04,35817.0,98796.35038757324,None,None,Monday,3,2013,2.7583647538200644,36546.03571428572
2013-03-05,31236.0,86328.19026184082,None,None,Tuesday,3,2013,2.763740244008222,36531.857142857145
2013-03-06,32028.0,87826.49421691895,None,None,Wednesday,3,2013,2.7421785380579164,36535.107142857145
2013-03-07,29770.0,81681.37561035156,None,None,Thursday,3,2013,2.7437479210732807,36537.642857142855
2013-03-08,34292.0,94743.31739807129,None,None,Friday,3,2013,2.762840236733678,36492.857142857145
2013-03-09,44889.0,122499.43202209473,None,None,Saturday,3,2013,2.7289409882620403,36458.46428571428
2013-03-10,44108.0,122138.30487060547,None,None,Sunday,3,2013,2.7690737478599226,36465.53571428572
2013-03-11,36438.0,100482.10359191895,None,None,Monday,3,2013,2.757618518906607,36459.142857142855
2013-03-12,33792.0,93875.91793823242,None,None,Tuesday,3,2013,2.778051548835003,36375.25
2013-03-13,31808.0,88926.6649017334,None,None,Wednesday,3,2013,2.795732674224516,36134.42857142857
2013-03-14,33167.0,89026.45439147949,None,None,Thursday,3,2013,2.684187728509648,36240.07142857143
2013-03-15,37501.0,103556.77597045898,None,None,Friday,3,2013,2.7614403874685736,36212.96428571428
2013-03-16,43652.0,122149.27703857422,None,None,Saturday,3,2013,2.7982515586588064,36159.21428571428
2013-03-17,42570.0,121073.6597290039,StPatricksDay,Cultural,Sunday,3,2013,2.8441075811370427,36084.82142857143
2013-03-18,31365.0,88643.43577575684,None,None,Monday,3,2013,2.826189567216861,35967.92857142857
2013-03-19,29012.0,82325.35931396484,None,None,Tuesday,3,2013,2.8376313013223786,35995.21428571428
2013-03-20,29456.0,81135.8924407959,None,None,Wednesday,3,2013,2.7544776086636302,35968.607142857145
2013-03-21,29642.0,81769.92811584473,None,None,Thursday,3,2013,2.758583365354724,35905.53571428572
2013-03-22,33168.0,92992.24786376953,None,None,Friday,3,2013,2.803673657253061,35927.142857142855
2013-03-23,40620.0,114056.82344055176,None,None,Saturday,3,2013,2.807898164464593,35841.03571428572
2013-03-24,40633.0,117924.61422729492,None,None,Sunday,3,2013,2.902188226990252,35715.71428571428
2013-03-25,29667.0,84649.49739074707,None,None,Monday,3,2013,2.8533217848365884,35631.67857142857
2013-03-26,28632.0,81144.40965270996,None,None,Tuesday,3,2013,2.834046159985679,35678.25
2013-03-27,28258.0,78908.32061767578,None,None,Wednesday,3,2013,2.7924241141508874,35691.607142857145
2013-03-28,29654.0,80888.56816101074,None,None,Thursday,3,2013,2.727745604674268,35665.892857142855
2013-03-29,38067.0,102358.0252532959,None,None,Friday,3,2013,2.6888913035777944,35616.46428571428
2013-03-30,46410.0,125079.21685791016,None,None,Saturday,3,2013,2.6950919383303202,35496.392857142855
2013-03-31,34448.0,91967.92770385742,Easter,Cultural,Sunday,3,2013,2.669761022522568,35003.57142857143
2013-04-01,34522.0,93263.14001464844,None,None,Monday,4,2013,2.701556688912822,34957.32142857143
2013-04-02,34642.0,91451.5026550293,Pesach End,Religious,Tuesday,4,2013,2.6399025072175193,35078.96428571428
2013-04-03,35594.0,94855.94345092773,None,None,Wednesday,4,2013,2.664941941083546,35206.32142857143
2013-04-04,32174.0,85918.24633789062,None,None,Thursday,4,2013,2.6704247634080507,35292.17857142857
2013-04-05,38056.0,99702.03479003906,None,None,Friday,4,2013,2.61987688643155,35426.607142857145
2013-04-06,46821.0,124454.97802734375,None,None,Saturday,4,2013,2.658101664367351,35495.607142857145
2013-04-07,46444.0,127707.15884399414,None,None,Sunday,4,2013,2.7497019818274513,35579.03571428572
2013-04-08,35017.0,95391.72048950195,None,None,Monday,4,2013,2.724154567481565,35528.28571428572
2013-04-09,33750.0,91455.76847839355,None,None,Tuesday,4,2013,2.709800547507957,35526.78571428572
2013-04-10,31441.0,83300.35838317871,None,None,Wednesday,4,2013,2.649418224076165,35513.67857142857
2013-04-11,32692.0,88198.3567199707,None,None,Thursday,4,2013,2.697857479504793,35496.71428571428
2013-04-12,36082.0,97169.47930908203,None,None,Friday,4,2013,2.6930181062325267,35446.03571428572
2013-04-13,43645.0,119574.52774047852,None,None,Saturday,4,2013,2.739707360304239,35445.78571428572
2013-04-14,43990.0,120347.23120117188,None,None,Sunday,4,2013,2.735786115052782,35496.5
2013-04-15,34102.0,94241.15710449219,None,None,Monday,4,2013,2.763508213726239,35594.25
2013-04-16,31039.0,84935.03825378418,None,None,Tuesday,4,2013,2.7363973792256253,35666.642857142855
2013-04-17,28815.0,78682.26190185547,None,None,Wednesday,4,2013,2.7306007947893622,35643.75
2013-04-18,28474.0,77967.36305236816,None,None,Thursday,4,2013,2.7381949516179027,35602.03571428572
2013-04-19,32829.0,89579.5763092041,None,None,Friday,4,2013,2.728672098120689,35589.92857142857
2013-04-20,40857.0,111942.0698852539,None,None,Saturday,4,2013,2.7398504512140858,35598.392857142855
2013-04-21,39931.0,114100.31042480469,None,None,Sunday,4,2013,2.8574368391676814,35573.32142857143
2013-04-22,29951.0,84981.91165161133,None,None,Monday,4,2013,2.837364750813373,35583.46428571428
2013-04-23,27059.0,76612.3657836914,None,None,Tuesday,4,2013,2.8313080965184008,35527.28571428572
2013-04-24,27607.0,77178.42506408691,None,None,Wednesday,4,2013,2.7956107169952156,35504.03571428572
2013-04-25,27476.0,75094.97569274902,None,None,Thursday,4,2013,2.733111649903517,35426.25
2013-04-26,31206.0,87257.36965942383,None,None,Friday,4,2013,2.7961728404609314,35181.21428571428
2013-04-27,35329.0,98241.83728027344,None,None,Saturday,4,2013,2.7807703948674867,34785.46428571428
2013-04-28,38902.0,111621.20365905762,None,None,Sunday,4,2013,2.8692921613042417,34944.53571428572
2013-04-29,27445.0,77427.94277954102,None,None,Monday,4,2013,2.821203963546767,34691.78571428572
2013-04-30,28144.0,77870.63731384277,None,None,Tuesday,4,2013,2.7668646004065796,34459.71428571428
2013-05-01,31358.0,85943.99105834961,None,None,Wednesday,5,2013,2.7407357311802287,34308.42857142857
2013-05-02,31741.0,85637.38357543945,None,None,Thursday,5,2013,2.6980052164531507,34292.96428571428
2013-05-03,36950.0,99464.8490600586,None,None,Friday,5,2013,2.691876835184265,34253.46428571428
2013-05-04,40812.0,111298.115234375,None,None,Saturday,5,2013,2.727092895089067,34038.857142857145
2013-05-05,43203.0,121402.35751342773,OrthodoxEaster,Religious,Sunday,5,2013,2.8100446152681005,33923.107142857145
2013-05-06,35368.0,99634.08428955078,None,None,Monday,5,2013,2.817068657813582,33935.642857142855
2013-05-07,31673.0,86934.84652709961,None,None,Tuesday,5,2013,2.7447619905629277,33861.46428571428
2013-05-08,31346.0,86452.62001037598,None,None,Wednesday,5,2013,2.7580112298339814,33858.07142857143
2013-05-09,32938.0,92022.66380310059,None,None,Thursday,5,2013,2.7938145547119007,33866.857142857145
2013-05-10,33497.0,93161.60147094727,None,None,Friday,5,2013,2.7811923894959927,33774.53571428572
2013-05-11,45385.0,121748.93350219727,None,None,Saturday,5,2013,2.6825808858036195,33836.67857142857
2013-05-12,37390.0,103145.83657836914,Mother's day,Cultural,Sunday,5,2013,2.7586476752706375,33600.96428571428
2013-05-13,34609.0,95458.48081970215,None,None,Monday,5,2013,2.7581981802335274,33619.07142857143
2013-05-14,32885.0,90782.07504272461,None,None,Tuesday,5,2013,2.76059221659494,33685.0
2013-05-15,34611.0,93742.80274963379,None,None,Wednesday,5,2013,2.708468485442021,33892.0
2013-05-16,31937.0,87900.81912231445,None,None,Thursday,5,2013,2.75231922604861,34015.67857142857
2013-05-17,34682.0,94287.4719543457,None,None,Friday,5,2013,2.7186284514833545,34081.857142857145
2013-05-18,40830.0,111622.0924987793,None,None,Saturday,5,2013,2.7338254346994684,34080.892857142855
2013-05-19,42673.0,119555.4912109375,None,None,Sunday,5,2013,2.801665952966454,34178.82142857143
2013-05-20,33646.0,90981.90902709961,None,None,Monday,5,2013,2.7040928796023187,34310.78571428572
2013-05-21,30286.0,83042.16030883789,None,None,Tuesday,5,2013,2.74193225611959,34426.03571428572
2013-05-22,28935.0,80005.1332397461,None,None,Wednesday,5,2013,2.7649951007342697,34473.46428571428
2013-05-23,30902.0,83364.8526763916,None,None,Thursday,5,2013,2.6977170628565013,34595.82142857143
2013-05-24,35081.0,95720.49783325195,None,None,Friday,5,2013,2.7285567068570438,34734.21428571428
2013-05-25,39143.0,106632.21353149414,None,None,Saturday,5,2013,2.7241706954370932,34870.42857142857
2013-05-26,36049.0,98848.31573486328,None,None,Sunday,5,2013,2.742054307605295,34768.53571428572
2013-05-27,36277.0,101538.10084533691,MemorialDay,National,Monday,5,2013,2.7989663104814873,35083.96428571428
2013-05-28,29298.0,81396.46298217773,None,None,Tuesday,5,2013,2.7782259192497007,35125.17857142857
2013-05-29,26967.0,74663.83020019531,None,None,Wednesday,5,2013,2.7687110245928475,34968.357142857145
2013-05-30,28125.0,77186.54504394531,None,None,Thursday,5,2013,2.744410490451389,34839.21428571428
2013-05-31,36086.0,98479.15493774414,None,None,Friday,5,2013,2.7290127733122027,34808.357142857145
2013-06-01,44808.0,122895.97998046875,None,None,Saturday,6,2013,2.742724066694982,34951.07142857143
2013-06-02,47502.0,130340.13125610352,None,None,Sunday,6,2013,2.7438872311924447,35104.607142857145
2013-06-03,39245.0,107966.7279663086,None,None,Monday,6,2013,2.7510951195390136,35243.07142857143
2013-06-04,33809.0,91403.90565490723,None,None,Tuesday,6,2013,2.7035376868557845,35319.357142857145
2013-06-05,35911.0,95246.22750854492,None,None,Wednesday,6,2013,2.6522855812576904,35482.392857142855
2013-06-06,34166.0,90402.4937286377,NBAFinalsStart,Sporting,Thursday,6,2013,2.645978274560607,35526.25
2013-06-07,37602.0,101616.8108215332,None,None,Friday,6,2013,2.7024310095615447,35672.857142857145
2013-06-08,44647.0,119867.02746582031,None,None,Saturday,6,2013,2.6847722683678703,35646.5
2013-06-09,48164.0,131224.78231811523,None,None,Sunday,6,2013,2.7245407839489086,36031.28571428572
2013-06-10,36769.0,99579.32412719727,None,None,Monday,6,2013,2.708241293676664,36108.42857142857
2013-06-11,34625.0,93897.37734985352,None,None,Tuesday,6,2013,2.7118376129921593,36170.57142857143
2013-06-12,33942.0,92215.45068359375,None,None,Wednesday,6,2013,2.7168537706556406,36146.67857142857
2013-06-13,34188.0,90859.8071899414,None,None,Thursday,6,2013,2.6576520179578043,36227.07142857143
2013-06-14,39767.0,106006.85244750977,None,None,Friday,6,2013,2.6656990079088128,36408.67857142857
2013-06-15,46309.0,125331.8583984375,None,None,Saturday,6,2013,2.7064254982495304,36604.357142857145
2013-06-16,39690.0,106486.63403320312,Father's day,Cultural,Sunday,6,2013,2.682958781385818,36497.82142857143
2013-06-17,34118.0,91832.12200927734,None,None,Monday,6,2013,2.6916033181686307,36514.67857142857
2013-06-18,31177.0,85282.0592956543,None,None,Tuesday,6,2013,2.735415828837101,36546.5
2013-06-19,31070.0,84317.92385864258,None,None,Wednesday,6,2013,2.7138050807416345,36622.75
2013-06-20,31771.0,85936.84764099121,NBAFinalsEnd,Sporting,Thursday,6,2013,2.7048833099679332,36653.78571428572
2013-06-21,36703.0,98106.66418457031,None,None,Friday,6,2013,2.6729876082219524,36711.71428571428
2013-06-22,42276.0,112245.9292602539,None,None,Saturday,6,2013,2.655074492862473,36823.607142857145
2013-06-23,43275.0,116677.69616699219,None,None,Sunday,6,2013,2.6961917080760758,37081.67857142857
2013-06-24,34118.0,92186.21966552734,None,None,Monday,6,2013,2.7019819352109544,37004.57142857143
2013-06-25,31603.0,84821.70506286621,None,None,Tuesday,6,2013,2.6839763649927604,37086.892857142855
2013-06-26,30356.0,81944.64852905273,None,None,Wednesday,6,2013,2.6994547545477907,37207.92857142857
2013-06-27,31457.0,83287.53829956055,None,None,Thursday,6,2013,2.6476631051772435,37326.92857142857
2013-06-28,36753.0,96372.68182373047,None,None,Friday,6,2013,2.6221718451209552,37350.75
2013-06-29,44949.0,117396.11059570312,None,None,Saturday,6,2013,2.6117624551314407,37355.78571428572
2013-06-30,44823.0,119104.91970825195,None,None,Sunday,6,2013,2.6572277560237367,37260.107142857145
2013-07-01,38716.0,101331.16830444336,None,None,Monday,7,2013,2.617294356453233,37241.21428571428
2013-07-02,37242.0,98688.12115478516,None,None,Tuesday,7,2013,2.649914643541839,37363.82142857143
2013-07-03,43999.0,116582.20635986328,None,None,Wednesday,7,2013,2.649655818538223,37652.67857142857
2013-07-04,36783.0,95800.98739624023,IndependenceDay,National,Thursday,7,2013,2.604490862524542,37746.142857142855
2013-07-05,40807.0,108572.61145019531,None,None,Friday,7,2013,2.660636936069677,37860.607142857145
2013-07-06,41832.0,111763.83396911621,None,None,Saturday,7,2013,2.6717305882844764,37760.07142857143
2013-07-07,44624.0,122577.87127685547,None,None,Sunday,7,2013,2.7469046091084497,37633.642857142855
2013-07-08,37460.0,101368.9303894043,None,None,Monday,7,2013,2.7060579388522235,37658.32142857143
2013-07-09,37253.0,99078.55520629883,Ramadan starts,Religious,Tuesday,7,2013,2.659612788400903,37752.17857142857
2013-07-10,34579.0,93333.15530395508,None,None,Wednesday,7,2013,2.699128236905494,37774.92857142857
2013-07-11,36361.0,97425.17306518555,None,None,Thursday,7,2013,2.6793865148149267,37852.53571428572
2013-07-12,41279.0,109476.84936523438,None,None,Friday,7,2013,2.652119706515041,37906.53571428572
2013-07-13,45185.0,122543.57479858398,None,None,Saturday,7,2013,2.7120410489893545,37866.392857142855
2013-07-14,46672.0,126517.96765136719,None,None,Sunday,7,2013,2.7107895023004627,38115.75
2013-07-15,37624.0,102451.77941894531,None,None,Monday,7,2013,2.7230432548093058,38240.96428571428
2013-07-16,33937.0,90162.72512817383,None,None,Tuesday,7,2013,2.656767690961895,38339.53571428572
2013-07-17,32467.0,88620.78350830078,None,None,Wednesday,7,2013,2.7295648969199737,38389.42857142857
2013-07-18,33921.0,91544.09967041016,None,None,Thursday,7,2013,2.6987441310813405,38466.21428571428
2013-07-19,36194.0,99619.12490844727,None,None,Friday,7,2013,2.7523657210710963,38448.03571428572
2013-07-20,41527.0,113130.95068359375,None,None,Saturday,7,2013,2.724274584814548,38421.28571428572
2013-07-21,42039.0,115806.75540161133,None,None,Sunday,7,2013,2.754745721868059,38377.142857142855
2013-07-22,32203.0,88400.19464111328,None,None,Monday,7,2013,2.74509190575764,38308.75
2013-07-23,31304.0,84544.76712036133,None,None,Tuesday,7,2013,2.7007656248518184,38298.07142857143
2013-07-24,31468.0,84281.07205200195,None,None,Wednesday,7,2013,2.6783104122283574,38337.78571428572
2013-07-25,31816.0,85181.28303527832,None,None,Thursday,7,2013,2.6773096251973323,38350.607142857145
2013-07-26,36843.0,99014.16444396973,None,None,Friday,7,2013,2.687462053686446,38353.82142857143
2013-07-27,41672.0,111809.6591796875,None,None,Saturday,7,2013,2.68308838499922,38236.78571428572
2013-07-28,40480.0,109948.75305175781,None,None,Sunday,7,2013,2.716125322424847,38081.67857142857
2013-07-29,31763.0,85384.70718383789,None,None,Monday,7,2013,2.688181443309445,37833.357142857145
2013-07-30,30162.0,80119.25619506836,None,None,Tuesday,7,2013,2.656297864699568,37580.5
2013-07-31,31255.0,84774.74691772461,None,None,Wednesday,7,2013,2.7123579240993316,37125.357142857145
2013-08-01,37309.0,99835.1455078125,None,None,Thursday,8,2013,2.6758997965052,37144.142857142855
2013-08-02,41663.0,111457.7505493164,None,None,Friday,8,2013,2.6752214326696686,37174.71428571428
2013-08-03,47105.0,126845.46447753906,None,None,Saturday,8,2013,2.6928237868069007,37363.03571428572
2013-08-04,44439.0,122492.39389038086,None,None,Sunday,8,2013,2.756416523557705,37356.42857142857
2013-08-05,39149.0,105621.58782958984,None,None,Monday,8,2013,2.6979383337911527,37416.75
2013-08-06,36694.0,97978.11575317383,None,None,Tuesday,8,2013,2.6701399616605936,37396.78571428572
2013-08-07,35079.0,92277.54760742188,None,None,Wednesday,8,2013,2.6305638019162996,37414.642857142855
2013-08-08,34886.0,93793.46542358398,Eid al-Fitr,Religious,Thursday,8,2013,2.6885703555461786,37361.96428571428
2013-08-09,40699.0,108681.26034545898,None,None,Friday,8,2013,2.67036684796823,37341.25
2013-08-10,44912.0,119189.23727416992,None,None,Saturday,8,2013,2.6538394476792377,37331.5
2013-08-11,47520.0,127645.02737426758,None,None,Sunday,8,2013,2.686132730939974,37361.78571428572
2013-08-12,38753.0,104240.73446655273,None,None,Monday,8,2013,2.689875221700326,37402.107142857145
2013-08-13,35144.0,93482.68872070312,None,None,Tuesday,8,2013,2.6599900045727045,37445.21428571428
2013-08-14,33732.0,90382.36796569824,None,None,Wednesday,8,2013,2.679425114600327,37490.392857142855
2013-08-15,37643.0,100547.61517333984,None,None,Thursday,8,2013,2.6710840042860515,37623.32142857143
2013-08-16,38025.0,101461.0112915039,None,None,Friday,8,2013,2.6682711713741987,37688.71428571428
2013-08-17,44431.0,120978.92391967773,None,None,Saturday,8,2013,2.7228494501514198,37792.42857142857
2013-08-18,44894.0,121544.55462646484,None,None,Sunday,8,2013,2.7073674572652213,37894.392857142855
2013-08-19,35237.0,93496.85998535156,None,None,Monday,8,2013,2.6533717395167455,38002.75
2013-08-20,31625.0,84287.82876586914,None,None,Tuesday,8,2013,2.665227787063056,38014.21428571428
2013-08-21,32633.0,85466.57000732422,None,None,Wednesday,8,2013,2.6190227685877554,38055.82142857143
2013-08-22,31793.0,86071.1780090332,None,None,Thursday,8,2013,2.707236750512163,38055.0
2013-08-23,37113.0,95481.95167541504,None,None,Friday,8,2013,2.5727360136721646,38064.642857142855
2013-08-24,44836.0,116677.44570922852,None,None,Saturday,8,2013,2.602316123410396,38177.642857142855
2013-08-25,48577.0,128777.3415222168,None,None,Sunday,8,2013,2.650994123190333,38466.82142857143
2013-08-26,34200.0,92497.78045654297,None,None,Monday,8,2013,2.7046134636416075,38553.857142857145
2013-08-27,32963.0,86705.27682495117,None,None,Tuesday,8,2013,2.630381847069477,38653.892857142855
2013-08-28,32456.0,85288.56509399414,None,None,Wednesday,8,2013,2.6278212069877416,38696.78571428572
2013-08-29,31710.0,82642.1957397461,None,None,Thursday,8,2013,2.606187188260678,38496.82142857143
2013-08-30,41621.0,107882.55981445312,None,None,Friday,8,2013,2.592022291978884,38495.32142857143
2013-08-31,47972.0,125908.9017944336,None,None,Saturday,8,2013,2.6246331567254564,38526.28571428572
2013-09-01,44741.0,117521.87384033203,None,None,Sunday,9,2013,2.626715402881742,38537.07142857143
2013-09-02,47072.0,125110.90194702148,LaborDay,National,Monday,9,2013,2.657862464884039,38820.03571428572
2013-09-03,37799.0,98753.90451049805,None,None,Tuesday,9,2013,2.6126062729304493,38859.5
2013-09-04,33328.0,89009.60437011719,None,None,Wednesday,9,2013,2.6707154455748077,38796.96428571428
2013-09-05,35425.0,92372.79147338867,None,None,Thursday,9,2013,2.6075593923327784,38816.21428571428
2013-09-06,38684.0,101463.34298706055,None,None,Friday,9,2013,2.622876201712867,38744.25
2013-09-07,47600.0,125794.17709350586,None,None,Saturday,9,2013,2.6427348128887784,38840.25
2013-09-08,51740.0,136963.67541503906,None,None,Sunday,9,2013,2.6471525978940678,38990.96428571428
2013-09-09,39765.0,105523.76821899414,None,None,Monday,9,2013,2.653684602514627,39027.107142857145
2013-09-10,34663.0,91360.0771484375,None,None,Tuesday,9,2013,2.6356656131447798,39009.92857142857
2013-09-11,36195.0,95027.53936767578,None,None,Wednesday,9,2013,2.6254327771149546,39097.892857142855
2013-09-12,36767.0,96451.6889038086,None,None,Thursday,9,2013,2.623322242875638,39066.607142857145
2013-09-13,40971.0,105848.1667175293,None,None,Friday,9,2013,2.583489949416155,39171.82142857143
2013-09-14,49166.0,130351.9204711914,None,None,Saturday,9,2013,2.65126145041678,39340.92857142857
2013-09-15,50970.0,139954.5559387207,None,None,Sunday,9,2013,2.745822168701603,39557.92857142857
2013-09-16,36775.0,98860.92855834961,None,None,Monday,9,2013,2.688264542715149,39612.857142857145
2013-09-17,32571.0,88364.35636901855,None,None,Tuesday,9,2013,2.712976462774203,39646.642857142855
2013-09-18,31281.0,84602.85400390625,None,None,Wednesday,9,2013,2.7046083566352177,39598.357142857145
2013-09-19,30823.0,81310.8038482666,None,None,Thursday,9,2013,2.6379912353848294,39563.71428571428
2013-09-20,36281.0,96800.74426269531,None,None,Friday,9,2013,2.668083687403746,39534.0
2013-09-21,46001.0,122002.1999206543,None,None,Saturday,9,2013,2.6521640816646226,39575.607142857145
2013-09-22,46210.0,123276.29248046875,None,None,Sunday,9,2013,2.6677405860304857,39491.07142857143
2013-09-23,32784.0,88519.41400146484,None,None,Monday,9,2013,2.700079734061275,39440.5
2013-09-24,31064.0,81037.56973266602,None,None,Tuesday,9,2013,2.608729388767255,39372.67857142857
2013-09-25,29959.0,79351.79418945312,None,None,Wednesday,9,2013,2.6486796685287604,39283.5
2013-09-26,30648.0,81504.08921813965,None,None,Thursday,9,2013,2.659360781066942,39245.57142857143
2013-09-27,35502.0,94001.91552734375,None,None,Friday,9,2013,2.647792111073848,39027.03571428572
2013-09-28,44441.0,118333.86868286133,None,None,Saturday,9,2013,2.662718406040848,38900.92857142857
2013-09-29,44396.0,119204.86309814453,None,None,Sunday,9,2013,2.685036109067135,38888.607142857145
2013-09-30,32893.0,89474.75885009766,None,None,Monday,9,2013,2.7201762943513104,38382.21428571428
2013-10-01,36730.0,98235.88134765625,None,None,Tuesday,10,2013,2.6745407391139735,38344.03571428572
2013-10-02,33900.0,89648.13162231445,None,None,Wednesday,10,2013,2.6444876584753527,38364.46428571428
2013-10-03,37215.0,100272.3430480957,None,None,Thursday,10,2013,2.694406638401067,38428.392857142855
2013-10-04,37334.0,101865.53576660156,None,None,Friday,10,2013,2.728492413526586,38380.17857142857
2013-10-05,48777.0,132862.61392211914,None,None,Saturday,10,2013,2.7238783427049458,38422.21428571428
2013-10-06,49888.0,139696.22625732422,None,None,Sunday,10,2013,2.800196966351111,38356.07142857143
2013-10-07,37003.0,104143.37841796875,None,None,Monday,10,2013,2.8144577039150542,38257.42857142857
2013-10-08,34544.0,96191.72158813477,None,None,Tuesday,10,2013,2.784614450791303,38253.17857142857
2013-10-09,34746.0,97636.08572387695,None,None,Wednesday,10,2013,2.8099949842824197,38201.42857142857
2013-10-10,34019.0,93795.6064453125,None,None,Thursday,10,2013,2.75715354493996,38103.28571428572
2013-10-11,38093.0,105338.66314697266,None,None,Friday,10,2013,2.7653023691222183,38000.5
2013-10-12,46581.0,129360.81289672852,None,None,Saturday,10,2013,2.777115409646176,37908.17857142857
2013-10-13,46343.0,131944.96633911133,None,None,Sunday,10,2013,2.8471390790218876,37742.92857142857
2013-10-14,36836.0,103603.24938964844,ColumbusDay,National,Monday,10,2013,2.812554278142264,37745.107142857145
2013-10-15,33213.0,93559.94888305664,EidAlAdha,Religious,Tuesday,10,2013,2.8169677199607577,37768.03571428572
2013-10-16,32677.0,89307.7802734375,None,None,Wednesday,10,2013,2.7330471057146464,37817.892857142855
2013-10-17,30538.0,84266.45816040039,None,None,Thursday,10,2013,2.7593967568406703,37807.71428571428
2013-10-18,34337.0,95083.13235473633,None,None,Friday,10,2013,2.769115891159284,37738.28571428572
2013-10-19,42043.0,118889.39224243164,None,None,Saturday,10,2013,2.8278046819311573,37596.92857142857
2013-10-20,43352.0,123760.50717163086,None,None,Sunday,10,2013,2.854781951735349,37494.857142857145
2013-10-21,31859.0,91453.76370239258,None,None,Monday,10,2013,2.870578602667773,37461.82142857143
2013-10-22,28957.0,81964.19132995605,None,None,Tuesday,10,2013,2.8305484452794163,37386.57142857143
2013-10-23,29525.0,82364.49682617188,None,None,Wednesday,10,2013,2.7896527290828748,37371.07142857143
2013-10-24,29260.0,82427.62046813965,None,None,Thursday,10,2013,2.817075203969229,37321.5
2013-10-25,33877.0,94180.64434814453,None,None,Friday,10,2013,2.7800762862161505,37263.46428571428
2013-10-26,42454.0,118983.57150268555,None,None,Saturday,10,2013,2.8026469002375642,37192.5
2013-10-27,40665.0,116132.1644897461,None,None,Sunday,10,2013,2.8558260049119903,37059.25
2013-10-28,32058.0,89376.50677490234,None,None,Monday,10,2013,2.78796265440459,37029.42857142857
2013-10-29,29529.0,81768.95971679688,None,None,Tuesday,10,2013,2.7691069699887185,36772.25
2013-10-30,31136.0,85806.27542114258,None,None,Wednesday,10,2013,2.7558541694868506,36673.53571428572
2013-10-31,27034.0,74300.40606689453,Halloween,Cultural,Thursday,10,2013,2.748405935743676,36309.92857142857
2013-11-01,39727.0,108714.18170166016,None,None,Friday,11,2013,2.736531369135856,36395.392857142855
2013-11-02,47093.0,128993.06640625,None,None,Saturday,11,2013,2.7391133800405583,36335.25
2013-11-03,48373.0,133274.8419189453,None,None,Sunday,11,2013,2.7551493998500263,36281.142857142855
2013-11-04,32972.0,92429.42007446289,None,None,Monday,11,2013,2.803270049571239,36137.17857142857
2013-11-05,34087.0,93036.81680297852,None,None,Tuesday,11,2013,2.729392929943337,36120.857142857145
2013-11-06,33030.0,90744.51763916016,None,None,Wednesday,11,2013,2.7473362894084215,36059.57142857143
2013-11-07,31953.0,87453.53956604004,None,None,Thursday,11,2013,2.736942996464809,35985.78571428572
2013-11-08,35460.0,96000.89013671875,None,None,Friday,11,2013,2.7073009062808446,35891.75
2013-11-09,45717.0,125832.23889160156,None,None,Saturday,11,2013,2.7524168010062247,35860.892857142855
2013-11-10,43905.0,123290.46112060547,None,None,Sunday,11,2013,2.8081189185879847,35773.82142857143
2013-11-11,36396.0,100240.76223754883,VeteransDay,National,Monday,11,2013,2.7541697504546883,35758.107142857145
2013-11-12,32275.0,87961.91622924805,None,None,Tuesday,11,2013,2.7253885741052843,35724.607142857145
2013-11-13,29255.0,81405.12307739258,None,None,Wednesday,11,2013,2.7826054717960202,35602.392857142855
2013-11-14,29468.0,80025.72296142578,None,None,Thursday,11,2013,2.7156821963290954,35564.17857142857
2013-11-15,35775.0,97677.45890808105,None,None,Friday,11,2013,2.7303272930281217,35615.53571428572
2013-11-16,44587.0,123758.14590454102,None,None,Saturday,11,2013,2.7756553682584837,35706.392857142855
2013-11-17,42589.0,121528.01806640625,None,None,Sunday,11,2013,2.853507198253217,35679.142857142855
2013-11-18,32110.0,89659.56782531738,None,None,Monday,11,2013,2.792263090168713,35688.107142857145
2013-11-19,28522.0,78798.33288574219,None,None,Tuesday,11,2013,2.762721158605364,35672.57142857143
2013-11-20,27915.0,78219.86293029785,None,None,Wednesday,11,2013,2.8020728257316083,35615.07142857143
2013-11-21,28699.0,78612.81866455078,None,None,Thursday,11,2013,2.739218044689738,35595.03571428572
2013-11-22,32863.0,91412.04360961914,None,None,Friday,11,2013,2.781609822889546,35558.82142857143
2013-11-23,40047.0,114541.92474365234,None,None,Saturday,11,2013,2.8601873983981907,35472.857142857145
2013-11-24,38446.0,111834.4856262207,None,None,Sunday,11,2013,2.9088718104931774,35393.607142857145
2013-11-25,28645.0,81235.30006408691,None,None,Monday,11,2013,2.8359329748328475,35271.71428571428
2013-11-26,31293.0,87937.71243286133,None,None,Tuesday,11,2013,2.8101400451494367,35334.71428571428
2013-11-27,36139.0,97514.20706176758,None,None,Wednesday,11,2013,2.6983095011419125,35513.392857142855
2013-11-28,19839.0,53637.343185424805,Thanksgiving,National,Thursday,11,2013,2.703631391976652,35256.42857142857
2013-11-29,26073.0,75190.74850463867,None,None,Friday,11,2013,2.8838548883764306,34768.78571428572
2013-11-30,31546.0,91397.1051940918,None,None,Saturday,11,2013,2.897264477083998,34213.53571428572
2013-12-01,38187.0,108956.13903808594,None,None,Sunday,12,2013,2.853225941762535,33849.75
2013-12-02,37087.0,97564.72009277344,None,None,Monday,12,2013,2.6306986300529416,33996.71428571428
2013-12-03,38024.0,100659.95343017578,None,None,Tuesday,12,2013,2.647274180259199,34137.32142857143
2013-12-04,31519.0,83946.0779876709,None,None,Wednesday,12,2013,2.66334839264161,34083.357142857145
2013-12-05,35151.0,93452.48112487793,Chanukah End,Religious,Thursday,12,2013,2.65860092529026,34197.57142857143
2013-12-06,36899.0,99470.73501586914,None,None,Friday,12,2013,2.695756931512213,34248.96428571428
2013-12-07,44450.0,119206.8413696289,None,None,Saturday,12,2013,2.6818187034787155,34203.71428571428
2013-12-08,40424.0,115147.15631103516,None,None,Sunday,12,2013,2.8484849671243606,34079.392857142855
2013-12-09,33653.0,93889.5744934082,None,None,Monday,12,2013,2.7899317889462516,33981.42857142857
2013-12-10,31422.0,86209.15719604492,None,None,Tuesday,12,2013,2.7435922982637937,33950.96428571428
2013-12-11,30911.0,87138.12605285645,None,None,Wednesday,12,2013,2.8190005516759875,34010.107142857145
2013-12-12,31669.0,87482.42628479004,None,None,Thursday,12,2013,2.762399390090942,34088.71428571428
2013-12-13,36163.0,99522.53164672852,None,None,Friday,12,2013,2.752054078664063,34102.57142857143
2013-12-14,41528.0,117284.64717102051,None,None,Saturday,12,2013,2.8242305714462654,33993.32142857143
2013-12-15,43097.0,124487.19927978516,None,None,Sunday,12,2013,2.8885351481491788,34011.46428571428
2013-12-16,32474.0,91780.81509399414,None,None,Monday,12,2013,2.826286108702166,34024.46428571428
2013-12-17,30338.0,85584.64852905273,None,None,Tuesday,12,2013,2.8210379236947962,34089.32142857143
2013-12-18,31692.0,88651.83647155762,None,None,Wednesday,12,2013,2.797293842974808,34224.21428571428
2013-12-19,32411.0,92217.01728820801,None,None,Thursday,12,2013,2.8452382613374474,34356.78571428572
2013-12-20,32123.0,91335.39874267578,None,None,Friday,12,2013,2.8433022676174637,34330.357142857145
2013-12-21,40474.0,115730.29891967773,None,None,Saturday,12,2013,2.85937389236739,34345.607142857145
2013-12-22,34915.0,99719.1353149414,None,None,Sunday,12,2013,2.8560542836872806,34219.5
2013-12-23,35289.0,98026.43130493164,None,None,Monday,12,2013,2.7778183372986383,34456.78571428572
2013-12-24,31077.0,84324.37976074219,None,None,Tuesday,12,2013,2.713401543287389,34449.07142857143
2013-12-25,20.0,34.320000648498535,Christmas,National,Wednesday,12,2013,1.7160000324249267,33159.107142857145
2013-12-26,32727.0,92066.66098022461,None,None,Thursday,12,2013,2.8131714174908975,33619.392857142855
2013-12-27,33095.0,92670.73965454102,None,None,Friday,12,2013,2.8001432136135675,33870.17857142857
2013-12-28,36490.0,103066.9896850586,None,None,Saturday,12,2013,2.824526985066007,34046.75
2013-12-29,34121.0,95122.58627319336,None,None,Sunday,12,2013,2.7878018309309036,33901.53571428572
2013-12-30,32293.0,87896.14416503906,None,None,Monday,12,2013,2.7218327242758202,33730.32142857143
2013-12-31,34811.0,92878.51669311523,None,None,Tuesday,12,2013,2.6680795350066138,33615.57142857143
2014-01-01,23845.0,65695.44764709473,NewYear,National,Wednesday,1,2014,2.7551036966699405,33341.5
2014-01-02,32653.0,92850.60174560547,None,None,Thursday,1,2014,2.8435550101248115,33252.28571428572
2014-01-03,38870.0,108770.22216796875,None,None,Friday,1,2014,2.798307748082551,33322.67857142857
2014-01-04,44616.0,123748.94235229492,None,None,Saturday,1,2014,2.7736449334833897,33328.607142857145
2014-01-05,45302.0,124866.91693115234,None,None,Sunday,1,2014,2.7563223904276266,33502.82142857143
2014-01-06,32412.0,89328.8395690918,None,None,Monday,1,2014,2.75604219329544,33458.5
2014-01-07,30952.0,84927.05107116699,OrthodoxChristmas,Religious,Tuesday,1,2014,2.743830804832224,33441.71428571428
2014-01-08,32973.0,92245.35659790039,None,None,Wednesday,1,2014,2.797602784032402,33515.357142857145
2014-01-09,33197.0,92847.8978881836,None,None,Thursday,1,2014,2.7968761601404823,33569.92857142857
2014-01-10,32766.0,91497.61166381836,None,None,Friday,1,2014,2.7924559501867288,33448.607142857145
2014-01-11,47798.0,130728.10971069336,None,None,Saturday,1,2014,2.735012128346235,33672.53571428572
2014-01-12,46858.0,127825.34887695312,None,None,Sunday,1,2014,2.727930105359877,33806.857142857145
2014-01-13,33714.0,91680.95504760742,None,None,Monday,1,2014,2.7193734071189244,33851.142857142855
2014-01-14,30223.0,81989.23077392578,None,None,Tuesday,1,2014,2.712809144490149,33847.03571428572
2014-01-15,31579.0,87791.51504516602,None,None,Wednesday,1,2014,2.7800600096635746,33843.0
2014-01-16,31190.0,83703.3955078125,None,None,Thursday,1,2014,2.6836612859189644,33799.392857142855
2014-01-17,35240.0,95181.21063232422,None,None,Friday,1,2014,2.7009424129490416,33910.71428571428
2014-01-18,43233.0,119520.12911987305,None,None,Saturday,1,2014,2.764557840535541,34009.25
2014-01-19,40427.0,113720.98602294922,None,None,Sunday,1,2014,2.812995919136944,34206.107142857145
2014-01-20,32706.0,93788.05839538574,MartinLutherKingDay,National,Monday,1,2014,2.867610175361883,34113.857142857145
2014-01-21,27854.0,77489.71408081055,None,None,Tuesday,1,2014,2.781995910131778,33998.75
2014-01-22,28197.0,78383.54161071777,None,None,Wednesday,1,2014,2.779853942288817,35005.07142857143
2014-01-23,26244.0,73180.27206420898,None,None,Thursday,1,2014,2.7884572498174434,34773.53571428572
2014-01-24,30888.0,86541.9104309082,None,None,Friday,1,2014,2.801797151997805,34694.71428571428
2014-01-25,40529.0,113927.94223022461,None,None,Saturday,1,2014,2.8110227794967706,34838.96428571428
2014-01-26,40197.0,111814.4870300293,None,None,Sunday,1,2014,2.7816624879973455,35055.96428571428
2014-01-27,30060.0,82366.9931640625,None,None,Monday,1,2014,2.7400862662695444,34976.21428571428
2014-01-28,24000.0,66370.63801574707,None,None,Tuesday,1,2014,2.7654432506561277,34590.107142857145
2014-01-29,24983.0,70499.98452758789,None,None,Wednesday,1,2014,2.821918285537681,34630.75
2014-01-30,27017.0,74295.52114868164,None,None,Thursday,1,2014,2.749954515626518,34429.46428571428
2014-01-31,36489.0,99439.22497558594,None,None,Friday,1,2014,2.7251836163113796,34344.42857142857
2014-02-01,45333.0,125657.24826049805,None,None,Saturday,2,2014,2.7718714459775007,34370.03571428572
2014-02-02,43897.0,120626.3977355957,SuperBowl,Sporting,Sunday,2,2014,2.7479417212018067,34319.857142857145
2014-02-03,37294.0,103182.1184387207,None,None,Monday,2,2014,2.766721682810122,34494.21428571428
2014-02-04,30577.0,83749.06559753418,None,None,Tuesday,2,2014,2.738956261161467,34480.82142857143
2014-02-05,31676.0,85332.05757141113,None,None,Wednesday,2,2014,2.6939025625524415,34434.5
2014-02-06,32389.0,88370.03169250488,None,None,Thursday,2,2014,2.7283964213932164,34405.642857142855
2014-02-07,34255.0,94284.94844055176,None,None,Friday,2,2014,2.7524433933893375,34458.82142857143
2014-02-08,47108.0,133841.6109008789,None,None,Saturday,2,2014,2.841165213995052,34434.17857142857
2014-02-09,48040.0,137581.5424194336,None,None,Sunday,2,2014,2.8638955541097753,34476.392857142855
2014-02-10,33147.0,93561.55529785156,None,None,Monday,2,2014,2.8226251334314285,34456.142857142855
2014-02-11,33533.0,92660.72366333008,None,None,Tuesday,2,2014,2.763269724251635,34574.357142857145
2014-02-12,36738.0,103991.62803649902,None,None,Wednesday,2,2014,2.830628451099652,34758.607142857145
2014-02-13,37483.0,106202.0355834961,None,None,Thursday,2,2014,2.8333387291170955,34983.357142857145
2014-02-14,33910.0,96461.36264038086,ValentinesDay,Cultural,Friday,2,2014,2.844628800954906,34935.857142857145
2014-02-15,44965.0,127827.7809753418,None,None,Saturday,2,2014,2.8428284437972153,34997.71428571428
2014-02-16,43832.0,126256.99835205078,None,None,Sunday,2,2014,2.880475414127824,35119.32142857143
2014-02-17,34557.0,97775.67636108398,PresidentsDay,National,Monday,2,2014,2.829402910006192,35185.42857142857
2014-02-18,30710.0,87818.43086242676,None,None,Tuesday,2,2014,2.85960374022881,35287.42857142857
2014-02-19,30411.0,85022.72714233398,None,None,Wednesday,2,2014,2.795788600911972,35366.5
2014-02-20,29703.0,84679.1277923584,None,None,Thursday,2,2014,2.8508611181482815,35490.03571428572
2014-02-21,33326.0,94373.53907775879,None,None,Friday,2,2014,2.831829174751209,35577.107142857145
2014-02-22,41488.0,119641.44284057617,None,None,Saturday,2,2014,2.883760191876595,35611.357142857145
2014-02-23,44427.0,128902.83367919922,None,None,Sunday,2,2014,2.9014525779188154,35762.42857142857
2014-02-24,31797.0,91888.96788024902,None,None,Monday,2,2014,2.889862813480801,35824.46428571428
2014-02-25,29725.0,85151.3642578125,None,None,Tuesday,2,2014,2.864637990170311,36028.92857142857
2014-02-26,26351.0,76801.64155578613,None,None,Wednesday,2,2014,2.9145626942349865,36077.78571428572
2014-02-27,28890.0,84226.66233825684,None,None,Thursday,2,2014,2.915426179932739,36144.67857142857
2014-02-28,34198.0,98131.97270202637,None,None,Friday,2,2014,2.869523735365412,36062.857142857145
2014-03-01,45496.0,132998.84280395508,None,None,Saturday,3,2014,2.923308484349285,36068.67857142857
2014-03-02,46777.0,133931.83987426758,None,None,Sunday,3,2014,2.863198577811052,36171.53571428572
2014-03-03,37201.0,105204.91018676758,None,None,Monday,3,2014,2.8280129616614493,36168.21428571428
2014-03-04,30066.0,85550.48025512695,None,None,Tuesday,3,2014,2.845422745131609,36149.96428571428
2014-03-05,31278.0,88876.94081115723,LentStart,Religious,Wednesday,3,2014,2.841516107524689,36135.75
2014-03-06,32662.0,92265.45582580566,None,None,Thursday,3,2014,2.8248562802585777,36145.5
2014-03-07,34864.0,97632.8977355957,None,None,Friday,3,2014,2.8003928905345257,36167.25
2014-03-08,43485.0,123670.99826049805,None,None,Saturday,3,2014,2.8439921412095677,36037.857142857145
2014-03-09,50090.0,144249.23477172852,None,None,Sunday,3,2014,2.8798010535382015,36111.07142857143
2014-03-10,37506.0,107469.73916625977,None,None,Monday,3,2014,2.865401246900756,36266.75
2014-03-11,34567.0,98744.56353759766,None,None,Tuesday,3,2014,2.8566136354788574,36303.67857142857
2014-03-12,34942.0,99400.05067443848,LentWeek2,Religious,Wednesday,3,2014,2.8447155478918917,36239.53571428572
2014-03-13,33084.0,93915.55870056152,None,None,Thursday,3,2014,2.8387002388030926,36082.42857142857
2014-03-14,36946.0,105923.96467590332,None,None,Friday,3,2014,2.8669941177909197,36190.857142857145
2014-03-15,44708.0,128984.31716918945,None,None,Saturday,3,2014,2.885038855891327,36181.67857142857
2014-03-16,45376.0,133421.9873046875,Purim End,Religious,Sunday,3,2014,2.940364670854361,36236.82142857143
2014-03-17,32084.0,94327.19354248047,StPatricksDay,Cultural,Monday,3,2014,2.9400072790948903,36148.5
2014-03-18,30095.0,86365.21044921875,None,None,Tuesday,3,2014,2.8697527977809854,36126.53571428572
2014-03-19,29384.0,84832.58380126953,None,None,Wednesday,3,2014,2.887033208592075,36089.857142857145
2014-03-20,28809.0,81828.01794433594,None,None,Thursday,3,2014,2.840363009626712,36057.92857142857
2014-03-21,33202.0,94605.63299560547,None,None,Friday,3,2014,2.8493956085659136,36053.5
2014-03-22,41441.0,117496.79077148438,None,None,Saturday,3,2014,2.835278848760512,36051.82142857143
2014-03-23,44171.0,127929.43829345703,None,None,Sunday,3,2014,2.896231425447851,36042.67857142857
2014-03-24,31843.0,92063.98001098633,None,None,Monday,3,2014,2.891184248060369,36044.32142857143
2014-03-25,28466.0,81653.07470703125,None,None,Tuesday,3,2014,2.868442166339888,35999.357142857145
2014-03-26,27014.0,77024.62353515625,None,None,Wednesday,3,2014,2.8512853903589344,36023.03571428572
2014-03-27,30210.0,87514.10111999512,None,None,Thursday,3,2014,2.8968586931478026,36070.17857142857
2014-03-28,32918.0,93915.99096679688,None,None,Friday,3,2014,2.853028463661124,36024.46428571428
2014-03-29,41193.0,117650.36282348633,None,None,Saturday,3,2014,2.8560765863978426,35870.78571428572
2014-03-30,43156.0,124223.1220703125,None,None,Sunday,3,2014,2.8784670050586825,35741.46428571428
2014-03-31,30672.0,88910.46170043945,None,None,Monday,3,2014,2.898750055439471,35508.28571428572
2014-04-01,33708.0,96288.50637817383,None,None,Tuesday,4,2014,2.856547596362105,35638.357142857145
2014-04-02,33699.0,95336.58154296875,None,None,Wednesday,4,2014,2.8290626292462315,35724.82142857143
2014-04-03,36604.0,100332.75256347656,None,None,Thursday,4,2014,2.7410324708631997,35865.607142857145
2014-04-04,35685.0,99728.95462036133,None,None,Friday,4,2014,2.7947023853260844,35894.92857142857
2014-04-05,46776.0,130015.00048828125,None,None,Saturday,4,2014,2.7795236977997533,36012.46428571428
2014-04-06,48790.0,138972.79626464844,None,None,Sunday,4,2014,2.8483868879821364,35966.03571428572
2014-04-07,36594.0,102170.87899780273,None,None,Monday,4,2014,2.792011777827041,35933.46428571428
2014-04-08,35248.0,97335.07043457031,None,None,Tuesday,4,2014,2.7614352710670196,35957.78571428572
2014-04-09,35209.0,96807.1086730957,None,None,Wednesday,4,2014,2.749498954048559,35967.32142857143
2014-04-10,33038.0,91180.85150146484,None,None,Thursday,4,2014,2.7598780646971623,35965.67857142857
2014-04-11,38439.0,105317.908203125,None,None,Friday,4,2014,2.7398711777914357,36019.0
2014-04-12,46155.0,129735.34338378906,None,None,Saturday,4,2014,2.8108621684278856,36070.67857142857
2014-04-13,46083.0,133641.51373291016,None,None,Sunday,4,2014,2.9000176579847268,36095.92857142857
2014-04-14,35751.0,100789.39755249023,None,None,Monday,4,2014,2.8192049887413004,36226.892857142855
2014-04-15,36396.0,103086.28739929199,None,None,Tuesday,4,2014,2.8323521101025384,36451.92857142857
2014-04-16,34228.0,97582.56185913086,None,None,Wednesday,4,2014,2.850957165453163,36624.92857142857
2014-04-17,33193.0,93141.76206970215,None,None,Thursday,4,2014,2.806066401641977,36781.5
2014-04-18,38905.0,110277.60995483398,None,None,Friday,4,2014,2.8345356626354965,36985.17857142857
2014-04-19,47819.0,133475.6043701172,None,None,Saturday,4,2014,2.791267160963575,37212.96428571428
2014-04-20,38934.0,110288.39340209961,Easter,Cultural,Sunday,4,2014,2.8327013253736992,37025.92857142857
2014-04-21,31626.0,90941.93075561523,None,None,Monday,4,2014,2.8755432478218945,37018.17857142857
2014-04-22,30678.0,88318.9211730957,Pesach End,Religious,Tuesday,4,2014,2.878900879232535,37097.17857142857
2014-04-23,30437.0,85888.84963989258,None,None,Wednesday,4,2014,2.821856610043453,37219.42857142857
2014-04-24,30792.0,88049.29005432129,None,None,Thursday,4,2014,2.8594859071941183,37240.21428571428
2014-04-25,33427.0,96174.76675415039,None,None,Friday,4,2014,2.877158188115906,37258.392857142855
2014-04-26,42377.0,122726.38717651367,None,None,Saturday,4,2014,2.896061240213174,37300.67857142857
2014-04-27,43440.0,126735.7787475586,None,None,Sunday,4,2014,2.917490302660189,37310.82142857143
2014-04-28,31508.0,89362.03994750977,None,None,Monday,4,2014,2.8361698599565117,37340.67857142857
2014-04-29,29865.0,83844.59707641602,None,None,Tuesday,4,2014,2.8074534430408846,37203.42857142857
2014-04-30,28883.0,83868.91479492188,None,None,Wednesday,4,2014,2.903746660489626,37031.42857142857
2014-05-01,33859.0,97001.51040649414,None,None,Thursday,5,2014,2.864866369547067,36933.392857142855
2014-05-02,38951.0,110038.37219238281,None,None,Friday,5,2014,2.825046139826521,37050.03571428572
2014-05-03,46542.0,131130.37368774414,None,None,Saturday,5,2014,2.817463230796789,37041.67857142857
2014-05-04,45139.0,132802.8271484375,None,None,Sunday,5,2014,2.9420861593840693,36911.28571428572
2014-05-05,35820.0,103866.29650878906,Cinco De Mayo,Cultural,Monday,5,2014,2.8996732693687624,36883.642857142855
2014-05-06,33611.0,96271.7650756836,None,None,Tuesday,5,2014,2.864293388345589,36825.17857142857
2014-05-07,32146.0,92379.00714111328,None,None,Wednesday,5,2014,2.8737325683168446,36715.78571428572
2014-05-08,31819.0,91008.82710266113,None,None,Thursday,5,2014,2.860203875126847,36672.25
2014-05-09,36363.0,105102.2303314209,None,None,Friday,5,2014,2.890361915447595,36598.107142857145
2014-05-10,42843.0,123264.30072021484,None,None,Saturday,5,2014,2.877116465238542,36479.82142857143
2014-05-11,38180.0,109848.5765991211,Mother's day,Cultural,Sunday,5,2014,2.877123535859641,36197.57142857143
2014-05-12,37922.0,106588.68603515625,None,None,Monday,5,2014,2.8107348250397197,36275.107142857145
2014-05-13,33844.0,96494.77159118652,None,None,Tuesday,5,2014,2.851163325587594,36183.96428571428
2014-05-14,32817.0,92943.93925476074,None,None,Wednesday,5,2014,2.832188781874051,36133.57142857143
2014-05-15,33522.0,98030.63116455078,None,None,Thursday,5,2014,2.924367017616812,36145.32142857143
2014-05-16,34589.0,100920.85877990723,None,None,Friday,5,2014,2.917715423397821,35991.17857142857
2014-05-17,40019.0,117850.87985229492,None,None,Saturday,5,2014,2.9448731815461384,35712.607142857145
2014-05-18,43020.0,125455.4047241211,None,None,Sunday,5,2014,2.9162111744333123,35858.53571428572
2014-05-19,32314.0,94783.96072387695,None,None,Monday,5,2014,2.933216584882,35883.107142857145
2014-05-20,29926.0,86580.33877563477,None,None,Tuesday,5,2014,2.893147723572638,35856.25
2014-05-21,29083.0,84866.7561340332,None,None,Wednesday,5,2014,2.918088097308847,35807.892857142855
2014-05-22,30386.0,88275.5346069336,None,None,Thursday,5,2014,2.905138373163088,35793.392857142855
2014-05-23,33425.0,97655.43914794922,None,None,Friday,5,2014,2.9216286955257806,35793.32142857143
2014-05-24,38386.0,109838.32424926758,None,None,Saturday,5,2014,2.8614162519998847,35650.78571428572
2014-05-25,35965.0,105176.39807128906,None,None,Sunday,5,2014,2.9244097892753804,35383.82142857143
2014-05-26,33459.0,100995.56378173828,MemorialDay,National,Monday,5,2014,3.0184872166453953,35453.5
2014-05-27,28912.0,84471.87341308594,None,None,Tuesday,5,2014,2.921689036147134,35419.46428571428
2014-05-28,28109.0,81881.37269592285,None,None,Wednesday,5,2014,2.912994866267845,35391.82142857143
2014-05-29,27689.0,79964.86003112793,None,None,Thursday,5,2014,2.8879648969311975,35171.46428571428
2014-05-30,33740.0,98339.12510681152,None,None,Friday,5,2014,2.9146154447780535,34985.357142857145
2014-05-31,40692.0,117113.88121032715,None,None,Saturday,5,2014,2.8780566502095533,34776.42857142857
2014-06-01,44602.0,129673.72747802734,None,None,Sunday,6,2014,2.9073523043367415,34757.25
2014-06-02,37312.0,106476.02876281738,None,None,Monday,6,2014,2.8536671516621297,34810.53571428572
2014-06-03,38357.0,108237.29559326172,None,None,Tuesday,6,2014,2.8218394450364137,34980.03571428572
2014-06-04,32899.0,94968.58755493164,None,None,Wednesday,6,2014,2.8866709491149165,35006.92857142857
2014-06-05,35655.0,100267.0385131836,NBAFinalsStart,Sporting,Thursday,6,2014,2.812145239466655,35143.92857142857
2014-06-06,37457.0,105516.20959472656,None,None,Friday,6,2014,2.816995744312854,35183.0
2014-06-07,44347.0,127453.23370361328,None,None,Saturday,6,2014,2.8739990011413012,35236.71428571428
2014-06-08,45279.0,128571.68579101562,None,None,Sunday,6,2014,2.8395434040287024,35490.25
2014-06-09,38256.0,109436.56512451172,None,None,Monday,6,2014,2.8606379424014983,35502.17857142857
2014-06-10,33658.0,95817.93438720703,None,None,Tuesday,6,2014,2.8468101012302287,35495.53571428572
2014-06-11,34644.0,97363.48739624023,None,None,Wednesday,6,2014,2.8103997054681975,35560.78571428572
2014-06-12,35077.0,97583.78309631348,None,None,Thursday,6,2014,2.7819877154920167,35616.32142857143
2014-06-13,38356.0,107753.32205200195,None,None,Friday,6,2014,2.8092950790489613,35750.857142857145
2014-06-14,44984.0,126364.95101928711,None,None,Saturday,6,2014,2.8091088168968326,35928.17857142857
2014-06-15,42494.0,119744.93389892578,NBAFinalsEnd,Sporting,Sunday,6,2014,2.8179256812473708,35909.392857142855
2014-06-16,35203.0,101207.20417785645,None,None,Monday,6,2014,2.874959639174401,36012.57142857143
2014-06-17,33542.0,93719.02238464355,None,None,Tuesday,6,2014,2.7940797324143927,36141.71428571428
2014-06-18,32269.0,89381.7315826416,None,None,Wednesday,6,2014,2.769894684763755,36255.5
2014-06-19,33120.0,93788.12898254395,None,None,Thursday,6,2014,2.831767179424636,36353.142857142855
2014-06-20,37996.0,105095.78770446777,None,None,Friday,6,2014,2.7659697785153115,36516.392857142855
2014-06-21,42420.0,118615.22402954102,None,None,Saturday,6,2014,2.7962099016864927,36660.46428571428
2014-06-22,42460.0,122216.81970214844,None,None,Sunday,6,2014,2.878398956715696,36892.42857142857
2014-06-23,33158.0,93652.8482055664,None,None,Monday,6,2014,2.824442011145618,36881.67857142857
2014-06-24,30641.0,84826.53776550293,None,None,Tuesday,6,2014,2.7683997834764833,36943.42857142857
2014-06-25,28821.0,83374.57446289062,None,None,Wednesday,6,2014,2.892841138853288,36968.857142857145
2014-06-26,29356.0,82934.92021179199,None,None,Thursday,6,2014,2.8251437597694506,37028.392857142855
2014-06-27,34078.0,95019.2622833252,None,None,Friday,6,2014,2.7882875251870765,37040.46428571428
2014-06-28,39930.0,112287.64736938477,None,None,Saturday,6,2014,2.8121123809011963,37013.25
2014-06-29,40211.0,114098.62612915039,Ramadan starts,Religious,Sunday,6,2014,2.8374978520591476,36856.42857142857
2014-06-30,33449.0,94375.50485229492,None,None,Monday,6,2014,2.821474628607579,36718.46428571428
2014-07-01,37739.0,106332.11544799805,None,None,Tuesday,7,2014,2.8175657926282636,36696.392857142855
2014-07-02,37869.0,105217.43128967285,None,None,Wednesday,7,2014,2.778458139630644,36873.892857142855
2014-07-03,47028.0,130101.43453979492,None,None,Thursday,7,2014,2.766467520196371,37280.07142857143
2014-07-04,38593.0,106488.08251953125,IndependenceDay,National,Friday,7,2014,2.759258998251788,37320.642857142855
2014-07-05,40782.0,113354.15783691406,None,None,Saturday,7,2014,2.779514438647297,37193.32142857143
2014-07-06,45490.0,126298.74844360352,None,None,Sunday,7,2014,2.776406868401924,37200.857142857145
2014-07-07,37635.0,106208.7389831543,None,None,Monday,7,2014,2.822073574681926,37178.67857142857
2014-07-08,36448.0,103248.42277526855,None,None,Tuesday,7,2014,2.8327596239922235,37278.32142857143
2014-07-09,37214.0,106183.26550292969,None,None,Wednesday,7,2014,2.8533150293687775,37370.107142857145
2014-07-10,35179.0,100312.6796875,None,None,Thursday,7,2014,2.8514932115040224,37373.75
2014-07-11,40253.0,114105.0934753418,None,None,Friday,7,2014,2.8346978728378454,37441.5
2014-07-12,47696.0,133329.82778930664,None,None,Saturday,7,2014,2.795409002627194,37538.357142857145
2014-07-13,43675.0,124939.72286987305,None,None,Sunday,7,2014,2.860669098337105,37580.53571428572
2014-07-14,36281.0,101471.43855285645,None,None,Monday,7,2014,2.796820334413507,37619.03571428572
2014-07-15,35815.0,99753.38101196289,None,None,Tuesday,7,2014,2.7852402907151443,37700.21428571428
2014-07-16,33011.0,93019.94177246094,None,None,Wednesday,7,2014,2.8178468320396517,37726.71428571428
2014-07-17,32430.0,91137.4545135498,None,None,Thursday,7,2014,2.810282285339186,37702.07142857143
2014-07-18,36449.0,100767.2307434082,None,None,Friday,7,2014,2.764608925989964,37646.82142857143
2014-07-19,42480.0,118889.4921875,None,None,Saturday,7,2014,2.7987168594044256,37648.96428571428
2014-07-20,42689.0,120936.23263549805,None,None,Sunday,7,2014,2.832960074855303,37657.142857142855
2014-07-21,33451.0,94082.06297302246,None,None,Monday,7,2014,2.812533645422333,37667.607142857145
2014-07-22,31512.0,86998.77018737793,None,None,Tuesday,7,2014,2.7608139815745725,37698.71428571428
2014-07-23,30939.0,85977.52160644531,None,None,Wednesday,7,2014,2.7789366691375066,37774.357142857145
2014-07-24,30525.0,84253.44360351562,None,None,Thursday,7,2014,2.7601455725967443,37816.107142857145
2014-07-25,33848.0,93107.96923828125,None,None,Friday,7,2014,2.75076723110025,37807.892857142855
2014-07-26,39008.0,109609.51461791992,None,None,Saturday,7,2014,2.8099239801558635,37774.96428571428
2014-07-27,42214.0,118750.3512878418,None,None,Sunday,7,2014,2.813056125641773,37846.5
2014-07-28,32632.0,93586.83554077148,None,None,Monday,7,2014,2.867946664034429,37817.32142857143
2014-07-29,30705.0,85736.65969848633,Eid al-Fitr,Religious,Tuesday,7,2014,2.792270304461369,37566.107142857145
2014-07-30,30334.0,85316.07356262207,None,None,Wednesday,7,2014,2.8125559953392916,37297.0
2014-07-31,31840.0,89807.32305908203,None,None,Thursday,7,2014,2.8205817543681544,36754.57142857143
2014-08-01,43129.0,121289.92517089844,None,None,Friday,8,2014,2.8122591567367303,36916.57142857143
2014-08-02,47011.0,131454.02334594727,None,None,Saturday,8,2014,2.7962396746707636,37139.03571428572
2014-08-03,47572.0,131917.30935668945,None,None,Sunday,8,2014,2.77300322367547,37213.392857142855
2014-08-04,35799.0,100029.81829833984,None,None,Monday,8,2014,2.79420705322327,37147.82142857143
2014-08-05,36238.0,98909.7121887207,None,None,Tuesday,8,2014,2.729447325700113,37140.32142857143
2014-08-06,34547.0,95917.49041748047,None,None,Wednesday,8,2014,2.77643472421572,37045.07142857143
2014-08-07,34577.0,94402.07247924805,None,None,Thursday,8,2014,2.7301984694811017,37023.57142857143
2014-08-08,38980.0,105177.06979370117,None,None,Friday,8,2014,2.698231651967706,36978.107142857145
2014-08-09,45258.0,124172.78228759766,None,None,Saturday,8,2014,2.7436648169958384,36891.03571428572
2014-08-10,43249.0,121403.36148071289,None,None,Sunday,8,2014,2.80707904184404,36875.82142857143
2014-08-11,36122.0,100093.47666931152,None,None,Monday,8,2014,2.770983795728684,36870.142857142855
2014-08-12,36672.0,99162.63279724121,None,None,Tuesday,8,2014,2.7040421247066213,36900.75
2014-08-13,34419.0,95785.3401184082,None,None,Wednesday,8,2014,2.7829204834076586,36951.03571428572
2014-08-14,34536.0,95080.37049865723,None,None,Thursday,8,2014,2.7530799889581083,37026.25
2014-08-15,38258.0,106070.86785888672,None,None,Friday,8,2014,2.772514712187953,37090.857142857145
2014-08-16,44555.0,124102.83233642578,None,None,Saturday,8,2014,2.785385082177663,37164.96428571428
2014-08-17,46673.0,132448.03985595703,None,None,Sunday,8,2014,2.837787154370986,37307.25
2014-08-18,35379.0,100880.32743835449,None,None,Monday,8,2014,2.8514182831158172,37376.107142857145
2014-08-19,31959.0,90313.31173706055,None,None,Tuesday,8,2014,2.825911691137412,37392.07142857143
2014-08-20,31847.0,90602.76676940918,None,None,Wednesday,8,2014,2.8449388253025143,37424.5
2014-08-21,32399.0,91594.97004699707,None,None,Thursday,8,2014,2.827092504305598,37491.42857142857
2014-08-22,37116.0,104528.58157348633,None,None,Friday,8,2014,2.8162674203439577,37608.142857142855
2014-08-23,44673.0,126619.14276123047,None,None,Saturday,8,2014,2.834355041327658,37810.46428571428
2014-08-24,47443.0,136646.77407836914,None,None,Sunday,8,2014,2.8802304676847825,37997.21428571428
2014-08-25,34667.0,100198.33604431152,None,None,Monday,8,2014,2.8903088252318208,38069.892857142855
2014-08-26,31402.0,90226.02841186523,None,None,Tuesday,8,2014,2.8732573852577934,38094.78571428572
2014-08-27,29506.0,84276.83726501465,None,None,Wednesday,8,2014,2.8562610067448873,38065.21428571428
2014-08-28,29976.0,86502.83213806152,None,None,Thursday,8,2014,2.8857363269969816,37998.642857142855
2014-08-29,37693.0,108046.90969848633,None,None,Friday,8,2014,2.866498015506495,37804.5
2014-08-30,43237.0,124025.34658813477,None,None,Saturday,8,2014,2.8685002795784804,37669.71428571428
2014-08-31,39210.0,113717.498046875,None,None,Sunday,8,2014,2.9002167316213976,37371.07142857143
2014-09-01,43256.0,126327.9970703125,LaborDay,National,Monday,9,2014,2.9204733926001594,37637.392857142855
2014-09-02,34299.0,97582.21096801758,None,None,Tuesday,9,2014,2.8450453648216443,37568.142857142855
2014-09-03,37397.0,105199.11367797852,None,None,Wednesday,9,2014,2.813036170761786,37669.92857142857
2014-09-04,31483.0,90591.94876098633,None,None,Thursday,9,2014,2.877487811231024,37559.42857142857
2014-09-05,35966.0,102031.44972229004,None,None,Friday,9,2014,2.83688621815854,37451.78571428572
2014-09-06,46017.0,130746.18838500977,None,None,Saturday,9,2014,2.841258412869369,37478.892857142855
2014-09-07,45953.0,134513.5119934082,None,None,Sunday,9,2014,2.9271976148109635,37575.46428571428
2014-09-08,35580.0,102573.1375579834,None,None,Monday,9,2014,2.882887508656082,37556.107142857145
2014-09-09,34167.0,97603.26873779297,None,None,Tuesday,9,2014,2.856653166441097,37466.642857142855
2014-09-10,31792.0,92950.0027923584,None,None,Wednesday,9,2014,2.9236915825477605,37372.82142857143
2014-09-11,34480.0,100843.05625915527,None,None,Thursday,9,2014,2.924682606123993,37370.82142857143
2014-09-12,38359.0,110879.4755859375,None,None,Friday,9,2014,2.890572631870943,37374.42857142857
2014-09-13,47579.0,139489.4990234375,None,None,Saturday,9,2014,2.9317450771020304,37482.42857142857
2014-09-14,45747.0,135262.98657226562,None,None,Sunday,9,2014,2.9567618985346718,37449.357142857145
2014-09-15,36559.0,106799.85066223145,None,None,Monday,9,2014,2.9213012025009286,37491.5
2014-09-16,31037.0,90009.15921020508,None,None,Tuesday,9,2014,2.9000599030255847,37458.57142857143
2014-09-17,29831.0,87925.46604919434,None,None,Wednesday,9,2014,2.947452852710078,37386.57142857143
2014-09-18,28861.0,86467.0447845459,None,None,Thursday,9,2014,2.9959822869805586,37260.21428571428
2014-09-19,34832.0,102884.05763244629,None,None,Friday,9,2014,2.9537223711657754,37178.642857142855
2014-09-20,43032.0,126171.04064941406,None,None,Saturday,9,2014,2.93202827313195,37120.03571428572
2014-09-21,44402.0,130875.00671386719,None,None,Sunday,9,2014,2.947502515964758,37011.42857142857
2014-09-22,31510.0,93440.09774780273,None,None,Monday,9,2014,2.9654109091654313,36898.67857142857
2014-09-23,29410.0,85666.04605102539,None,None,Tuesday,9,2014,2.9128203349549606,36827.53571428572
2014-09-24,29001.0,84655.37005615234,None,None,Wednesday,9,2014,2.9190500346937123,36809.5
2014-09-25,29511.0,85692.30499267578,None,None,Thursday,9,2014,2.903741147120592,36792.892857142855
2014-09-26,33127.0,97685.65496826172,None,None,Friday,9,2014,2.948822862567142,36629.82142857143
2014-09-27,40839.0,119319.19589233398,None,None,Saturday,9,2014,2.921697296513969,36544.17857142857
2014-09-28,42924.0,126838.72412109375,None,None,Sunday,9,2014,2.9549604911260308,36676.82142857143
2014-09-29,31473.0,93055.11828613281,None,None,Monday,9,2014,2.95666502354821,36256.0
2014-09-30,29990.0,89194.5478515625,None,None,Tuesday,9,2014,2.974142976044098,36102.107142857145
2014-10-01,34602.0,103855.83380126953,None,None,Wednesday,10,2014,3.0014402000251295,36002.28571428572
2014-10-02,34249.0,101171.00872802734,None,None,Thursday,10,2014,2.9539843127690544,36101.07142857143
2014-10-03,41836.0,122473.48054504395,None,None,Friday,10,2014,2.927466309997226,36310.71428571428
2014-10-04,47199.0,140676.73553466797,EidAlAdha,Religious,Saturday,10,2014,2.9805024584136945,36352.92857142857
2014-10-05,48361.0,147665.46229553223,None,None,Sunday,10,2014,3.0533996876725507,36438.92857142857
2014-10-06,37719.0,112487.19815063477,None,None,Monday,10,2014,2.9822423221886787,36515.32142857143
2014-10-07,33151.0,100347.3696899414,None,None,Tuesday,10,2014,3.026978663990269,36479.03571428572
2014-10-08,33185.0,99152.35775756836,None,None,Wednesday,10,2014,2.9878667397187995,36528.78571428572
2014-10-09,33738.0,101025.55448913574,None,None,Thursday,10,2014,2.9944144433320217,36502.28571428572
2014-10-10,35001.0,105179.97392272949,None,None,Friday,10,2014,3.0050562533278904,36382.357142857145
2014-10-11,44561.0,135956.45233154297,None,None,Saturday,10,2014,3.051018880445748,36274.57142857143
2014-10-12,46735.0,145531.39028930664,None,None,Sunday,10,2014,3.113970050054705,36309.857142857145
2014-10-13,33557.0,103692.47064208984,ColumbusDay,National,Monday,10,2014,3.090039951190209,36202.642857142855
2014-10-14,32451.0,99248.15034484863,None,None,Tuesday,10,2014,3.0584003680887686,36253.142857142855
2014-10-15,34193.0,103345.71911621094,None,None,Wednesday,10,2014,3.022423277168161,36408.92857142857
2014-10-16,29936.0,92675.56596374512,None,None,Thursday,10,2014,3.0957898838771083,36447.32142857143
2014-10-17,33430.0,103065.13864135742,None,None,Friday,10,2014,3.0830134203217896,36397.25
2014-10-18,43755.0,132795.8338317871,None,None,Saturday,10,2014,3.034986489127805,36423.07142857143
2014-10-19,43456.0,134735.04974365234,None,None,Sunday,10,2014,3.1004935968255785,36389.28571428572
2014-10-20,32233.0,99992.97213745117,None,None,Monday,10,2014,3.102192539864461,36415.107142857145
2014-10-21,29367.0,90011.53997802734,None,None,Tuesday,10,2014,3.0650573765800844,36413.57142857143
2014-10-22,27926.0,85476.53733825684,None,None,Wednesday,10,2014,3.0608227937497974,36375.17857142857
2014-10-23,28506.0,87258.91694641113,None,None,Thursday,10,2014,3.0610719478850466,36339.28571428572
2014-10-24,32790.0,99310.63815307617,None,None,Friday,10,2014,3.0286867384286724,36327.25
2014-10-25,40753.0,123654.85046386719,None,None,Saturday,10,2014,3.034251477532137,36324.17857142857
2014-10-26,40197.0,126245.00863647461,None,None,Sunday,10,2014,3.140657477833535,36226.78571428572
2014-10-27,31203.0,95533.82580566406,None,None,Monday,10,2014,3.0616872033350657,36217.142857142855
2014-10-28,28340.0,85353.56829833984,None,None,Tuesday,10,2014,3.011770229299218,36158.21428571428
2014-10-29,27563.0,83512.2589263916,None,None,Wednesday,10,2014,3.0298682627577405,35906.82142857143
2014-10-30,30235.0,91554.80950927734,None,None,Thursday,10,2014,3.0281068136026903,35763.46428571428
2014-10-31,32850.0,99272.37498474121,Halloween,Cultural,Friday,10,2014,3.021990106080402,35442.53571428572
2014-11-01,44249.0,137201.35208129883,None,None,Saturday,11,2014,3.1006655987999463,35337.17857142857
2014-11-02,46072.0,144262.6141052246,None,None,Sunday,11,2014,3.131242709351116,35255.42857142857
2014-11-03,38564.0,117673.35305786133,None,None,Monday,11,2014,3.0513783076927012,35285.607142857145
2014-11-04,31952.0,97257.63201904297,None,None,Tuesday,11,2014,3.043866800796287,35242.78571428572
2014-11-05,30832.0,93835.97352600098,None,None,Wednesday,11,2014,3.0434604802153924,35158.75
2014-11-06,33223.0,102210.36001586914,None,None,Thursday,11,2014,3.076493995601515,35140.357142857145
2014-11-07,34763.0,105916.72479248047,None,None,Friday,11,2014,3.0468234845232134,35131.857142857145
2014-11-08,44270.0,137285.08166503906,None,None,Saturday,11,2014,3.1010861004074783,35121.46428571428
2014-11-09,47415.0,144849.61624145508,None,None,Sunday,11,2014,3.054932326087843,35145.75
2014-11-10,34449.0,104483.9262084961,None,None,Monday,11,2014,3.0330031701499633,35177.607142857145
2014-11-11,32588.0,98083.01870727539,VeteransDay,National,Tuesday,11,2014,3.0097894533962006,35182.5
2014-11-12,30490.0,90494.84257507324,None,None,Wednesday,11,2014,2.968017139228378,35050.25
2014-11-13,28711.0,86971.08801269531,None,None,Thursday,11,2014,3.029190484925475,35006.5
2014-11-14,34739.0,102727.5513305664,None,None,Friday,11,2014,2.957124595715663,35053.25
2014-11-15,44383.0,134778.0817565918,None,None,Saturday,11,2014,3.0367050843023633,35075.67857142857
2014-11-16,43516.0,136645.99374389648,None,None,Sunday,11,2014,3.140132221341495,35077.82142857143
2014-11-17,31811.0,99438.6577758789,None,None,Monday,11,2014,3.1259205235886616,35062.75
2014-11-18,28014.0,87328.96592712402,None,None,Tuesday,11,2014,3.1173329737675455,35014.42857142857
2014-11-19,28047.0,86050.37666320801,None,None,Wednesday,11,2014,3.0680777503193926,35018.75
2014-11-20,28247.0,85721.8316040039,None,None,Thursday,11,2014,3.0347233902362696,35009.5
2014-11-21,32863.0,100417.93905639648,None,None,Friday,11,2014,3.0556534417550583,35012.107142857145
2014-11-22,42402.0,129985.10684204102,None,None,Saturday,11,2014,3.065541881091482,35071.0
2014-11-23,40630.0,125730.56677246094,None,None,Sunday,11,2014,3.094525394350503,35086.46428571428
2014-11-24,31598.0,96134.0691986084,None,None,Monday,11,2014,3.0424099372937654,35100.57142857143
2014-11-25,31888.0,95506.53923034668,None,None,Tuesday,11,2014,2.9950620681869884,35227.28571428572
2014-11-26,36903.0,108912.8869934082,None,None,Wednesday,11,2014,2.951328807777368,35560.857142857145
2014-11-27,21844.0,62226.41778564453,Thanksgiving,National,Thursday,11,2014,2.848673218533443,35261.17857142857
2014-11-28,26354.0,80040.16278076172,None,None,Friday,11,2014,3.0371162928117825,35029.17857142857
2014-11-29,34456.0,104672.38827514648,None,None,Saturday,11,2014,3.03785663672935,34679.42857142857
2014-11-30,35805.0,110097.78302001953,None,None,Sunday,11,2014,3.0749276084351216,34312.75
2014-12-01,34305.0,104445.23690795898,None,None,Monday,12,2014,3.044606818480075,34160.642857142855
2014-12-02,30569.0,93644.66149902344,None,None,Tuesday,12,2014,3.063386486277714,34111.25
2014-12-03,32605.0,100182.48190307617,None,None,Wednesday,12,2014,3.072611007608532,34174.57142857143
2014-12-04,31516.0,97799.12614440918,None,None,Thursday,12,2014,3.103157956098781,34113.607142857145
2014-12-05,36963.0,114369.27227783203,None,None,Friday,12,2014,3.094155568482862,34192.17857142857
2014-12-06,43815.0,134196.71310424805,None,None,Saturday,12,2014,3.0628029922229385,34175.92857142857
2014-12-07,42527.0,135041.91436767578,None,None,Sunday,12,2014,3.1754394706345566,34001.357142857145
2014-12-08,33114.0,102062.14877319336,None,None,Monday,12,2014,3.0821449771454175,33953.67857142857
2014-12-09,32667.0,98257.43232727051,None,None,Tuesday,12,2014,3.0078498891012493,33956.5
2014-12-10,31898.0,98037.71173095703,None,None,Wednesday,12,2014,3.0734751937725573,34006.78571428572
2014-12-11,26115.0,80146.06022644043,None,None,Thursday,12,2014,3.0689665030228004,33914.07142857143
2014-12-12,33502.0,103606.36973571777,None,None,Friday,12,2014,3.092542825375135,33869.892857142855
2014-12-13,40036.0,125213.6669921875,None,None,Saturday,12,2014,3.1275269005941526,33714.642857142855
2014-12-14,42006.0,135110.79541015625,None,None,Sunday,12,2014,3.216464205355336,33660.71428571428
2014-12-15,34127.0,106547.57548522949,None,None,Monday,12,2014,3.1220902946414713,33743.42857142857
2014-12-16,29936.0,91836.31517028809,None,None,Tuesday,12,2014,3.067755049782472,33812.07142857143
2014-12-17,30152.0,93689.82402038574,None,None,Wednesday,12,2014,3.1072507303126073,33887.25
2014-12-18,32367.0,100046.20220947266,None,None,Thursday,12,2014,3.090993981817056,34034.392857142855
2014-12-19,29834.0,92852.29557800293,None,None,Friday,12,2014,3.112297900985551,33926.21428571428
2014-12-20,38421.0,122474.95053100586,None,None,Saturday,12,2014,3.1877085586269454,33784.03571428572
2014-12-21,38488.0,119613.21032714844,None,None,Sunday,12,2014,3.1078052984605185,33707.53571428572
2014-12-22,33736.0,103582.03973388672,None,None,Monday,12,2014,3.070371109019644,33783.892857142855
2014-12-23,34862.0,105444.47048950195,None,None,Tuesday,12,2014,3.0246248204205712,33890.107142857145
2014-12-24,29617.0,90657.5246887207,Chanukah End,Religious,Wednesday,12,2014,3.0609962078779316,33629.892857142855
2014-12-25,20.0,37.86000108718872,Christmas,National,Thursday,12,2014,1.893000054359436,32850.46428571428
2014-12-26,32909.0,104277.42839050293,None,None,Friday,12,2014,3.168659892142056,33084.57142857143
2014-12-27,32594.0,101517.13360595703,None,None,Saturday,12,2014,3.1145957417302887,33018.07142857143
2014-12-28,31894.0,100642.00904846191,None,None,Sunday,12,2014,3.155515427618421,32878.392857142855
2014-12-29,29990.0,93173.31288146973,None,None,Monday,12,2014,3.1068127002824184,32724.285714285714
2014-12-30,29417.0,94000.0418548584,None,None,Tuesday,12,2014,3.1954326360559677,32683.14285714286
2014-12-31,33450.0,106198.16390991211,None,None,Wednesday,12,2014,3.1748330017910944,32713.321428571428
2015-01-01,26452.0,82419.40119934082,NewYear,National,Thursday,1,2015,3.115809813977802,32532.464285714286
2015-01-02,39633.0,122565.57238769531,None,None,Friday,1,2015,3.092513117545866,32627.821428571428
2015-01-03,41085.0,127966.36630249023,None,None,Saturday,1,2015,3.114673635207259,32530.321428571428
2015-01-04,39647.0,122497.08364868164,None,None,Sunday,1,2015,3.0896936375685837,32427.464285714286
2015-01-05,34691.0,108402.32958984375,None,None,Monday,1,2015,3.124796909568584,32483.785714285714
2015-01-06,32682.0,99472.00903320312,None,None,Tuesday,1,2015,3.0436328570223097,32484.321428571428
2015-01-07,29165.0,89744.37669372559,OrthodoxChristmas,Religious,Wednesday,1,2015,3.0771258938359534,32386.714285714286
2015-01-08,29029.0,89985.4282989502,None,None,Thursday,1,2015,3.099845957454621,32490.785714285714
2015-01-09,34385.0,105474.63327026367,None,None,Friday,1,2015,3.067460615683108,32522.321428571428
2015-01-10,43946.0,136556.99932861328,None,None,Saturday,1,2015,3.107381771460731,32661.964285714286
2015-01-11,45066.0,138496.43881225586,None,None,Sunday,1,2015,3.073191293042557,32771.25
2015-01-12,35574.0,105880.75614929199,None,None,Monday,1,2015,2.9763522839515373,32822.92857142857
2015-01-13,30324.0,90534.71109008789,None,None,Tuesday,1,2015,2.9855794449969624,32836.78571428572
2015-01-14,31059.0,92766.92262268066,None,None,Wednesday,1,2015,2.98679682612707,32869.17857142857
2015-01-15,33063.0,100707.26992797852,None,None,Thursday,1,2015,3.045920513201419,32894.03571428572
2015-01-16,34889.0,104807.33110046387,None,None,Friday,1,2015,3.0040222161845818,33074.57142857143
2015-01-17,45169.0,136484.7579345703,None,None,Saturday,1,2015,3.0216466588715782,33315.57142857143
2015-01-18,40724.0,126685.8010559082,None,None,Sunday,1,2015,3.110838843333371,33395.42857142857
2015-01-19,34412.0,106383.82124328613,MartinLutherKingDay,National,Monday,1,2015,3.091474521773978,33419.57142857143
2015-01-20,28363.0,87147.05671691895,None,None,Tuesday,1,2015,3.0725613199209865,33187.46428571428
2015-01-21,28109.0,85618.16410827637,None,None,Wednesday,1,2015,3.045934188632693,33133.607142857145
2015-01-22,25795.0,77256.37983703613,None,None,Thursday,1,2015,2.9950137560393926,34054.142857142855
2015-01-23,32221.0,95199.6068572998,None,None,Friday,1,2015,2.954582628015884,34029.57142857143
2015-01-24,42181.0,125984.91427612305,None,None,Saturday,1,2015,2.9867692628463773,34371.96428571428
2015-01-25,42623.0,127043.2399597168,None,None,Sunday,1,2015,2.9806264214090232,34755.142857142855
2015-01-26,30358.0,90828.88027954102,None,None,Monday,1,2015,2.991925696012287,34768.28571428572
2015-01-27,27873.0,82571.6640625,None,None,Tuesday,1,2015,2.9624247143292792,34713.142857142855
2015-01-28,28104.0,82062.10470581055,None,None,Wednesday,1,2015,2.9199439476875373,34522.21428571428
2015-01-29,28225.0,83845.02397155762,None,None,Thursday,1,2015,2.970594294829322,34585.53571428572
2015-01-30,37440.0,112908.90991210938,None,None,Friday,1,2015,3.015729431413178,34507.21428571428
2015-01-31,50828.0,150369.81640625,None,None,Saturday,1,2015,2.9584051390227826,34855.17857142857
2015-02-01,40385.0,120588.36981201172,SuperBowl,Sporting,Sunday,2,2015,2.985969290875615,34881.53571428572
2015-02-02,35006.0,104233.43115234375,None,None,Monday,2,2015,2.9775875893373636,34892.78571428572
2015-02-03,37405.0,110864.03636169434,None,None,Tuesday,2,2015,2.96388280608727,35061.46428571428
2015-02-04,33992.0,101687.0863647461,None,None,Wednesday,2,2015,2.9915005402667125,35233.857142857145
2015-02-05,34647.0,102668.11790466309,None,None,Thursday,2,2015,2.9632614051624406,35434.5
2015-02-06,36809.0,107277.5112915039,None,None,Friday,2,2015,2.9144369934392107,35521.07142857143
2015-02-07,50836.0,151816.25845336914,None,None,Saturday,2,2015,2.9863926834009193,35767.142857142855
2015-02-08,49719.0,152700.25872802734,None,None,Sunday,2,2015,3.0712656877255644,35933.32142857143
2015-02-09,39170.0,117612.99813842773,None,None,Monday,2,2015,3.0026295159159493,36061.75
2015-02-10,35464.0,108126.63018798828,None,None,Tuesday,2,2015,3.0489124235277543,36245.32142857143
2015-02-11,35701.0,108078.63940429688,None,None,Wednesday,2,2015,3.0273280693621154,36411.107142857145
2015-02-12,38570.0,115708.09762573242,None,None,Thursday,2,2015,2.999950677358891,36607.78571428572
2015-02-13,36936.0,112409.01571655273,None,None,Friday,2,2015,3.0433456713383347,36680.892857142855
2015-02-14,41614.0,128469.77856445312,ValentinesDay,Cultural,Saturday,2,2015,3.0871768771195542,36553.92857142857
2015-02-15,44007.0,140256.0108947754,None,None,Sunday,2,2015,3.1871295679045466,36671.17857142857
2015-02-16,37147.0,116162.9521484375,PresidentsDay,National,Monday,2,2015,3.1271153026741727,36768.857142857145
2015-02-17,30697.0,96497.01068115234,None,None,Tuesday,2,2015,3.143532289186316,36852.21428571428
2015-02-18,28505.0,87432.5590209961,LentStart,Religious,Wednesday,2,2015,3.067270970741838,36866.357142857145
2015-02-19,28808.0,90275.04618835449,None,None,Thursday,2,2015,3.1336797482766765,36973.96428571428
2015-02-20,33119.0,103151.92733764648,None,None,Friday,2,2015,3.114584599101618,37006.03571428572
2015-02-21,42109.0,132141.28909301758,None,None,Saturday,2,2015,3.1380771116155115,37003.46428571428
2015-02-22,43759.0,136821.98107910156,None,None,Sunday,2,2015,3.126716357300248,37044.03571428572
2015-02-23,31522.0,99071.03596496582,None,None,Monday,2,2015,3.142917199573816,37085.607142857145
2015-02-24,29780.0,92196.31077575684,None,None,Tuesday,2,2015,3.0959137265197056,37153.71428571428
2015-02-25,29227.0,90718.2889251709,LentWeek2,Religious,Wednesday,2,2015,3.1039206529979437,37193.82142857143
2015-02-26,29223.0,92121.58932495117,None,None,Thursday,2,2015,3.152365921532737,37229.46428571428
2015-02-27,33566.0,105107.79043579102,None,None,Friday,2,2015,3.13137670368203,37091.107142857145
2015-02-28,44154.0,138672.8966369629,None,None,Saturday,2,2015,3.140664416292134,36852.75
2015-03-01,45186.0,148438.7367553711,None,None,Sunday,3,2015,3.285060345137235,37024.21428571428
2015-03-02,35398.0,113829.23403930664,None,None,Monday,3,2015,3.215696763639376,37038.21428571428
2015-03-03,34387.0,108001.91035461426,None,None,Tuesday,3,2015,3.140777338954089,36930.42857142857
2015-03-04,31774.0,100027.71812438965,None,None,Wednesday,3,2015,3.148099645130914,36851.21428571428
2015-03-05,32819.0,102463.14233398438,Purim End,Religious,Thursday,3,2015,3.122067775800127,36785.92857142857
2015-03-06,35937.0,112089.59552001953,None,None,Friday,3,2015,3.119058227454143,36754.78571428572
2015-03-07,44229.0,140162.10232543945,None,None,Saturday,3,2015,3.16900907380767,36518.82142857143
2015-03-08,47379.0,149976.9337463379,None,None,Sunday,3,2015,3.1654727568403276,36435.25
2015-03-09,36020.0,113439.70979309082,None,None,Monday,3,2015,3.1493534090252866,36322.75
2015-03-10,33597.0,106317.42379760742,None,None,Tuesday,3,2015,3.16449158548702,36256.07142857143
2015-03-11,32891.0,103024.44831848145,None,None,Wednesday,3,2015,3.132299058054831,36155.71428571428
2015-03-12,34391.0,106397.1233215332,None,None,Thursday,3,2015,3.093749042526626,36006.46428571428
2015-03-13,36623.0,112677.43626403809,None,None,Friday,3,2015,3.076685041204655,35995.28571428572
2015-03-14,44471.0,137480.43954467773,None,None,Saturday,3,2015,3.0914627407676405,36097.32142857143
2015-03-15,48827.0,152567.41485595703,None,None,Sunday,3,2015,3.124652648247016,36269.46428571428
2015-03-16,35495.0,110998.3860168457,None,None,Monday,3,2015,3.127155543508824,36210.46428571428
2015-03-17,31412.0,98187.30584716797,StPatricksDay,Cultural,Tuesday,3,2015,3.125789693339105,36236.0
2015-03-18,29947.0,93405.72439575195,None,None,Wednesday,3,2015,3.1190344407036417,36287.5
2015-03-19,29369.0,92318.97555541992,None,None,Thursday,3,2015,3.1434156953052512,36307.53571428572
2015-03-20,32999.0,103131.50413513184,None,None,Friday,3,2015,3.1252918008161408,36303.25
2015-03-21,41982.0,131102.35342407227,None,None,Saturday,3,2015,3.122822958031353,36298.71428571428
2015-03-22,44014.0,140114.08856201172,None,None,Sunday,3,2015,3.1833982042534585,36307.82142857143
2015-03-23,32338.0,102645.16258239746,None,None,Monday,3,2015,3.174134534677391,36336.96428571428
2015-03-24,26841.0,83677.22792816162,None,None,Tuesday,3,2015,3.117515291090556,36232.0
2015-03-25,31995.0,101850.15449523926,None,None,Wednesday,3,2015,3.1833147209013677,36330.857142857145
2015-03-26,29902.0,92770.01113891602,None,None,Thursday,3,2015,3.102468434851047,36355.107142857145
2015-03-27,32535.0,100537.26594543457,None,None,Friday,3,2015,3.090126508235272,36318.28571428572
2015-03-28,41531.0,129264.07565307617,None,None,Saturday,3,2015,3.11247202458588,36224.607142857145
2015-03-29,42583.0,132963.97494506836,None,None,Sunday,3,2015,3.122466123689462,36131.642857142855
2015-03-30,31899.0,98970.20391845703,None,None,Monday,3,2015,3.1026114899669905,36006.67857142857
2015-03-31,30956.0,96061.91061401367,None,None,Tuesday,3,2015,3.103175817741752,35884.142857142855
2015-04-01,35060.0,108987.76620483398,None,None,Wednesday,4,2015,3.1086071364755843,36001.5
2015-04-02,33817.0,102288.92797851562,None,None,Thursday,4,2015,3.024778306133472,36037.142857142855
2015-04-03,44108.0,132750.87365722656,None,None,Friday,4,2015,3.009677919135453,36328.96428571428
2015-04-04,48419.0,147209.0124206543,None,None,Saturday,4,2015,3.04031500899759,36478.607142857145
2015-04-05,41636.0,133510.68774414062,Easter,Cultural,Sunday,4,2015,3.20661657565906,36273.5
2015-04-06,36215.0,115675.55825805664,None,None,Monday,4,2015,3.1941338743077905,36280.46428571428
2015-04-07,33911.0,106345.93334960938,None,None,Tuesday,4,2015,3.1360305903573877,36291.67857142857
2015-04-08,34149.0,107403.47888183594,None,None,Wednesday,4,2015,3.145142723998827,36336.607142857145
2015-04-09,34437.0,107585.9372253418,None,None,Thursday,4,2015,3.124137910542202,36338.25
2015-04-10,36853.0,114582.54278564453,None,None,Friday,4,2015,3.1091781614968803,36346.46428571428
2015-04-11,45272.0,140711.78854370117,Pesach End,Religious,Saturday,4,2015,3.1081416448069707,36375.07142857143
2015-04-12,47180.0,150877.5407409668,OrthodoxEaster,Religious,Sunday,4,2015,3.1979131144757695,36316.25
2015-04-13,34494.0,108344.74626159668,None,None,Monday,4,2015,3.140973684165266,36280.5
2015-04-14,33597.0,102896.80604553223,None,None,Tuesday,4,2015,3.0626783952594643,36358.53571428572
2015-04-15,34690.0,106913.76145935059,None,None,Wednesday,4,2015,3.0819764041323316,36527.92857142857
2015-04-16,31431.0,98373.39561462402,None,None,Thursday,4,2015,3.129820737953741,36601.57142857143
2015-04-17,33059.0,103030.46308898926,None,None,Friday,4,2015,3.1165632078704517,36603.71428571428
2015-04-18,42516.0,132625.7425994873,None,None,Saturday,4,2015,3.119431334073932,36622.78571428572
2015-04-19,44359.0,141758.51690673828,None,None,Sunday,4,2015,3.1957103836141094,36635.107142857145
2015-04-20,33118.0,105781.11683654785,None,None,Monday,4,2015,3.1940671790732487,36662.96428571428
2015-04-21,30227.0,96605.94486999512,None,None,Tuesday,4,2015,3.1960149823004307,36783.892857142855
2015-04-22,30382.0,95237.55242919922,None,None,Wednesday,4,2015,3.1346702794154178,36726.28571428572
2015-04-23,30658.0,96459.97427368164,None,None,Thursday,4,2015,3.1463231219806134,36753.28571428572
2015-04-24,34423.0,107246.75479125977,None,None,Friday,4,2015,3.1155551460145765,36820.71428571428
2015-04-25,43598.0,136837.32051086426,None,None,Saturday,4,2015,3.1386146270669357,36894.53571428572
2015-04-26,43406.0,136222.33547973633,None,None,Sunday,4,2015,3.1383296198621466,36923.92857142857
2015-04-27,33444.0,105241.5622253418,None,None,Monday,4,2015,3.1467994924453353,36979.107142857145
2015-04-28,29750.0,92166.51640319824,None,None,Tuesday,4,2015,3.0980341648133862,36936.03571428572
2015-04-29,28667.0,87707.97018432617,None,None,Wednesday,4,2015,3.0595447791651087,36707.71428571428
2015-04-30,30553.0,94389.57331848145,None,None,Thursday,4,2015,3.0893716924191224,36591.142857142855
2015-05-01,40976.0,124224.80967712402,None,None,Friday,5,2015,3.0316480299961936,36479.28571428572
2015-05-02,47052.0,141390.03118896484,None,None,Saturday,5,2015,3.0049738839786797,36430.46428571428
2015-05-03,49102.0,154247.24258422852,None,None,Sunday,5,2015,3.141363744536445,36697.107142857145
2015-05-04,38169.0,118548.28701782227,None,None,Monday,5,2015,3.1058787764369584,36766.892857142855
2015-05-05,35089.0,107840.61428833008,Cinco De Mayo,Cultural,Tuesday,5,2015,3.073345330112858,36808.96428571428
2015-05-06,35296.0,107104.4532623291,None,None,Wednesday,5,2015,3.0344643376679823,36849.92857142857
2015-05-07,33321.0,103686.5629119873,None,None,Thursday,5,2015,3.1117482342062757,36810.07142857143
2015-05-08,37424.0,114875.97135925293,None,None,Friday,5,2015,3.0695802522245867,36830.46428571428
2015-05-09,47269.0,145414.5810699463,None,None,Saturday,5,2015,3.076320232497965,36901.78571428572
2015-05-10,38030.0,119017.46342468262,Mother's day,Cultural,Sunday,5,2015,3.1295677997549993,36575.0
2015-05-11,37192.0,117806.75247192383,None,None,Monday,5,2015,3.167529373841789,36671.357142857145
2015-05-12,35033.0,109681.7642211914,None,None,Tuesday,5,2015,3.130812782838792,36722.642857142855
2015-05-13,33685.0,104737.52919006348,None,None,Wednesday,5,2015,3.1093225230833745,36686.75
2015-05-14,32054.0,102147.04052734375,None,None,Thursday,5,2015,3.186717430814992,36709.0
2015-05-15,37764.0,116856.18650817871,None,None,Friday,5,2015,3.094380534587933,36877.03571428572
2015-05-16,44336.0,138699.07864379883,None,None,Saturday,5,2015,3.1283624739218427,36942.03571428572
2015-05-17,44493.0,141537.69885253906,None,None,Sunday,5,2015,3.1811228474712667,36946.82142857143
2015-05-18,34296.0,108710.58140563965,None,None,Monday,5,2015,3.169774358690216,36988.892857142855
2015-05-19,30671.0,97688.57528686523,None,None,Tuesday,5,2015,3.1850469592404953,37004.75
2015-05-20,31158.0,98024.18444824219,None,None,Wednesday,5,2015,3.1460358318326653,37032.46428571428
2015-05-21,30601.0,95351.64222717285,None,None,Thursday,5,2015,3.1159649105314484,37030.42857142857
2015-05-22,36267.0,113071.4264831543,None,None,Friday,5,2015,3.11774964797624,37096.28571428572
2015-05-23,39975.0,125406.1591796875,None,None,Saturday,5,2015,3.1371146761647903,36966.892857142855
2015-05-24,37426.0,121743.20205688477,None,None,Sunday,5,2015,3.2529044529707893,36753.32142857143
2015-05-25,37817.0,121412.8139038086,MemorialDay,National,Monday,5,2015,3.2105353122619085,36909.5
2015-05-26,30879.0,97959.39450073242,None,None,Tuesday,5,2015,3.172362916568944,36949.82142857143
2015-05-27,30097.0,94622.92077636719,None,None,Wednesday,5,2015,3.143931979146333,37000.892857142855
2015-05-28,30216.0,93153.95330810547,None,None,Thursday,5,2015,3.0829346474750285,36988.857142857145
2015-05-29,32925.0,100133.33010864258,None,None,Friday,5,2015,3.0412552804447253,36701.32142857143
2015-05-30,40938.0,126925.91708374023,None,None,Saturday,5,2015,3.1004425493121364,36482.96428571428
2015-05-31,43463.0,138318.8931274414,None,None,Sunday,5,2015,3.1824515824365878,36281.57142857143
2015-06-01,38654.0,120562.59451293945,None,None,Monday,6,2015,3.11901988184766,36298.892857142855
2015-06-02,37424.0,108308.38876342773,None,None,Tuesday,6,2015,2.8940890541745334,36382.28571428572
2015-06-03,37990.0,114517.07160949707,None,None,Wednesday,6,2015,3.0144004108843663,36478.5
2015-06-04,34922.0,105612.12925720215,NBAFinalsStart,Sporting,Thursday,6,2015,3.0242291179543597,36535.67857142857
2015-06-05,39889.0,117720.11614990234,None,None,Friday,6,2015,2.951192462831917,36623.71428571428
2015-06-06,47507.0,141779.88485717773,None,None,Saturday,6,2015,2.984399874906387,36632.21428571428
2015-06-07,48426.0,146275.4810180664,None,None,Sunday,6,2015,3.0205980468770166,37003.5
2015-06-08,39922.0,118147.60871887207,None,None,Monday,6,2015,2.959461167247935,37101.0
2015-06-09,38184.0,112052.60333251953,None,None,Tuesday,6,2015,2.9345433514697135,37213.53571428572
2015-06-10,35176.0,106357.64608764648,None,None,Wednesday,6,2015,3.023585572198274,37266.78571428572
2015-06-11,35585.0,106235.55252075195,None,None,Thursday,6,2015,2.9854026280947576,37392.892857142855
2015-06-12,40282.0,118629.62287902832,None,None,Friday,6,2015,2.94497847373587,37482.82142857143
2015-06-13,44853.0,135317.76766967773,None,None,Saturday,6,2015,3.016916765203615,37501.28571428572
2015-06-14,48981.0,143739.2673034668,None,None,Sunday,6,2015,2.934592337916065,37661.57142857143
2015-06-15,47580.0,140645.30612182617,None,None,Monday,6,2015,2.955975328327578,38136.0
2015-06-16,31698.0,95151.65194702148,NBAFinalsEnd,Sporting,Tuesday,6,2015,3.0018187881576592,38172.67857142857
2015-06-17,31478.0,95385.81469726562,None,None,Wednesday,6,2015,3.0302374578202436,38184.107142857145
2015-06-18,34425.0,102202.92691040039,Ramadan starts,Religious,Thursday,6,2015,2.9688577170777166,38320.67857142857
2015-06-19,37829.0,111813.53359985352,None,None,Friday,6,2015,2.9557623410572185,38376.46428571428
2015-06-20,44255.0,129448.84786987305,None,None,Saturday,6,2015,2.9250671759094575,38529.32142857143
2015-06-21,41413.0,121644.07913208008,Father's day,Cultural,Sunday,6,2015,2.937340427693721,38671.71428571428
2015-06-22,34846.0,104958.68133544922,None,None,Monday,6,2015,3.0120725861059867,38565.607142857145
2015-06-23,33071.0,97983.32815551758,None,None,Tuesday,6,2015,2.9628172161566804,38643.892857142855
2015-06-24,31622.0,94113.9250793457,None,None,Wednesday,6,2015,2.9762167187194266,38698.357142857145
2015-06-25,32376.0,93913.2730255127,None,None,Thursday,6,2015,2.900706480896735,38775.5
2015-06-26,35945.0,107180.92599487305,None,None,Friday,6,2015,2.9818034773924897,38883.357142857145
2015-06-27,42213.0,125620.21118164062,None,None,Saturday,6,2015,2.9758655196655206,38928.892857142855
2015-06-28,42946.0,130587.04196166992,None,None,Sunday,6,2015,3.0407265394139134,38910.42857142857
2015-06-29,33928.0,102892.3826751709,None,None,Monday,6,2015,3.0326686711616038,38741.642857142855
2015-06-30,32179.0,95041.23500061035,None,None,Tuesday,6,2015,2.9535173560586205,38554.32142857143
2015-07-01,38077.0,112470.92127990723,None,None,Wednesday,7,2015,2.9537758037636164,38557.42857142857
2015-07-02,41844.0,124629.42556762695,None,None,Thursday,7,2015,2.978430015477176,38804.642857142855
2015-07-03,54154.0,157721.45663452148,None,None,Friday,7,2015,2.9124618058596132,39314.107142857145
2015-07-04,37489.0,109252.77734375,IndependenceDay,National,Saturday,7,2015,2.914262246092187,38956.32142857143
2015-07-05,43532.0,131746.93545532227,None,None,Sunday,7,2015,3.0264388370697937,38781.53571428572
2015-07-06,41538.0,124382.23460388184,None,None,Monday,7,2015,2.994420400690496,38839.25
2015-07-07,37355.0,112107.08460998535,None,None,Tuesday,7,2015,3.001126612501281,38809.642857142855
2015-07-08,36049.0,109268.68013000488,None,None,Wednesday,7,2015,3.0311154298317535,38840.82142857143
2015-07-09,38210.0,112585.21633911133,None,None,Thursday,7,2015,2.9464856409084357,38934.57142857143
2015-07-10,39895.0,121185.9091796875,None,None,Friday,7,2015,3.0376214858926556,38920.75
2015-07-11,47405.0,142596.5439453125,None,None,Saturday,7,2015,3.008048601314471,39011.892857142855
2015-07-12,49594.0,149849.03161621094,None,None,Sunday,7,2015,3.021515336859518,39033.78571428572
2015-07-13,39058.0,118378.85899353027,None,None,Monday,7,2015,3.0308479439175144,38729.42857142857
2015-07-14,36831.0,108693.7137298584,None,None,Tuesday,7,2015,2.9511475042724444,38912.75
2015-07-15,38095.0,114399.37521362305,None,None,Wednesday,7,2015,3.003002368122406,39149.07142857143
2015-07-16,37478.0,112367.80700683594,None,None,Thursday,7,2015,2.99823381735514,39258.107142857145
2015-07-17,41847.0,121901.20381164551,None,None,Friday,7,2015,2.913021335141002,39401.607142857145
2015-07-18,45660.0,136418.81091308594,Eid al-Fitr,Religious,Saturday,7,2015,2.987709393628689,39451.78571428572
2015-07-19,47784.0,141206.26037597656,None,None,Sunday,7,2015,2.955095018750556,39679.32142857143
2015-07-20,37547.0,112895.36431884766,None,None,Monday,7,2015,3.0067745577235905,39775.78571428572
2015-07-21,34138.0,102282.80812072754,None,None,Tuesday,7,2015,2.996157013320275,39813.892857142855
2015-07-22,33376.0,98298.0793762207,None,None,Wednesday,7,2015,2.945172560409297,39876.53571428572
2015-07-23,34195.0,100600.44299316406,None,None,Thursday,7,2015,2.941963532480306,39941.5
2015-07-24,38441.0,113530.02613830566,None,None,Friday,7,2015,2.9533577726465405,40030.642857142855
2015-07-25,42624.0,128139.99069213867,None,None,Saturday,7,2015,3.0062873191661663,40045.32142857143
2015-07-26,44192.0,134069.31176757812,None,None,Sunday,7,2015,3.0337914502076875,40089.82142857143
2015-07-27,36126.0,107559.5041809082,None,None,Monday,7,2015,2.977343303463107,40168.32142857143
2015-07-28,32955.0,96801.30097961426,None,None,Tuesday,7,2015,2.937378272784532,40196.03571428572
2015-07-29,31593.0,93645.3059387207,None,None,Wednesday,7,2015,2.9641156565923055,39964.46428571428
2015-07-30,33587.0,98858.65631103516,None,None,Thursday,7,2015,2.9433607142952676,39669.57142857143
2015-07-31,41478.0,123106.82722473145,None,None,Friday,7,2015,2.9680029708455433,39216.857142857145
2015-08-01,49150.0,147714.32482910156,None,None,Saturday,8,2015,3.005377921243165,39633.32142857143
2015-08-02,51541.0,153037.61813354492,None,None,Sunday,8,2015,2.9692403743339266,39919.357142857145
2015-08-03,45257.0,135070.12089538574,None,None,Monday,8,2015,2.9845133547381786,40052.17857142857
2015-08-04,37658.0,112771.51892089844,None,None,Tuesday,8,2015,2.994623158980786,40063.0
2015-08-05,38279.0,113009.55708312988,None,None,Wednesday,8,2015,2.952259909692779,40142.642857142855
2015-08-06,37798.0,113802.5592956543,None,None,Thursday,8,2015,3.0108090188807424,40127.92857142857
2015-08-07,40137.0,122056.70816040039,None,None,Friday,8,2015,3.0410022712310436,40136.57142857143
2015-08-08,48104.0,144078.6226196289,None,None,Saturday,8,2015,2.995148482862733,40161.53571428572
2015-08-09,51961.0,156706.3446044922,None,None,Sunday,8,2015,3.0158454341620096,40246.07142857143
2015-08-10,38324.0,116265.93228149414,None,None,Monday,8,2015,3.0337629757200224,40219.857142857145
2015-08-11,36449.0,107945.42420959473,None,None,Tuesday,8,2015,2.9615469343355025,40206.21428571428
2015-08-12,37351.0,111714.06051635742,None,None,Wednesday,8,2015,2.990925557986598,40179.642857142855
2015-08-13,36055.0,107328.15835571289,None,None,Thursday,8,2015,2.9767898587078876,40128.82142857143
2015-08-14,40762.0,119834.80178833008,None,None,Friday,8,2015,2.9398656049342544,40090.07142857143
2015-08-15,48436.0,146425.1376953125,None,None,Saturday,8,2015,3.023064202149486,40189.21428571428
2015-08-16,50540.0,152766.77615356445,None,None,Sunday,8,2015,3.022690466038078,40287.642857142855
2015-08-17,39112.0,118306.31860351562,None,None,Monday,8,2015,3.0248087186417374,40343.53571428572
2015-08-18,35245.0,107223.2961730957,None,None,Tuesday,8,2015,3.0422271576988424,40383.07142857143
2015-08-19,33707.0,101686.87115478516,None,None,Wednesday,8,2015,3.0167879418157995,40394.892857142855
2015-08-20,32516.0,98606.28945922852,None,None,Thursday,8,2015,3.0325467295863118,40334.92857142857
2015-08-21,36963.0,111290.02554321289,None,None,Friday,8,2015,3.0108493775725154,40282.142857142855
2015-08-22,45080.0,136677.41096496582,None,None,Saturday,8,2015,3.0318857800569172,40369.857142857145
2015-08-23,47596.0,146334.1004333496,None,None,Sunday,8,2015,3.074504169118195,40491.42857142857
2015-08-24,35093.0,106816.2795715332,None,None,Monday,8,2015,3.0438058750045083,40454.53571428572
2015-08-25,31295.0,96872.65016174316,None,None,Tuesday,8,2015,3.095467332217388,40395.25
2015-08-26,31967.0,96770.42402648926,None,None,Wednesday,8,2015,3.027197548299473,40408.607142857145
2015-08-27,32076.0,96683.6701965332,None,None,Thursday,8,2015,3.014205954499726,40354.642857142855
2015-08-28,36251.0,106949.04722595215,None,None,Friday,8,2015,2.950237158311554,40167.96428571428
2015-08-29,45236.0,135630.38766479492,None,None,Saturday,8,2015,2.998284279441041,40028.17857142857
2015-08-30,48517.0,147140.1632385254,None,None,Sunday,8,2015,3.0327547712868768,39920.17857142857
2015-08-31,35885.0,108437.11932373047,None,None,Monday,8,2015,3.021795160198703,39585.46428571428
2015-09-01,37955.0,113222.5444946289,None,None,Tuesday,9,2015,2.983073231316794,39596.07142857143
2015-09-02,36590.0,108753.31698608398,None,None,Wednesday,9,2015,2.972214183823011,39535.75
2015-09-03,39619.0,115525.04148864746,None,None,Thursday,9,2015,2.9158999845692084,39600.78571428572
2015-09-04,39270.0,118038.44082641602,None,None,Friday,9,2015,3.00581718427339,39569.82142857143
2015-09-05,47487.0,141279.87274169922,None,None,Saturday,9,2015,2.9751273557331315,39547.78571428572
2015-09-06,45248.0,130909.95776367188,None,None,Sunday,9,2015,2.8931656153569634,39308.03571428572
2015-09-07,45762.0,136344.86923217773,LaborDay,National,Monday,9,2015,2.9794342299763503,39573.67857142857
2015-09-08,36169.0,107219.68542480469,None,None,Tuesday,9,2015,2.9644083448479273,39563.67857142857
2015-09-09,38102.0,110386.4663696289,None,None,Wednesday,9,2015,2.8971305015387356,39590.5
2015-09-10,35693.0,106889.16763305664,None,None,Thursday,9,2015,2.9946815239138385,39577.57142857143
2015-09-11,40286.0,118546.18745422363,None,None,Friday,9,2015,2.9426149891829327,39560.57142857143
2015-09-12,50103.0,149580.92251586914,None,None,Saturday,9,2015,2.9854683854433697,39620.107142857145
2015-09-13,51340.0,155184.87646484375,None,None,Sunday,9,2015,3.0226894519837115,39648.67857142857
2015-09-14,38071.0,115214.13586425781,None,None,Monday,9,2015,3.0262965476151877,39611.5
2015-09-15,37425.0,110551.15173339844,None,None,Tuesday,9,2015,2.9539385900707664,39689.357142857145
2015-09-16,33645.0,99786.76683044434,None,None,Wednesday,9,2015,2.96587210077112,39687.142857142855
2015-09-17,33998.0,102069.2466583252,None,None,Thursday,9,2015,3.002213267201753,39740.07142857143
2015-09-18,38689.0,116140.77531433105,None,None,Friday,9,2015,3.0019068808790883,39801.71428571428
2015-09-19,48279.0,147238.19583129883,None,None,Saturday,9,2015,3.0497358236769365,39915.96428571428
2015-09-20,49979.0,152956.3250732422,None,None,Sunday,9,2015,3.0604118744521136,40001.07142857143
2015-09-21,36145.0,111121.68533325195,None,None,Monday,9,2015,3.0743307603610996,40038.642857142855
2015-09-22,33518.0,101547.94465637207,None,None,Tuesday,9,2015,3.0296540562197047,40118.03571428572
2015-09-23,33497.0,102078.01725769043,None,None,Wednesday,9,2015,3.04737789227962,40172.67857142857
2015-09-24,32967.0,99041.87819671631,EidAlAdha,Religious,Thursday,9,2015,3.0042733095737044,40204.5
2015-09-25,38680.0,116607.75653076172,None,None,Friday,9,2015,3.0146782970724333,40291.25
2015-09-26,46636.0,140574.4645690918,None,None,Saturday,9,2015,3.014290774703915,40341.25
2015-09-27,47613.0,147900.25396728516,None,None,Sunday,9,2015,3.1062998333918292,40308.96428571428
2015-09-28,34262.0,103761.69090270996,None,None,Monday,9,2015,3.028477348161519,40251.0
2015-09-29,30615.0,94829.22750854492,None,None,Tuesday,9,2015,3.0974759924398145,39988.857142857145
2015-09-30,31270.0,95573.79400634766,None,None,Wednesday,9,2015,3.0564053088054894,39798.857142857145
2015-10-01,37677.0,114303.4759979248,None,None,Thursday,10,2015,3.033773283380439,39729.5
2015-10-02,44376.0,132898.92205810547,None,None,Friday,10,2015,2.9948377965140045,39911.857142857145
2015-10-03,54687.0,165268.1690673828,None,None,Saturday,10,2015,3.0220741504815187,40169.0
2015-10-04,52895.0,162029.95544433594,None,None,Sunday,10,2015,3.0632376490090922,40442.107142857145
2015-10-05,42474.0,129670.37927246094,None,None,Monday,10,2015,3.052935425730116,40324.67857142857
2015-10-06,38855.0,118088.611328125,None,None,Tuesday,10,2015,3.0392127481180027,40420.607142857145
2015-10-07,35887.0,108279.68536376953,None,None,Wednesday,10,2015,3.01723981842365,40341.5
2015-10-08,37819.0,113897.42442321777,None,None,Thursday,10,2015,3.011645586166154,40417.42857142857
2015-10-09,43595.0,131194.47637939453,None,None,Friday,10,2015,3.0093927372266207,40535.607142857145
2015-10-10,48787.0,150128.00677490234,None,None,Saturday,10,2015,3.0772133309058223,40488.607142857145
2015-10-11,49704.0,154122.28958129883,None,None,Sunday,10,2015,3.100802542678634,40430.17857142857
2015-10-12,42240.0,131511.83345031738,ColumbusDay,National,Monday,10,2015,3.1134430267594078,40579.07142857143
2015-10-13,35681.0,108708.14134216309,None,None,Tuesday,10,2015,3.0466674516455,40516.78571428572
2015-10-14,34248.0,104247.49565124512,None,None,Wednesday,10,2015,3.043900246766092,40538.32142857143
2015-10-15,36353.0,111927.65724182129,None,None,Thursday,10,2015,3.078911155663117,40622.42857142857
2015-10-16,38422.0,118624.23654174805,None,None,Friday,10,2015,3.0874040013988875,40612.892857142855
2015-10-17,47813.0,147469.22763061523,None,None,Saturday,10,2015,3.084291461121771,40596.25
2015-10-18,48964.0,155719.8819885254,None,None,Sunday,10,2015,3.1802933173050687,40560.0
2015-10-19,35302.0,111772.45373535156,None,None,Monday,10,2015,3.1661790758413564,40529.892857142855
2015-10-20,33104.0,101762.23638916016,None,None,Tuesday,10,2015,3.0740163239838134,40515.107142857145
2015-10-21,32411.0,99718.12994384766,None,None,Wednesday,10,2015,3.0766755096679415,40476.32142857143
2015-10-22,32770.0,100674.18148803711,None,None,Thursday,10,2015,3.0721446899004308,40469.28571428572
2015-10-23,38021.0,116915.96185302734,None,None,Friday,10,2015,3.0750364759745232,40445.75
2015-10-24,45006.0,139742.8299560547,None,None,Saturday,10,2015,3.104982223615844,40387.53571428572
2015-10-25,46179.0,143330.61892700195,None,None,Sunday,10,2015,3.103805169600943,40336.32142857143
2015-10-26,35092.0,110343.42065429688,None,None,Monday,10,2015,3.144403871375153,40365.96428571428
2015-10-27,32319.0,99621.93659973145,None,None,Tuesday,10,2015,3.0824572728033495,40426.82142857143
2015-10-28,31267.0,96538.51722717285,None,None,Wednesday,10,2015,3.0875529224797025,40426.71428571428
2015-10-29,33232.0,102925.84049987793,None,None,Thursday,10,2015,3.0971906746472655,40267.96428571428
2015-10-30,40514.0,125774.71987915039,None,None,Friday,10,2015,3.10447548697118,40130.03571428572
2015-10-31,42743.0,133253.1561279297,Halloween,Cultural,Saturday,10,2015,3.117543366818653,39703.46428571428
2015-11-01,46994.0,150738.50073242188,None,None,Sunday,11,2015,3.207611625578199,39492.71428571428
2015-11-02,36457.0,115678.2546081543,None,None,Monday,11,2015,3.1730053105893052,39277.82142857143
2015-11-03,37997.0,119339.00671386719,None,None,Tuesday,11,2015,3.1407481304804903,39247.17857142857
2015-11-04,32102.0,104239.49136352539,None,None,Wednesday,11,2015,3.247133865912572,39112.0
2015-11-05,34675.0,107346.33604431152,None,None,Thursday,11,2015,3.0957847453298206,38999.71428571428
2015-11-06,39621.0,124782.68084716797,None,None,Friday,11,2015,3.1494076587458157,38857.78571428572
2015-11-07,47341.0,151439.5119934082,None,None,Saturday,11,2015,3.1989081767053547,38806.142857142855
2015-11-08,48411.0,154569.6661376953,None,None,Sunday,11,2015,3.192862492774273,38759.96428571428
2015-11-09,36915.0,116920.76647949219,None,None,Monday,11,2015,3.167296938358179,38569.78571428572
2015-11-10,33374.0,105870.96768188477,None,None,Tuesday,11,2015,3.172258874629495,38487.392857142855
2015-11-11,33338.0,105447.38064575195,VeteransDay,National,Wednesday,11,2015,3.162978602368227,38454.892857142855
2015-11-12,33242.0,103404.4506072998,None,None,Thursday,11,2015,3.1106567176252873,38343.78571428572
2015-11-13,36195.0,114184.88053894043,None,None,Friday,11,2015,3.154714201932323,38264.25
2015-11-14,47342.0,149900.04272460938,None,None,Saturday,11,2015,3.166322561881825,38247.42857142857
2015-11-15,49755.0,161364.27084350586,None,None,Sunday,11,2015,3.2431769840921687,38275.67857142857
2015-11-16,35735.0,113539.06538391113,None,None,Monday,11,2015,3.1772510251549217,38291.142857142855
2015-11-17,29174.0,92366.73092651367,None,None,Tuesday,11,2015,3.166063307277496,38150.78571428572
2015-11-18,32160.0,103616.55642700195,None,None,Wednesday,11,2015,3.2219078490983195,38141.82142857143
2015-11-19,32365.0,102309.05323791504,None,None,Thursday,11,2015,3.1611015985760864,38127.357142857145
2015-11-20,38357.0,121089.59777832031,None,None,Friday,11,2015,3.1569100236806924,38139.357142857145
2015-11-21,42793.0,136227.33059692383,None,None,Saturday,11,2015,3.183402205896381,38060.32142857143
2015-11-22,44925.0,144033.37521362305,None,None,Sunday,11,2015,3.206085146658276,38015.53571428572
2015-11-23,35140.0,110127.33679199219,None,None,Monday,11,2015,3.1339594989183888,38017.25
2015-11-24,34222.0,106741.68319702148,None,None,Tuesday,11,2015,3.119095412220837,38085.21428571428
2015-11-25,40124.0,121303.59985351562,None,None,Wednesday,11,2015,3.02321802047442,38401.53571428572
2015-11-26,23631.0,71543.20223999023,Thanksgiving,National,Thursday,11,2015,3.0275148000503673,38058.642857142855
2015-11-27,27581.0,85738.18067932129,None,None,Friday,11,2015,3.108595797082096,37596.75
2015-11-28,34212.0,109050.55029296875,None,None,Saturday,11,2015,3.1874941626613102,37292.07142857143
2015-11-29,37782.0,122440.58262634277,None,None,Sunday,11,2015,3.2407120487624472,36963.07142857143
2015-11-30,32016.0,102542.31196594238,None,None,Monday,11,2015,3.202845826022688,36804.46428571428
2015-12-01,34818.0,111523.63578796387,None,None,Tuesday,12,2015,3.2030454301787543,36690.92857142857
2015-12-02,33732.0,105522.88354492188,None,None,Wednesday,12,2015,3.1282723688166096,36749.142857142855
2015-12-03,38029.0,122201.21421813965,None,None,Thursday,12,2015,3.213369118781447,36868.92857142857
2015-12-04,38187.0,125166.03257751465,None,None,Friday,12,2015,3.2777131635769936,36817.71428571428
2015-12-05,47025.0,148972.9165649414,None,None,Saturday,12,2015,3.1679514421040174,36806.42857142857
2015-12-06,48415.0,157250.66830444336,None,None,Sunday,12,2015,3.247974146533995,36806.57142857143
2015-12-07,35408.0,116098.11322021484,None,None,Monday,12,2015,3.2788667312532436,36752.75
2015-12-08,32913.0,105215.98037719727,None,None,Tuesday,12,2015,3.1967909451340586,36736.28571428572
2015-12-09,33690.0,106520.51467895508,None,None,Wednesday,12,2015,3.1617843478466927,36748.857142857145
2015-12-10,32159.0,101240.1183013916,None,None,Thursday,12,2015,3.1481115178143475,36710.17857142857
2015-12-11,36343.0,114457.12644958496,None,None,Friday,12,2015,3.149358238163744,36715.46428571428
2015-12-12,45975.0,147529.09103393555,None,None,Saturday,12,2015,3.208898119280817,36666.642857142855
2015-12-13,45133.0,145246.11239624023,None,None,Sunday,12,2015,3.218179877168374,36501.57142857143
2015-12-14,37522.0,122237.91993713379,Chanukah End,Religious,Monday,12,2015,3.2577666418936566,36565.392857142855
2015-12-15,36130.0,116025.89233398438,None,None,Tuesday,12,2015,3.2113449303621473,36813.82142857143
2015-12-16,34123.0,110131.86712646484,None,None,Wednesday,12,2015,3.227496618892385,36883.92857142857
2015-12-17,35454.0,113197.43510437012,None,None,Thursday,12,2015,3.19279728956874,36994.25
2015-12-18,34756.0,110616.80731201172,None,None,Friday,12,2015,3.1826679512030074,36865.642857142855
2015-12-19,43488.0,138351.99102783203,None,None,Saturday,12,2015,3.181383163811443,36890.46428571428
2015-12-20,43011.0,138732.99649047852,None,None,Sunday,12,2015,3.225523621642801,36822.107142857145
2015-12-21,35522.0,113956.48434448242,None,None,Monday,12,2015,3.208053722889545,36835.75
2015-12-22,36612.0,115048.01594543457,None,None,Tuesday,12,2015,3.1423581324547847,36921.107142857145
2015-12-23,38752.0,119835.82510375977,None,None,Wednesday,12,2015,3.0923778154355843,36872.107142857145
2015-12-24,36227.0,113006.16027832031,None,None,Thursday,12,2015,3.119390517523403,37321.96428571428
2015-12-25,14.0,30.789999842643738,Christmas,National,Friday,12,2015,2.199285703045981,36337.42857142857
2015-12-26,38377.0,125101.33322143555,None,None,Saturday,12,2015,3.2597997035056294,36486.17857142857
2015-12-27,35378.0,116913.74678039551,None,None,Sunday,12,2015,3.3047019837298746,36400.32142857143
2015-12-28,29964.0,97692.88465881348,None,None,Monday,12,2015,3.260341898905803,36327.03571428572
2015-12-29,31893.0,102558.99328613281,None,None,Tuesday,12,2015,3.2157211076453396,36222.57142857143
2015-12-30,34127.0,108948.63563537598,None,None,Wednesday,12,2015,3.1924469081775713,36236.67857142857
2015-12-31,43059.0,136571.5213317871,None,None,Thursday,12,2015,3.1717299828557817,36416.32142857143
2016-01-01,32651.0,103454.8519897461,NewYear,National,Friday,1,2016,3.1685048540548864,36218.607142857145
2016-01-02,44737.0,142609.35244750977,None,None,Saturday,1,2016,3.18772721567181,36136.892857142855
2016-01-03,44340.0,143398.89477539062,None,None,Sunday,1,2016,3.2340752091878806,35991.357142857145
2016-01-04,36693.0,118198.31253051758,None,None,Monday,1,2016,3.221276879255378,36037.25
2016-01-05,35306.0,113461.00035095215,None,None,Tuesday,1,2016,3.2136464156503752,36122.71428571428
2016-01-06,32685.0,103402.88439941406,None,None,Wednesday,1,2016,3.163618919975954,36086.82142857143
2016-01-07,35944.0,112171.10639953613,OrthodoxChristmas,Religious,Thursday,1,2016,3.1207185176812855,36222.0
2016-01-08,38936.0,119996.81143188477,None,None,Friday,1,2016,3.0818987937098,36314.607142857145
2016-01-09,52880.0,162562.24044799805,None,None,Saturday,1,2016,3.0741724744326406,36561.21428571428
2016-01-10,47369.0,149350.5577392578,None,None,Sunday,1,2016,3.1529176832793135,36641.07142857143
2016-01-11,37986.0,117459.99085998535,None,None,Monday,1,2016,3.092191619543657,36657.642857142855
2016-01-12,35122.0,109818.7229309082,None,None,Tuesday,1,2016,3.126778740701219,36621.642857142855
2016-01-13,32231.0,101243.27783203125,None,None,Wednesday,1,2016,3.1411770603465996,36554.07142857143
2016-01-14,35856.0,110973.93946838379,None,None,Thursday,1,2016,3.0949893872262324,36568.42857142857
2016-01-15,41790.0,131162.86389160156,None,None,Friday,1,2016,3.138618422866752,36819.642857142855
2016-01-16,51146.0,157803.63385009766,None,None,Saturday,1,2016,3.0853563103683115,37093.142857142855
2016-01-17,45533.0,144356.85662841797,None,None,Sunday,1,2016,3.1703787720646117,37183.21428571428
2016-01-18,38340.0,121003.13763427734,MartinLutherKingDay,National,Monday,1,2016,3.156054711379169,37283.857142857145
2016-01-19,31988.0,98680.06900024414,None,None,Tuesday,1,2016,3.0849089971315538,37118.71428571428
2016-01-20,32684.0,102337.25923156738,None,None,Wednesday,1,2016,3.131111835502612,36902.0
2016-01-21,31779.0,98387.89744567871,None,None,Thursday,1,2016,3.096003569831609,36743.142857142855
2016-01-22,36307.0,112614.16015625,None,None,Friday,1,2016,3.1017203337166386,38039.32142857143
2016-01-23,48927.0,152607.06549072266,None,None,Saturday,1,2016,3.119076695704267,38416.107142857145
2016-01-24,47832.0,152032.69801330566,None,None,Sunday,1,2016,3.1784725291291536,38860.892857142855
2016-01-25,34389.0,108253.38821411133,None,None,Monday,1,2016,3.147907418480076,39018.92857142857
2016-01-26,30446.0,96360.1978302002,None,None,Tuesday,1,2016,3.1649542741312553,38967.25
2016-01-27,31349.0,99298.06730651855,None,None,Wednesday,1,2016,3.167503502712002,38868.03571428572
2016-01-28,32466.0,102566.51145935059,None,None,Thursday,1,2016,3.1591976670778843,38489.71428571428
2016-01-29,37639.0,116442.52471923828,None,None,Friday,1,2016,3.0936668009043355,38667.857142857145
2016-01-30,49104.0,153773.4175415039,None,None,Saturday,1,2016,3.131586378737046,38823.82142857143
2016-01-31,50831.0,161705.09902954102,None,None,Sunday,1,2016,3.1812299390045644,39055.642857142855
2016-02-01,41714.0,131706.88751220703,None,None,Monday,2,2016,3.157378518296184,39234.96428571428
2016-02-02,34928.0,112048.17463684082,None,None,Tuesday,2,2016,3.2079756824565053,39221.46428571428
2016-02-03,39340.0,123004.79077148438,None,None,Wednesday,2,2016,3.126710492411906,39459.142857142855
2016-02-04,35424.0,111173.57131958008,None,None,Thursday,2,2016,3.1383686573955534,39440.57142857143
2016-02-05,40193.0,126758.7950592041,None,None,Friday,2,2016,3.1537530181674445,39485.46428571428
2016-02-06,55040.0,174438.58615112305,None,None,Saturday,2,2016,3.1693057076875553,39562.607142857145
2016-02-07,46893.0,150703.0228881836,SuperBowl,Sporting,Sunday,2,2016,3.213763736339829,39545.607142857145
2016-02-08,36804.0,118433.03677368164,None,None,Monday,2,2016,3.217939266755832,39503.392857142855
2016-02-09,38513.0,122800.00595092773,None,None,Tuesday,2,2016,3.1885338963707768,39624.5
2016-02-10,39353.0,125422.96936035156,LentStart,Religious,Wednesday,2,2016,3.187125997010433,39878.857142857145
2016-02-11,44584.0,140892.31074523926,None,None,Thursday,2,2016,3.160154107869174,40190.57142857143
2016-02-12,44222.0,138181.02912902832,None,None,Friday,2,2016,3.1247123406681814,40277.42857142857
2016-02-13,53715.0,167936.91481018066,None,None,Saturday,2,2016,3.126443541099891,40369.17857142857
2016-02-14,48337.0,151905.26528930664,ValentinesDay,Cultural,Sunday,2,2016,3.1426291513603792,40469.32142857143
2016-02-15,46152.0,146662.79663085938,PresidentsDay,National,Monday,2,2016,3.177821039843547,40748.32142857143
2016-02-16,37702.0,117080.52281188965,None,None,Tuesday,2,2016,3.1054194157309865,40952.392857142855
2016-02-17,36545.0,112600.5343170166,LentWeek2,Religious,Wednesday,2,2016,3.0811474707078013,41090.28571428572
2016-02-18,36436.0,113607.01458740234,None,None,Thursday,2,2016,3.117988104824963,41256.607142857145
2016-02-19,40392.0,124365.10382080078,None,None,Friday,2,2016,3.078953847811467,41402.5
2016-02-20,50857.0,158759.43592834473,None,None,Saturday,2,2016,3.121683070734505,41471.42857142857
2016-02-21,52081.0,166447.72009277344,None,None,Sunday,2,2016,3.1959394038665434,41623.17857142857
2016-02-22,37328.0,118115.62020874023,None,None,Monday,2,2016,3.1642632932045713,41728.142857142855
2016-02-23,33981.0,106985.28494262695,None,None,Tuesday,2,2016,3.1483854195764382,41854.392857142855
2016-02-24,34068.0,108387.8198852539,None,None,Wednesday,2,2016,3.1815140273938565,41951.5
2016-02-25,34615.0,108956.86067199707,None,None,Thursday,2,2016,3.1476776158312023,42028.25
2016-02-26,37649.0,116262.06629943848,None,None,Friday,2,2016,3.0880519084023077,42028.607142857145
2016-02-27,47887.0,148007.75799560547,None,None,Saturday,2,2016,3.0907711486542375,41985.142857142855
2016-02-28,50915.0,161579.77481079102,None,None,Sunday,2,2016,3.1735200787742515,41988.142857142855
2016-02-29,37259.0,118670.55847167969,None,None,Monday,2,2016,3.1850172702348343,41829.03571428572
2016-03-01,36536.0,116020.74960327148,None,None,Tuesday,3,2016,3.1755186556621275,41886.46428571428
2016-03-02,38458.0,119464.78858947754,None,None,Wednesday,3,2016,3.1063702893930403,41854.96428571428
2016-03-03,41459.0,129896.78846740723,None,None,Thursday,3,2016,3.133138485429152,42070.5
2016-03-04,39325.0,121379.71235656738,None,None,Friday,3,2016,3.086578826613284,42039.5
2016-03-05,52322.0,162597.81910705566,None,None,Saturday,3,2016,3.10763768791437,41942.42857142857
2016-03-06,57218.0,181445.42578125,None,None,Sunday,3,2016,3.171124921899577,42311.17857142857
2016-03-07,40562.0,126757.22702026367,None,None,Monday,3,2016,3.1250240870830748,42445.392857142855
2016-03-08,37727.0,116880.46156311035,None,None,Tuesday,3,2016,3.0980587261937167,42417.32142857143
2016-03-09,37032.0,114969.77619934082,None,None,Wednesday,3,2016,3.104606183823202,42334.42857142857
2016-03-10,38267.0,118173.4295501709,None,None,Thursday,3,2016,3.0881289244040793,42108.82142857143
2016-03-11,40887.0,127159.75419616699,None,None,Friday,3,2016,3.11002896265725,41989.71428571428
2016-03-12,52711.0,163062.72366333008,None,None,Saturday,3,2016,3.093523622456984,41953.857142857145
2016-03-13,51421.0,162565.78637695312,None,None,Sunday,3,2016,3.1614668399477477,42064.0
2016-03-14,42035.0,130381.45486450195,None,None,Monday,3,2016,3.101735574271487,41916.96428571428
2016-03-15,40117.0,124815.51473999023,None,None,Tuesday,3,2016,3.1112873529922536,42003.21428571428
2016-03-16,36606.0,114964.61706542969,None,None,Wednesday,3,2016,3.1405949042624073,42005.392857142855
2016-03-17,35009.0,109851.54815673828,StPatricksDay,Cultural,Thursday,3,2016,3.1378087965019934,41954.42857142857
2016-03-18,39652.0,122320.26419067383,None,None,Friday,3,2016,3.084844754127757,41928.0
2016-03-19,46181.0,142459.5805053711,None,None,Saturday,3,2016,3.0848093481165653,41761.0
2016-03-20,47825.0,152488.0990600586,None,None,Sunday,3,2016,3.1884599908010163,41609.0
2016-03-21,37360.0,118518.66522216797,None,None,Monday,3,2016,3.1723411462036393,41610.142857142855
2016-03-22,35475.0,110381.763671875,None,None,Tuesday,3,2016,3.1115366785588443,41663.5
2016-03-23,34786.0,108345.24528503418,None,None,Wednesday,3,2016,3.11462212628742,41689.142857142855
2016-03-24,34003.0,105668.02584838867,Purim End,Religious,Thursday,3,2016,3.107608912401514,41667.28571428572
2016-03-25,45611.0,139221.4057006836,None,None,Friday,3,2016,3.0523646861652582,41951.642857142855
2016-03-26,53863.0,163722.7908935547,None,None,Saturday,3,2016,3.0396151512829714,42165.07142857143
2016-03-27,46360.0,143204.55255126953,Easter,Cultural,Sunday,3,2016,3.0889679152560294,42002.392857142855
2016-03-28,36041.0,114421.05865478516,None,None,Monday,3,2016,3.174747056263288,41958.892857142855
2016-03-29,33857.0,105477.7752532959,None,None,Tuesday,3,2016,3.115390473263901,41863.21428571428
2016-03-30,32359.0,101315.64047241211,None,None,Wednesday,3,2016,3.1309879932140086,41645.392857142855
2016-03-31,34681.0,108401.57038879395,None,None,Thursday,3,2016,3.1256760297798203,41403.32142857143
2016-04-01,45536.0,144493.78518676758,None,None,Friday,4,2016,3.17317694103056,41625.142857142855
2016-04-02,52672.0,165758.8521118164,None,None,Saturday,4,2016,3.1470012931313867,41637.642857142855
2016-04-03,56425.0,180822.30169677734,None,None,Sunday,4,2016,3.204648678720024,41609.32142857143
2016-04-04,40418.0,128828.27307128906,None,None,Monday,4,2016,3.1873985123283948,41604.17857142857
2016-04-05,39683.0,125564.01382446289,None,None,Tuesday,4,2016,3.164176443929715,41674.03571428572
2016-04-06,39134.0,122806.61364746094,None,None,Wednesday,4,2016,3.138105321394719,41749.107142857145
2016-04-07,38116.0,119614.30987548828,None,None,Thursday,4,2016,3.1381653341244697,41743.71428571428
2016-04-08,43220.0,133729.47747802734,None,None,Friday,4,2016,3.094157276215348,41827.03571428572
2016-04-09,56340.0,177632.21032714844,None,None,Saturday,4,2016,3.1528613831584744,41956.642857142855
2016-04-10,53856.0,174322.95669555664,None,None,Sunday,4,2016,3.2368344603304484,42043.607142857145
2016-04-11,42427.0,134692.33294677734,None,None,Monday,4,2016,3.1746843506912423,42057.607142857145
2016-04-12,39069.0,121813.87455749512,None,None,Tuesday,4,2016,3.1179163673883417,42020.17857142857
2016-04-13,35193.0,112529.17869567871,None,None,Wednesday,4,2016,3.1974875314886115,41969.71428571428
2016-04-14,37529.0,119076.87690734863,None,None,Thursday,4,2016,3.172929651931803,42059.71428571428
2016-04-15,41789.0,130569.34590148926,None,None,Friday,4,2016,3.124490796656758,42136.03571428572
2016-04-16,48362.0,152620.13192749023,None,None,Saturday,4,2016,3.1557861942742282,42213.92857142857
2016-04-17,51640.0,165457.86532592773,None,None,Sunday,4,2016,3.2040640070861297,42350.17857142857
2016-04-18,38059.0,120545.21336364746,None,None,Monday,4,2016,3.1673247684817643,42375.142857142855
2016-04-19,37570.0,119286.58335876465,None,None,Tuesday,4,2016,3.175048798476568,42449.96428571428
2016-04-20,35343.0,112828.61694335938,None,None,Wednesday,4,2016,3.192389354139699,42469.857142857145
2016-04-21,35033.0,110410.1576385498,None,None,Thursday,4,2016,3.151604419791334,42506.642857142855
2016-04-22,40517.0,127040.16009521484,None,None,Friday,4,2016,3.1354779498781955,42324.71428571428
2016-04-23,48962.0,155193.5397644043,None,None,Saturday,4,2016,3.169673211151593,42149.67857142857
2016-04-24,49795.0,162923.93978881836,None,None,Sunday,4,2016,3.2718935593697833,42272.357142857145
2016-04-25,38793.0,123361.84533691406,None,None,Monday,4,2016,3.1800027153588033,42370.642857142855
2016-04-26,35487.0,112649.9582824707,None,None,Tuesday,4,2016,3.174400718079035,42428.857142857145
2016-04-27,34445.0,107784.31805419922,None,None,Wednesday,4,2016,3.129171666546646,42503.357142857145
2016-04-28,34732.0,110512.70811462402,None,None,Thursday,4,2016,3.181869979115053,42505.17857142857
2016-04-29,42896.0,135573.69412231445,None,None,Friday,4,2016,3.1605206574579086,42410.892857142855
2016-04-30,50429.0,159376.53897094727,Pesach End,Religious,Saturday,4,2016,3.160414423663909,42330.78571428572
2016-05-01,53032.0,171326.208984375,OrthodoxEaster,Religious,Sunday,5,2016,3.23061941816969,42209.607142857145
2016-05-02,43181.0,137767.5132446289,None,None,Monday,5,2016,3.190466020810748,42308.28571428572
2016-05-03,44314.0,138886.91107177734,None,None,Tuesday,5,2016,3.1341542418147164,42473.67857142857
2016-05-04,39601.0,122885.73162841797,None,None,Wednesday,5,2016,3.103096680094391,42490.357142857145
2016-05-05,40763.0,128223.66586303711,Cinco De Mayo,Cultural,Thursday,5,2016,3.1455895263605993,42584.892857142855
2016-05-06,43805.0,137304.86450195312,None,None,Friday,5,2016,3.134456443372974,42605.78571428572
2016-05-07,54239.0,170625.37579345703,None,None,Saturday,5,2016,3.1458060766875686,42530.75
2016-05-08,45609.0,145819.4822998047,Mother's day,Cultural,Sunday,5,2016,3.1971646451315463,42236.21428571428
2016-05-09,46400.0,146510.70162963867,None,None,Monday,5,2016,3.1575582247766953,42378.107142857145
2016-05-10,39379.0,126412.13763427734,None,None,Tuesday,5,2016,3.2101408779876923,42389.17857142857
2016-05-11,42248.0,134201.18783569336,None,None,Wednesday,5,2016,3.1765098427308596,42641.142857142855
2016-05-12,40503.0,127511.92404174805,None,None,Thursday,5,2016,3.148209368238107,42747.357142857145
2016-05-13,44073.0,137804.03115844727,None,None,Friday,5,2016,3.126722282541403,42828.92857142857
2016-05-14,54308.0,171719.66049194336,None,None,Saturday,5,2016,3.1619588364871354,43041.28571428572
2016-05-15,59921.0,191941.62161254883,None,None,Sunday,5,2016,3.203244632308353,43337.03571428572
2016-05-16,42362.0,134870.52209472656,None,None,Monday,5,2016,3.1837619114944187,43490.71428571428
2016-05-17,38777.0,122419.30184936523,None,None,Tuesday,5,2016,3.1570080679104944,43533.82142857143
2016-05-18,37096.0,116332.98495483398,None,None,Wednesday,5,2016,3.135998084829469,43596.42857142857
2016-05-19,36963.0,117456.19619750977,None,None,Thursday,5,2016,3.177669458580466,43665.357142857145
2016-05-20,42552.0,134000.52700805664,None,None,Friday,5,2016,3.1491005595049972,43738.03571428572
2016-05-21,51518.0,162395.50128173828,None,None,Saturday,5,2016,3.152208961561751,43829.32142857143
2016-05-22,54338.0,175297.27828979492,None,None,Sunday,5,2016,3.22605319094915,43991.57142857143
