item_id,cat_id,dept_id,units,estimated_revenue,revenue_share,cumulative_revenue_share,abc_class
FOODS_3_586,FOODS,FOODS_3,932236.0,1482295.1640625,0.0077373087811531864,0.0077373087811531864,A
FOODS_3_120,FOODS,FOODS_3,290132.0,1444850.49609375,0.007541854484798376,0.015279163265951561,A
FOODS_3_090,FOODS,FOODS_3,1.017916e+06,1377664.046875,0.007191153547415557,0.022470316813367117,A
FOODS_3_202,FOODS,FOODS_3,300529.0,1272486.99609375,0.006642148640487826,0.029112465453854944,A
FOODS_3_587,FOODS,FOODS_3,402159.0,991307.3046875,0.005174442242905738,0.03428690769676068,A
FOODS_3_252,FOODS,FOODS_3,573723.0,871806.359375,0.004550669234709155,0.03883757693146984,A
FOODS_3_555,FOODS,FOODS_3,497881.0,789009.431640625,0.004118484463724721,0.04295606139519456,A
FOODS_3_444,FOODS,FOODS_3,109137.0,719129.1953125,0.003753722451893814,0.046709783847088376,A
HOBBIES_1_354,HOBBIES,HOBBIES_1,31143.0,711937.59375,0.0037161836112707463,0.050425967458359124,A
FOODS_1_096,FOODS,FOODS_1,96007.0,670077.2163085938,0.0034976801216741746,0.0539236475800333,A
FOODS_3_694,FOODS,FOODS_3,395937.0,634224.38671875,0.0033105349295827363,0.05723418250961603,A
FOODS_3_714,FOODS,FOODS_3,402111.0,611991.978515625,0.003194485838020721,0.06042866834763675,A
HOBBIES_1_158,HOBBIES,HOBBIES_1,26104.0,597570.1015625,0.0031192062864877444,0.0635478746341245,A
FOODS_3_226,FOODS,FOODS_3,368369.0,592860.1103515625,0.0030946209965677105,0.0666424956306922,A
HOUSEHOLD_1_535,HOUSEHOLD,HOUSEHOLD_1,82024.0,571642.6220703125,0.0029838696007778174,0.06962636523147002,A
HOUSEHOLD_1_072,HOUSEHOLD,HOUSEHOLD_1,70324.0,562609.5078125,0.0029367184017706095,0.07256308363324063,A
FOODS_2_244,FOODS,FOODS_2,96378.0,559122.880859375,0.002918518848810399,0.07548160248205102,A
HOUSEHOLD_1_110,HOUSEHOLD,HOUSEHOLD_1,150650.0,548015.376953125,0.002860539716452589,0.0783421421985036,A
HOUSEHOLD_1_272,HOUSEHOLD,HOUSEHOLD_1,54175.0,540098.9921875,0.0028192176404942576,0.08116135983899786,A
FOODS_3_099,FOODS,FOODS_3,216471.0,539910.12890625,0.002818231808819244,0.0839795916478171,A
HOUSEHOLD_1_053,HOUSEHOLD,HOUSEHOLD_1,35273.0,529817.150390625,0.00276554831285282,0.08674513996066992,A
FOODS_3_574,FOODS,FOODS_3,87135.0,520271.197265625,0.0027157201890558617,0.08946086014972578,A
FOODS_2_197,FOODS,FOODS_2,164027.0,519233.7412109375,0.002710304858805445,0.09217116500853122,A
FOODS_2_276,FOODS,FOODS_2,160385.0,501579.6171875,0.002618153570626277,0.0947893185791575,A
FOODS_1_012,FOODS,FOODS_1,86633.0,499828.9326171875,0.0026090153183892634,0.09739833389754676,A
FOODS_3_607,FOODS,FOODS_3,225436.0,488786.6083984375,0.0025513764120408703,0.09994971030958763,A
FOODS_3_511,FOODS,FOODS_3,73835.0,487475.37109375,0.0025445319938995274,0.10249424230348715,A
FOODS_3_516,FOODS,FOODS_3,136559.0,483374.412109375,0.0025231257404553812,0.10501736804394253,A
FOODS_3_282,FOODS,FOODS_3,191126.0,478703.88671875,0.0024987464548760904,0.10751611449881862,A
FOODS_2_183,FOODS,FOODS_2,54138.0,476020.802734375,0.0024847412487766654,0.11000085574759529,A
FOODS_3_764,FOODS,FOODS_3,155362.0,462684.65625,0.0024151290110780007,0.11241598475867329,A
FOODS_3_329,FOODS,FOODS_3,150241.0,447328.052734375,0.00233497035839476,0.11475095511706805,A
FOODS_3_377,FOODS,FOODS_3,276989.0,439906.9169921875,0.0022962333914692333,0.11704718850853728,A
FOODS_3_083,FOODS,FOODS_3,23481.0,439472.759765625,0.0022939671704068393,0.11934115567894411,A
FOODS_3_476,FOODS,FOODS_3,72894.0,435172.1943359375,0.002271519007942456,0.12161267468688657,A
FOODS_3_136,FOODS,FOODS_3,102353.0,434642.533203125,0.0022687542740127344,0.1238814289608993,A
FOODS_3_546,FOODS,FOODS_3,72707.0,434510.3369140625,0.0022680642336395367,0.12614949319453883,A
FOODS_3_080,FOODS,FOODS_3,265811.0,421057.732421875,0.0021978441065080997,0.12834733730104694,A
FOODS_3_469,FOODS,FOODS_3,67993.0,417823.435546875,0.0021809616702575425,0.1305282989713045,A
HOBBIES_1_147,HOBBIES,HOBBIES_1,41092.0,411057.56640625,0.0021456450747622045,0.1326739440460667,A
FOODS_2_368,FOODS,FOODS_2,51653.0,400536.9306640625,0.0020907292865407507,0.13476467333260744,A
FOODS_3_441,FOODS,FOODS_3,59794.0,393338.6025390625,0.0020531553344956396,0.13681782866710307,A
FOODS_3_723,FOODS,FOODS_3,289170.0,393047.365234375,0.0020516351292021256,0.1388694637963052,A
FOODS_3_785,FOODS,FOODS_3,127067.0,390357.6796875,0.002037595464157722,0.1409070592604629,A
HOUSEHOLD_1_494,HOUSEHOLD,HOUSEHOLD_1,48781.0,388785.5654296875,0.0020293893161874277,0.14293644857665033,A
FOODS_3_804,FOODS,FOODS_3,204936.0,385279.5078125,0.002011088338725998,0.14494753691537632,A
FOODS_3_473,FOODS,FOODS_3,99899.0,384522.9228515625,0.00200713910405002,0.14695467601942633,A
FOODS_3_702,FOODS,FOODS_3,127308.0,380195.515625,0.0019845508323309497,0.14893922685175728,A
FOODS_2_056,FOODS,FOODS_2,53850.0,377938.873046875,0.0019727715721276056,0.1509119984238849,A
FOODS_1_170,FOODS,FOODS_1,65317.0,373863.15625,0.0019514970782707095,0.1528634955021556,A
FOODS_2_029,FOODS,FOODS_2,34829.0,371061.0007324219,0.0019368703406155094,0.15480036584277113,A
FOODS_3_362,FOODS,FOODS_3,147856.0,370135.568359375,0.0019320397534288692,0.1567324055962,A
FOODS_3_124,FOODS,FOODS_3,70025.0,368105.705078125,0.0019214442395451756,0.15865384983574518,A
HOUSEHOLD_1_469,HOUSEHOLD,HOUSEHOLD_1,20394.0,365432.8125,0.0019074922307164308,0.1605613420664616,A
FOODS_3_231,FOODS,FOODS_3,67196.0,353119.029296875,0.0018432165417600992,0.1624045586082217,A
HOUSEHOLD_1_440,HOUSEHOLD,HOUSEHOLD_1,23241.0,350007.98046875,0.0018269774377003677,0.16423153604592206,A
FOODS_2_052,FOODS,FOODS_2,28317.0,342877.71484375,0.0017897587594169775,0.16602129480533903,A
FOODS_3_811,FOODS,FOODS_3,182974.0,342196.625,0.0017862035954006837,0.16780749840073972,A
FOODS_3_318,FOODS,FOODS_3,264845.0,342141.546875,0.001785916097694057,0.16959341449843376,A
HOUSEHOLD_1_537,HOUSEHOLD,HOUSEHOLD_1,21385.0,341409.67578125,0.0017820958648702351,0.171375510363304,A
FOODS_3_134,FOODS,FOODS_3,50409.0,336663.07275390625,0.0017573194679861887,0.1731328298312902,A
FOODS_3_783,FOODS,FOODS_3,63981.0,335643.708984375,0.0017519985761446696,0.17488482840743486,A
HOUSEHOLD_1_413,HOUSEHOLD,HOUSEHOLD_1,18272.0,327937.2958984375,0.001711772513828174,0.17659660092126303,A
HOUSEHOLD_1_140,HOUSEHOLD,HOUSEHOLD_1,21351.0,320729.486328125,0.001674149070378211,0.17827074999164125,A
FOODS_3_458,FOODS,FOODS_3,168416.0,320465.88671875,0.0016727731287831944,0.17994352312042444,A
FOODS_3_368,FOODS,FOODS_3,53268.0,318299.8955078125,0.0016614670520836278,0.18160499017250806,A
HOUSEHOLD_1_427,HOUSEHOLD,HOUSEHOLD_1,53233.0,317260.30810546875,0.0016560405965895105,0.18326103076909755,A
FOODS_2_019,FOODS,FOODS_2,99979.0,317074.1970214844,0.0016550691308792429,0.1849160998999768,A
HOUSEHOLD_1_409,HOUSEHOLD,HOUSEHOLD_1,106858.0,316779.5859375,0.0016535313150768287,0.18656963121505363,A
FOODS_3_499,FOODS,FOODS_3,126000.0,315476.935546875,0.0016467317190513434,0.18821636293410496,A
HOUSEHOLD_1_344,HOUSEHOLD,HOUSEHOLD_1,39461.0,314294.5417480469,0.0016405598403700552,0.18985692277447502,A
FOODS_3_704,FOODS,FOODS_3,73910.0,311637.642578125,0.00162669131419762,0.19148361408867265,A
FOODS_3_150,FOODS,FOODS_3,149830.0,309666.40185546875,0.0016164017993135708,0.19310001588798623,A
HOUSEHOLD_1_373,HOUSEHOLD,HOUSEHOLD_1,91069.0,309394.3249511719,0.0016149816077944974,0.19471499749578072,A
FOODS_3_753,FOODS,FOODS_3,58631.0,307434.5859375,0.0016047521297209843,0.1963197496255017,A
FOODS_3_154,FOODS,FOODS_3,102725.0,306122.17529296875,0.0015979015869609444,0.19791765121246263,A
FOODS_3_697,FOODS,FOODS_3,100470.0,303307.109375,0.001583207459384538,0.19950085867184716,A
FOODS_3_695,FOODS,FOODS_3,76093.0,302885.908203125,0.0015810088665504031,0.20108186753839757,A
FOODS_2_380,FOODS,FOODS_2,59402.0,301589.267578125,0.0015742406403987934,0.20265610817879637,A
HOUSEHOLD_1_040,HOUSEHOLD,HOUSEHOLD_1,66496.0,300201.4230957031,0.0015669963468457552,0.20422310452564213,A
FOODS_3_079,FOODS,FOODS_3,50155.0,299913.5361328125,0.0015654936297216917,0.20578859815536382,A
HOUSEHOLD_1_177,HOUSEHOLD,HOUSEHOLD_1,39795.0,298860.5810546875,0.001559997397412731,0.20734859555277654,A
HOUSEHOLD_1_027,HOUSEHOLD,HOUSEHOLD_1,52759.0,298635.091796875,0.0015588203848602871,0.20890741593763684,A
FOODS_3_756,FOODS,FOODS_3,114433.0,298331.861328125,0.001557237577450903,0.21046465351508775,A
HOBBIES_1_236,HOBBIES,HOBBIES_1,25083.0,297233.81494140625,0.0015515059767845498,0.2120161594918723,A
FOODS_3_455,FOODS,FOODS_3,136740.0,296861.7890625,0.0015495640699569053,0.2135657235618292,A
HOUSEHOLD_1_032,HOUSEHOLD,HOUSEHOLD_1,27173.0,291998.79248046875,0.001524180120073573,0.21508990368190278,A
HOUSEHOLD_1_514,HOUSEHOLD,HOUSEHOLD_1,79703.0,289031.82861328125,0.0015086931130728633,0.21659859679497565,A
HOUSEHOLD_1_106,HOUSEHOLD,HOUSEHOLD_1,31612.0,288443.77734375,0.0015056235933430394,0.2181042203883187,A
FOODS_3_635,FOODS,FOODS_3,282174.0,278726.6708984375,0.0014549020806176923,0.21955912246893639,A
FOODS_3_808,FOODS,FOODS_3,281888.0,278330.923828125,0.001452836353523331,0.22101195882245972,A
FOODS_3_389,FOODS,FOODS_3,171940.0,275601.6142578125,0.0014385898583468993,0.22245054868080663,A
HOUSEHOLD_1_366,HOUSEHOLD,HOUSEHOLD_1,46002.0,274153.32275390625,0.0014310300424326846,0.22388157872323933,A
HOUSEHOLD_1_096,HOUSEHOLD,HOUSEHOLD_1,74866.0,272820.7109375,0.0014240740532620191,0.22530565277650136,A
FOODS_3_681,FOODS,FOODS_3,256134.0,271066.5771484375,0.001414917796736002,0.22672057057323736,A
FOODS_3_541,FOODS,FOODS_3,272632.0,269287.244140625,0.0014056300049117261,0.22812620057814909,A
FOODS_2_181,FOODS,FOODS_2,140979.0,268904.82373046875,0.0014036338405381712,0.22952983441868727,A
FOODS_3_491,FOODS,FOODS_3,199199.0,267673.7109375,0.0013972076576465528,0.23092704207633383,A
FOODS_2_194,FOODS,FOODS_2,37840.0,262716.4619140625,0.0013713317273127555,0.2322983738036466,A
HOUSEHOLD_1_497,HOUSEHOLD,HOUSEHOLD_1,17246.0,261344.32763671875,0.001364169438147677,0.23366254324179428,A
HOBBIES_1_064,HOBBIES,HOBBIES_1,20078.0,258780.51953125,0.0013507868302511038,0.2350133300720454,A
FOODS_1_129,FOODS,FOODS_1,38383.0,253337.97802734375,0.0013223777622119472,0.23633570783425734,A
FOODS_3_652,FOODS,FOODS_3,63480.0,252644.84765625,0.0013187597488521453,0.23765446758310949,A
FOODS_3_744,FOODS,FOODS_3,120662.0,251826.58203125,0.001314488552427085,0.23896895613553656,A
HOBBIES_1_108,HOBBIES,HOBBIES_1,19627.0,250457.8779296875,0.001307344168150207,0.24027630030368677,A
HOUSEHOLD_1_310,HOUSEHOLD,HOUSEHOLD_1,33639.0,250248.623046875,0.0013062518960565393,0.2415825521997433,A
FOODS_2_349,FOODS,FOODS_2,41196.0,248259.8984375,0.001295871118491806,0.24287842331823511,A
FOODS_3_592,FOODS,FOODS_3,34489.0,248006.1240234375,0.001294546462613569,0.24417296978084868,A
HOUSEHOLD_1_165,HOUSEHOLD,HOUSEHOLD_1,13646.0,245059.4130859375,0.0012791651721897695,0.24545213495303844,A
HOUSEHOLD_1_541,HOUSEHOLD,HOUSEHOLD_1,32595.0,244306.3193359375,0.001275234160994309,0.24672736911403276,A
FOODS_3_288,FOODS,FOODS_3,162029.0,241863.009765625,0.0012624805333418764,0.24798984964737464,A
FOODS_1_004,FOODS,FOODS_1,132251.0,241427.69189453125,0.0012602082539279872,0.2492500579013026,A
FOODS_1_043,FOODS,FOODS_1,132220.0,241401.27978515625,0.0012600703875632101,0.2505101282888658,A
FOODS_3_327,FOODS,FOODS_3,75546.0,238905.0888671875,0.001247040728978815,0.2517571690178446,A
FOODS_1_218,FOODS,FOODS_1,237733.0,232030.720703125,0.0012111577884888075,0.2529683268063334,A
FOODS_1_087,FOODS,FOODS_1,39912.0,232017.1103515625,0.0012110867449509127,0.2541794135512843,A
HOUSEHOLD_1_357,HOUSEHOLD,HOUSEHOLD_1,19365.0,231735.431640625,0.001209616433762939,0.25538902998504726,A
FOODS_3_376,FOODS,FOODS_3,231286.0,231286.0,0.0012072704830617268,0.256596300468109,A
HOBBIES_1_155,HOBBIES,HOBBIES_1,12088.0,229431.26977539062,0.0011975891315998426,0.25779388959970884,A
FOODS_3_503,FOODS,FOODS_3,93731.0,227935.71875,0.0011897826296547755,0.25898367222936364,A
FOODS_1_187,FOODS,FOODS_1,25028.0,227860.0263671875,0.0011893875293047234,0.26017305975866833,A
HOBBIES_1_099,HOBBIES,HOBBIES_1,15531.0,227481.615234375,0.0011874122926232706,0.2613604720512916,A
HOBBIES_1_078,HOBBIES,HOBBIES_1,18189.0,226883.4970703125,0.0011842902255510927,0.2625447622768427,A
FOODS_3_263,FOODS,FOODS_3,83129.0,226354.1044921875,0.0011815268934275648,0.26372628917027024,A
FOODS_3_228,FOODS,FOODS_3,142505.0,225759.494140625,0.0011784231364930146,0.26490471230676327,A
HOUSEHOLD_1_191,HOUSEHOLD,HOUSEHOLD_1,70060.0,224949.66015625,0.0011741959516849581,0.2660789082584482,A
HOUSEHOLD_1_222,HOUSEHOLD,HOUSEHOLD_1,22069.0,224920.384765625,0.001174043139517418,0.2672529513979656,A
FOODS_3_304,FOODS,FOODS_3,52439.0,224389.9150390625,0.0011712741848766842,0.2684242255828423,A
FOODS_1_055,FOODS,FOODS_1,58142.0,224381.55078125,0.001171230524985598,0.26959545610782787,A
FOODS_3_030,FOODS,FOODS_3,182547.0,224012.88232421875,0.0011693061432841128,0.27076476225111196,A
FOODS_3_668,FOODS,FOODS_3,138717.0,221899.234375,0.0011582732888066444,0.2719230355399186,A
HOUSEHOLD_1_347,HOUSEHOLD,HOUSEHOLD_1,27845.0,221888.966796875,0.001158219693932753,0.27308125523385135,A
FOODS_3_772,FOODS,FOODS_3,41565.0,220050.97705078125,0.0011486257246971353,0.2742298809585485,A
FOODS_3_039,FOODS,FOODS_3,54688.0,219671.2705078125,0.001146643726212352,0.27537652468476087,A
FOODS_3_672,FOODS,FOODS_3,91806.0,219594.6552734375,0.0011462438087464707,0.2765227684935073,A
FOODS_3_245,FOODS,FOODS_3,101399.0,219285.2763671875,0.0011446289076214673,0.2776673974011288,A
FOODS_2_274,FOODS,FOODS_2,31241.0,219212.8916015625,0.001144251072426244,0.278811648473555,A
HOBBIES_1_141,HOBBIES,HOBBIES_1,15000.0,219196.126953125,0.0011441635640374204,0.2799558120375924,A
FOODS_3_739,FOODS,FOODS_3,146308.0,218360.33984375,0.0011398009086788085,0.2810956129462712,A
FOODS_3_822,FOODS,FOODS_3,58903.0,218284.3671875,0.0011394043453528378,0.28223501729162404,A
HOUSEHOLD_1_488,HOUSEHOLD,HOUSEHOLD_1,21888.0,216589.482421875,0.0011305573578580044,0.28336557464948203,A
HOUSEHOLD_1_051,HOUSEHOLD,HOUSEHOLD_1,73778.0,216544.3544921875,0.0011303217983452218,0.28449589644782725,A
FOODS_3_300,FOODS,FOODS_3,54147.0,215475.4375,0.0011247422477735872,0.28562063869560084,A
FOODS_2_342,FOODS,FOODS_2,36270.0,214831.7490234375,0.0011213823120315152,0.28674202100763235,A
FOODS_2_198,FOODS,FOODS_2,23040.0,213622.61596679688,0.0011150708593306322,0.287857091866963,A
FOODS_3_324,FOODS,FOODS_3,68825.0,212684.26953125,0.0011101728631072467,0.2889672647300703,A
FOODS_2_293,FOODS,FOODS_2,54201.0,212558.18310546875,0.001109514715099324,0.29007677944516963,A
FOODS_2_291,FOODS,FOODS_2,30273.0,212400.5419921875,0.0011086918574123846,0.291185471302582,A
FOODS_3_682,FOODS,FOODS_3,60558.0,212321.6787109375,0.001108280205554293,0.2922937515081363,A
FOODS_2_347,FOODS,FOODS_2,107207.0,212135.8505859375,0.001107310216838006,0.2934010617249743,A
HOBBIES_1_345,HOBBIES,HOBBIES_1,27724.0,211170.16162109375,0.001102269497628567,0.2945033312226029,A
FOODS_2_149,FOODS,FOODS_2,29916.0,210833.58349609375,0.0011005126215722699,0.2956038438441752,A
FOODS_3_572,FOODS,FOODS_3,77024.0,209915.6484375,0.001095721168991449,0.29669956501316663,A
HOUSEHOLD_1_506,HOUSEHOLD,HOUSEHOLD_1,60137.0,209196.72259521484,0.001091968508005046,0.29779153352117166,A
FOODS_3_634,FOODS,FOODS_3,52438.0,208870.9794921875,0.0010902681887754089,0.29888180170994705,A
FOODS_2_360,FOODS,FOODS_2,261878.0,207386.96142578125,0.0010825218867601437,0.2999643235967072,A
HOBBIES_1_040,HOBBIES,HOBBIES_1,15973.0,206277.3720703125,0.0010767300339148487,0.30104105363062206,A
FOODS_3_319,FOODS,FOODS_3,208363.0,205651.5478515625,0.0010734633463207789,0.30211451697694286,A
FOODS_3_562,FOODS,FOODS_3,40935.0,203643.708984375,0.0010629827958373965,0.30317749977278025,A
FOODS_3_281,FOODS,FOODS_3,179140.0,202815.7802734375,0.0010586611598767497,0.304236160932657,A
HOBBIES_1_330,HOBBIES,HOBBIES_1,26626.0,202580.9501953125,0.0010574353899561518,0.30529359632261316,A
FOODS_2_266,FOODS,FOODS_2,21686.0,200966.115234375,0.0010490062477540472,0.3063426025703672,A
FOODS_3_227,FOODS,FOODS_3,77139.0,199667.66821289062,0.0010422285925442312,0.30738483116291143,A
HOBBIES_1_134,HOBBIES,HOBBIES_1,56299.0,198945.439453125,0.0010384586909346078,0.30842328985384604,A
HOBBIES_1_364,HOBBIES,HOBBIES_1,15886.0,198381.5380859375,0.0010355152292639334,0.30945880508310997,A
HOUSEHOLD_1_370,HOUSEHOLD,HOUSEHOLD_1,28215.0,196504.8271484375,0.0010257191425138367,0.3104845242256238,A
FOODS_3_363,FOODS,FOODS_3,80404.0,195960.93359375,0.0010228801179533284,0.3115074043435771,A
FOODS_2_082,FOODS,FOODS_2,33048.0,195742.193359375,0.0010217383340649004,0.312529142677642,A
FOODS_2_173,FOODS,FOODS_2,22161.0,195300.4521484375,0.0010194325259955976,0.3135485752036376,A
FOODS_3_462,FOODS,FOODS_3,194512.0,194512.0,0.0010153169504479415,0.31456389215408553,A
HOUSEHOLD_1_416,HOUSEHOLD,HOUSEHOLD_1,56350.0,194356.20581054688,0.0010145037333645066,0.31557839588745,A
FOODS_3_534,FOODS,FOODS_3,40338.0,192091.3359375,0.0010026815281912354,0.31658107741564123,A
FOODS_3_800,FOODS,FOODS_3,91749.0,189193.19482421875,0.000987553763338144,0.3175686311789794,A
HOUSEHOLD_1_086,HOUSEHOLD,HOUSEHOLD_1,38239.0,188589.21337890625,0.0009844010910136506,0.31855303226999304,A
FOODS_2_285,FOODS,FOODS_2,53434.0,188435.193359375,0.000983597134771679,0.31953662940476474,A
HOUSEHOLD_1_490,HOUSEHOLD,HOUSEHOLD_1,14997.0,188347.5107421875,0.0009831394475981877,0.32051976885236294,A
FOODS_2_152,FOODS,FOODS_2,81865.0,187123.5556640625,0.0009767506266647383,0.3214965194790277,A
HOUSEHOLD_2_176,HOUSEHOLD,HOUSEHOLD_2,37354.0,185666.22705078125,0.0009691436386977375,0.3224656631177254,A
HOBBIES_1_275,HOBBIES,HOBBIES_1,14904.0,185521.4189453125,0.0009683877669569469,0.32343405088468236,A
FOODS_3_313,FOODS,FOODS_3,101568.0,185177.1142578125,0.0009665905596620887,0.32440064144434444,A
FOODS_2_233,FOODS,FOODS_2,43049.0,185003.9775390625,0.0009656868177577753,0.3253663282621022,A
HOBBIES_1_235,HOBBIES,HOBBIES_1,14371.0,184532.5068359375,0.0009632258271940958,0.3263295540892963,A
HOUSEHOLD_1_005,HOUSEHOLD,HOUSEHOLD_1,18393.0,184441.609375,0.0009627513591260973,0.3272923054484224,A
HOUSEHOLD_1_014,HOUSEHOLD,HOUSEHOLD_1,10265.0,184380.2744140625,0.0009624312018838969,0.3282547366503063,A
HOBBIES_1_037,HOBBIES,HOBBIES_1,14259.0,183771.63452148438,0.0009592542133194207,0.32921399086362574,A
HOUSEHOLD_1_235,HOUSEHOLD,HOUSEHOLD_1,53332.0,183319.4453125,0.0009568938686173381,0.3301708847322431,A
FOODS_2_131,FOODS,FOODS_2,30307.0,182127.9794921875,0.0009506746356484589,0.33112155936789156,A
FOODS_3_540,FOODS,FOODS_3,60217.0,181451.873046875,0.0009471454840576424,0.3320687048519492,A
FOODS_3_628,FOODS,FOODS_3,45415.0,180934.4912109375,0.0009444448458045721,0.3330131496977538,A
HOUSEHOLD_1_259,HOUSEHOLD,HOUSEHOLD_1,19466.0,180666.32861328125,0.0009430450862479558,0.33395619478400174,A
FOODS_1_023,FOODS,FOODS_1,31165.0,180245.0263671875,0.0009408459658249446,0.3348970407498267,A
FOODS_3_233,FOODS,FOODS_3,71808.0,179890.443359375,0.0009389951075839474,0.3358360358574106,A
HOBBIES_1_004,HOBBIES,HOBBIES_1,39623.0,179046.32104492188,0.000934588943984192,0.3367706248013948,A
FOODS_2_164,FOODS,FOODS_2,63372.0,177990.50146484375,0.0009290777595006222,0.33769970256089543,A
FOODS_1_180,FOODS,FOODS_1,18384.0,176690.4716796875,0.0009222918425548485,0.33862199440345025,A
FOODS_3_399,FOODS,FOODS_3,50152.0,175758.5654296875,0.0009174274629183562,0.3395394218663686,A
FOODS_3_230,FOODS,FOODS_3,49465.0,175483.8935546875,0.0009159937261283442,0.3404554155924969,A
HOBBIES_1_055,HOBBIES,HOBBIES_1,20651.0,174919.44873046875,0.0009130474277116814,0.3413684630202086,A
HOBBIES_1_323,HOBBIES,HOBBIES_1,35343.0,174778.38671875,0.0009123111098929231,0.34228077413010155,A
HOBBIES_1_087,HOBBIES,HOBBIES_1,14119.0,174566.0146484375,0.0009112025666524545,0.343191976696754,A
FOODS_3_242,FOODS,FOODS_3,18437.0,174258.962890625,0.0009095998128153038,0.3441015765095693,A
FOODS_3_407,FOODS,FOODS_3,58127.0,173590.86083984375,0.000906112442695274,0.3450076889522646,A
FOODS_3_782,FOODS,FOODS_3,66902.0,173266.9208984375,0.0009044215356384503,0.34591211048790305,A
FOODS_3_526,FOODS,FOODS_3,87456.0,173161.7626953125,0.0009038726291128301,0.3468159831170159,A
FOODS_2_059,FOODS,FOODS_2,29029.0,171856.23706054688,0.0008970580248404878,0.34771304114185636,A
FOODS_3_305,FOODS,FOODS_3,52124.0,170636.201171875,0.0008906896613568807,0.3486037308032132,A
HOBBIES_1_153,HOBBIES,HOBBIES_1,27675.0,170444.9921875,0.0008896915855419496,0.3494934223887552,A
HOUSEHOLD_1_100,HOUSEHOLD,HOUSEHOLD_1,21158.0,170207.1806640625,0.0008884502530238636,0.35038187264177906,A
HOUSEHOLD_1_334,HOUSEHOLD,HOUSEHOLD_1,174036.0,169935.82446289062,0.0008870338234428663,0.3512689064652219,A
FOODS_2_282,FOODS,FOODS_2,24391.0,169235.9189453125,0.000883380445061537,0.35215228691028344,A
HOUSEHOLD_1_459,HOUSEHOLD,HOUSEHOLD_1,173054.0,169055.505859375,0.0008824387218555911,0.35303472563213906,A
HOUSEHOLD_1_410,HOUSEHOLD,HOUSEHOLD_1,40648.0,168775.62841796875,0.0008809778129640688,0.35391570344510315,A
FOODS_1_217,FOODS,FOODS_1,50153.0,168609.5244140625,0.0008801107805408595,0.354795814225644,A
HOUSEHOLD_1_486,HOUSEHOLD,HOUSEHOLD_1,9314.0,167932.419921875,0.0008765764193284798,0.35567239064497247,A
FOODS_3_156,FOODS,FOODS_3,43695.0,167847.6982421875,0.0008761341877054584,0.3565485248326779,A
HOUSEHOLD_1_184,HOUSEHOLD,HOUSEHOLD_1,13993.0,167526.1416015625,0.0008744557210414188,0.35742298055371935,A
HOUSEHOLD_1_434,HOUSEHOLD,HOUSEHOLD_1,42748.0,167484.515625,0.0008742384410814017,0.35829721899480077,A
FOODS_3_295,FOODS,FOODS_3,205086.0,167170.80859375,0.0008726009479380335,0.3591698199427388,A
FOODS_3_203,FOODS,FOODS_3,37408.0,166780.9658203125,0.0008705660401900245,0.3600403859829288,A
FOODS_3_688,FOODS,FOODS_3,89086.0,166458.78466796875,0.0008688843136894001,0.36090927029661823,A
FOODS_3_393,FOODS,FOODS_3,47422.0,166231.6259765625,0.0008676985869999087,0.36177696888361816,A
HOBBIES_1_297,HOBBIES,HOBBIES_1,11173.0,165883.5908203125,0.0008658819073426515,0.3626428507909608,A
FOODS_3_501,FOODS,FOODS_3,202850.0,165402.95703125,0.0008633730871516444,0.36350622387811243,A
HOUSEHOLD_1_438,HOUSEHOLD,HOUSEHOLD_1,22606.0,164643.93359375,0.0008594111240754279,0.3643656350021879,A
HOBBIES_1_226,HOBBIES,HOBBIES_1,11237.0,164356.2880859375,0.0008579096673025694,0.3652235446694905,A
HOUSEHOLD_1_205,HOUSEHOLD,HOUSEHOLD_1,27476.0,163734.19744873047,0.000854662468319107,0.3660782071378096,A
FOODS_2_222,FOODS,FOODS_2,64861.0,163405.57080078125,0.0008529470975140578,0.36693115423532363,A
FOODS_3_757,FOODS,FOODS_3,62139.0,162908.6416015625,0.000850353218271958,0.3677815074535956,A
FOODS_2_371,FOODS,FOODS_2,84197.0,162650.05859375,0.0008490034624166388,0.36863051091601223,A
HOUSEHOLD_1_457,HOUSEHOLD,HOUSEHOLD_1,16043.0,161744.99194335938,0.0008442791805655101,0.36947479009657774,A
FOODS_3_734,FOODS,FOODS_3,99695.0,161644.0263671875,0.0008437521587833114,0.37031854225536104,A
FOODS_2_013,FOODS,FOODS_2,84682.0,160684.45556640625,0.0008387433752677025,0.3711572856306287,A
FOODS_3_474,FOODS,FOODS_3,85940.0,160614.7978515625,0.0008383797747771912,0.3719956654054059,A
HOUSEHOLD_1_304,HOUSEHOLD,HOUSEHOLD_1,77423.0,160574.39404296875,0.0008381688743097245,0.3728338342797156,A
HOBBIES_1_089,HOBBIES,HOBBIES_1,20007.0,160539.193359375,0.0008379851332000753,0.37367181941291566,A
FOODS_3_370,FOODS,FOODS_3,23355.0,160352.43481445312,0.0008370102878625116,0.3745088297007782,A
HOBBIES_1_098,HOBBIES,HOBBIES_1,10968.0,160294.66357421875,0.000836708732588501,0.3753455384333667,A
HOUSEHOLD_1_412,HOUSEHOLD,HOUSEHOLD_1,8859.0,160134.65087890625,0.0008358734956785025,0.3761814119290452,A
HOUSEHOLD_2_336,HOUSEHOLD,HOUSEHOLD_2,17497.0,159818.65576171875,0.0008342240591463643,0.37701563598819154,A
FOODS_2_318,FOODS,FOODS_2,31645.0,159723.08715820312,0.000833725208571181,0.3778493611967627,A
HOUSEHOLD_1_342,HOUSEHOLD,HOUSEHOLD_1,8908.0,159715.87841796875,0.0008336875802698354,0.37868304877703257,A
HOUSEHOLD_1_343,HOUSEHOLD,HOUSEHOLD_1,32321.0,159307.6494140625,0.0008315566997723314,0.3795146054768049,A
FOODS_3_727,FOODS,FOODS_3,42864.0,159280.6923828125,0.0008314159890153505,0.38034602146582025,A
HOUSEHOLD_1_055,HOUSEHOLD,HOUSEHOLD_1,40494.0,159269.6650390625,0.0008313584283043003,0.38117737989412454,A
HOUSEHOLD_1_449,HOUSEHOLD,HOUSEHOLD_1,10509.0,158768.4599609375,0.0008287422297588589,0.3820061221238834,A
FOODS_2_251,FOODS,FOODS_2,20580.0,158419.45703125,0.0008269204985018274,0.3828330426223852,A
HOUSEHOLD_1_090,HOUSEHOLD,HOUSEHOLD_1,53738.0,158079.4033203125,0.0008251454805246457,0.38365818810290986,A
HOUSEHOLD_1_292,HOUSEHOLD,HOUSEHOLD_1,23665.0,157240.65478515625,0.0008207673670668255,0.3844789554699767,A
HOUSEHOLD_1_066,HOUSEHOLD,HOUSEHOLD_1,52355.0,157078.2529296875,0.0008199196591791804,0.38529887512915584,A
HOBBIES_1_225,HOBBIES,HOBBIES_1,5330.0,156904.56494140625,0.0008190130397490622,0.3861178881689049,A
FOODS_3_127,FOODS,FOODS_3,44325.0,156597.212890625,0.0008174087184377131,0.38693529688734263,A
FOODS_2_103,FOODS,FOODS_2,22234.0,156224.42749023438,0.000815462847047279,0.3877507597343899,A
FOODS_3_298,FOODS,FOODS_3,8321.0,156124.13037109375,0.0008149393144881331,0.388565699048878,A
HOBBIES_1_324,HOBBIES,HOBBIES_1,10458.0,155331.48681640625,0.0008108018605689017,0.3893765009094469,A
HOUSEHOLD_1_171,HOUSEHOLD,HOUSEHOLD_1,17315.0,155288.279296875,0.0008105763252447732,0.3901870772346917,A
FOODS_2_315,FOODS,FOODS_2,61763.0,154750.255859375,0.0008077679416189197,0.3909948451763106,A
HOBBIES_1_029,HOBBIES,HOBBIES_1,18454.0,154526.0263671875,0.0008065975048118934,0.3918014426811225,A
FOODS_3_741,FOODS,FOODS_3,115129.0,154112.46533203125,0.000804438792089599,0.39260588147321207,A
HOUSEHOLD_1_127,HOUSEHOLD,HOUSEHOLD_1,19299.0,154002.86181640625,0.0008038666818483657,0.3934097481550604,A
FOODS_3_257,FOODS,FOODS_3,40397.0,153976.08984375,0.0008037269370632892,0.3942134750921237,A
HOBBIES_1_258,HOBBIES,HOBBIES_1,13521.0,153760.64306640625,0.0008026023444162725,0.39501607743653994,A
FOODS_3_449,FOODS,FOODS_3,77191.0,152839.119140625,0.0007977921586072271,0.39581386959514714,A
FOODS_3_107,FOODS,FOODS_3,61555.0,152234.529296875,0.0007946363105545207,0.3966085059057017,A
FOODS_3_042,FOODS,FOODS_3,94499.0,151770.0458984375,0.0007922117924392617,0.39740071769814095,A
FOODS_2_018,FOODS,FOODS_2,21529.0,151622.54833984375,0.0007914418822466262,0.39819215958038756,A
FOODS_2_054,FOODS,FOODS_2,56561.0,151217.93774414062,0.0007893298891760278,0.3989814894695636,A
HOBBIES_1_338,HOBBIES,HOBBIES_1,17977.0,151132.57934570312,0.0007888843339979582,0.39977037380356156,A
HOBBIES_1_337,HOBBIES,HOBBIES_1,41079.0,150758.39697265625,0.0007869311706665785,0.40055730497422815,A
FOODS_3_139,FOODS,FOODS_3,30343.0,150380.44116210938,0.0007849583106838086,0.40134226328491196,A
HOUSEHOLD_1_387,HOUSEHOLD,HOUSEHOLD_1,50165.0,148591.2275390625,0.0007756189438609295,0.40211788222877287,A
HOUSEHOLD_1_521,HOUSEHOLD,HOUSEHOLD_1,154796.0,147771.97265625,0.0007713425836915992,0.4028892248124645,A
FOODS_1_085,FOODS,FOODS_1,151147.0,147740.9794921875,0.0007711808050618968,0.40366040561752636,A
FOODS_3_678,FOODS,FOODS_3,29855.0,147403.3486328125,0.0007694184339253205,0.40442982405145167,A
HOBBIES_1_241,HOBBIES,HOBBIES_1,7034.0,147077.52783203125,0.0007677177091276641,0.4051975417605793,A
FOODS_1_194,FOODS,FOODS_1,31618.0,147074.5390625,0.000767702108299098,0.4059652438688784,A
FOODS_3_493,FOODS,FOODS_3,20414.0,146450.85278320312,0.0007644465803566989,0.40672969044923507,A
HOUSEHOLD_1_102,HOUSEHOLD,HOUSEHOLD_1,8139.0,146043.7685546875,0.0007623216753766877,0.4074920121246118,A
HOUSEHOLD_2_348,HOUSEHOLD,HOUSEHOLD_2,22517.0,145794.60693359375,0.0007610210974313806,0.40825303322204315,A
HOUSEHOLD_1_294,HOUSEHOLD,HOUSEHOLD_1,72936.0,145242.302734375,0.0007581381708496254,0.4090111713928928,A
FOODS_3_224,FOODS,FOODS_3,38420.0,144576.9208984375,0.0007546649997519681,0.40976583639264474,A
HOUSEHOLD_1_303,HOUSEHOLD,HOUSEHOLD_1,150681.0,144213.88916015625,0.0007527700406881184,0.4105186064333329,A
FOODS_3_664,FOODS,FOODS_3,69558.0,143999.43432617188,0.0007516506258034335,0.41127025705913633,A
FOODS_1_088,FOODS,FOODS_1,29972.0,143340.35546875,0.0007482103550971414,0.4120184674142335,A
FOODS_1_110,FOODS,FOODS_1,77506.0,142382.8740234375,0.0007432124776337192,0.4127616798918672,A
FOODS_2_184,FOODS,FOODS_2,29897.0,141124.1192626953,0.0007366420087421414,0.4134983219006093,A
FOODS_3_307,FOODS,FOODS_3,35332.0,140637.0830078125,0.0007340997688542927,0.4142324216694636,A
HOUSEHOLD_1_016,HOUSEHOLD,HOUSEHOLD_1,28946.0,140500.05078125,0.0007333844857746549,0.41496580615523826,A
FOODS_2_022,FOODS,FOODS_2,19987.0,140478.9501953125,0.0007332743445876498,0.4156990804998259,A
FOODS_3_109,FOODS,FOODS_3,140475.0,140474.28125,0.0007332499735497884,0.4164323304733757,A
FOODS_1_150,FOODS,FOODS_1,28907.0,138715.8974609375,0.0007240715328035721,0.41715640200617926,A
FOODS_2_104,FOODS,FOODS_2,19825.0,138373.87060546875,0.0007222862153739748,0.4178786882215532,A
HOBBIES_1_361,HOBBIES,HOBBIES_1,4700.0,138166.5361328125,0.0007212039674689608,0.41859989218902216,A
FOODS_2_036,FOODS,FOODS_2,39668.0,137484.93701171875,0.0007176461451183763,0.41931753833414054,A
HOUSEHOLD_1_197,HOUSEHOLD,HOUSEHOLD_1,27945.0,135958.232421875,0.0007096770272829983,0.4200272153614235,A
FOODS_3_533,FOODS,FOODS_3,27236.0,135538.57763671875,0.0007074865063038004,0.4207347018677273,A
FOODS_3_330,FOODS,FOODS_3,34012.0,135472.63134765625,0.0007071422787748856,0.4214418441465022,A
FOODS_3_117,FOODS,FOODS_3,65966.0,134977.8917236328,0.0007045598287135565,0.42214640397521574,A
HOUSEHOLD_1_290,HOUSEHOLD,HOUSEHOLD_1,13686.0,134912.05737304688,0.0007042161854829505,0.4228506201606987,A
HOBBIES_1_228,HOBBIES,HOBBIES_1,19631.0,134865.43798828125,0.0007039728408483162,0.423554593001547,A
FOODS_3_578,FOODS,FOODS_3,44205.0,134359.79443359375,0.0007013334742696014,0.4242559264758166,A
FOODS_3_346,FOODS,FOODS_3,67576.0,133801.3662109375,0.0006984185814091537,0.4249543450572258,A
FOODS_3_570,FOODS,FOODS_3,80798.0,133611.20654296875,0.000697425982833332,0.42565177104005913,A
FOODS_3_636,FOODS,FOODS_3,38031.0,133285.734375,0.0006957270778349889,0.42634749811789413,A
FOODS_3_535,FOODS,FOODS_3,21692.0,133097.484375,0.0006947444473755734,0.4270422425652697,A
FOODS_3_463,FOODS,FOODS_3,22207.0,132996.82958984375,0.0006942190478654516,0.4277364616131351,A
FOODS_1_018,FOODS,FOODS_1,136292.0,132856.5498046875,0.0006934868131258245,0.4284299484262609,A
FOODS_2_241,FOODS,FOODS_2,56251.0,132123.888671875,0.0006896624564430546,0.42911961088270395,A
FOODS_3_730,FOODS,FOODS_3,27345.0,131624.5673828125,0.0006870560909308771,0.42980666697363484,A
HOBBIES_1_374,HOBBIES,HOBBIES_1,7527.0,131572.583984375,0.0006867847471290784,0.4304934517207639,A
HOUSEHOLD_1_268,HOUSEHOLD,HOUSEHOLD_1,15780.0,131545.49609375,0.0006866433533101703,0.43118009507407407,A
FOODS_1_173,FOODS,FOODS_1,66374.0,131452.10888671875,0.0006861558892243873,0.43186625096329845,A
FOODS_3_435,FOODS,FOODS_3,101212.0,131200.806640625,0.0006848441376093475,0.4325510951009078,A
FOODS_2_326,FOODS,FOODS_2,138515.0,130920.78125,0.0006833824564500495,0.43323447755735783,A
FOODS_3_086,FOODS,FOODS_3,124231.0,130321.28173828125,0.0006802531789965592,0.4339147307363544,A
FOODS_3_477,FOODS,FOODS_3,82051.0,130076.90576171875,0.0006789775812376231,0.43459370831759203,A
HOUSEHOLD_1_029,HOUSEHOLD,HOUSEHOLD_1,18741.0,129851.73034667969,0.0006778022068868719,0.4352715105244789,A
FOODS_1_178,FOODS,FOODS_1,14037.0,129645.9912109375,0.000676728286347833,0.4359482388108267,A
FOODS_3_432,FOODS,FOODS_3,35368.0,129623.6884765625,0.0006766118701665573,0.43662485068099327,A
FOODS_2_322,FOODS,FOODS_2,44964.0,129521.26928710938,0.0006760772607897431,0.437300927941783,A
FOODS_3_265,FOODS,FOODS_3,32740.0,128870.927734375,0.0006726825972107771,0.43797361053899375,A
FOODS_3_746,FOODS,FOODS_3,65168.0,128648.1142578125,0.0006715195517454991,0.43864513009073924,A
HOUSEHOLD_1_162,HOUSEHOLD,HOUSEHOLD_1,22821.0,128225.49560546875,0.0006693135599234003,0.43931444365066263,A
HOUSEHOLD_1_498,HOUSEHOLD,HOUSEHOLD_1,40896.0,128126.88232421875,0.0006687988166890888,0.4399832424673517,A
FOODS_2_060,FOODS,FOODS_2,17766.0,127896.603515625,0.0006675968035603656,0.4406508392709121,A
HOBBIES_1_367,HOBBIES,HOBBIES_1,15347.0,127681.54736328125,0.0006664742499041761,0.44131731352081627,A
HOUSEHOLD_1_477,HOUSEHOLD,HOUSEHOLD_1,9784.0,127589.53979492188,0.0006659939872791208,0.4419833075080954,A
HOUSEHOLD_1_324,HOUSEHOLD,HOUSEHOLD_1,21636.0,127346.2431640625,0.0006647240235067139,0.4426480315316021,A
FOODS_2_352,FOODS,FOODS_2,12191.0,127124.51000976562,0.0006635666171254423,0.44331159814872756,A
HOBBIES_1_201,HOBBIES,HOBBIES_1,23243.0,126938.8115234375,0.0006625973050992359,0.44397419545382677,A
FOODS_2_364,FOODS,FOODS_2,47756.0,126915.88745117188,0.000662477645648176,0.44463667309947497,A
FOODS_3_067,FOODS,FOODS_3,32144.0,126668.93896484375,0.0006611886198602738,0.4452978617193352,A
HOUSEHOLD_1_083,HOUSEHOLD,HOUSEHOLD_1,129273.0,126423.10986328125,0.0006599054370554607,0.4459577671563907,A
HOUSEHOLD_2_437,HOUSEHOLD,HOUSEHOLD_2,16286.0,126134.677734375,0.0006583998742648242,0.4466161670306555,A
HOBBIES_1_179,HOBBIES,HOBBIES_1,18355.0,126097.47314453125,0.0006582056731322317,0.4472743727037877,A
FOODS_3_651,FOODS,FOODS_3,28954.0,125684.2958984375,0.0006560489637184249,0.44793042166750613,A
FOODS_1_104,FOODS,FOODS_1,37304.0,125621.33618164062,0.0006557203255487528,0.44858614199305485,A
HOBBIES_1_166,HOBBIES,HOBBIES_1,11257.0,125335.31176757812,0.000654227330587827,0.4492403693236427,A
FOODS_3_115,FOODS,FOODS_3,29715.0,125191.03759765625,0.0006534742458926232,0.4498938435695353,A
FOODS_2_078,FOODS,FOODS_2,12596.0,125002.0732421875,0.0006524878866287326,0.4505463314561641,A
HOUSEHOLD_1_327,HOUSEHOLD,HOUSEHOLD_1,130633.0,124953.28637695312,0.0006522332281437462,0.4511985646843078,A
FOODS_3_121,FOODS,FOODS_3,41928.0,124908.10620117188,0.0006519973959159406,0.4518505620802237,A
FOODS_1_046,FOODS,FOODS_1,127854.0,124864.38232421875,0.0006517691653008124,0.4525023312455245,A
FOODS_3_349,FOODS,FOODS_3,78327.0,124754.54751586914,0.000651195847753995,0.4531535270932785,A
FOODS_1_032,FOODS,FOODS_1,127861.0,124738.59228515625,0.0006511125643771797,0.45380463965765566,A
FOODS_1_162,FOODS,FOODS_1,67718.0,124441.3125,0.0006495608184443083,0.45445420047609997,A
FOODS_3_676,FOODS,FOODS_3,17367.0,124394.8623046875,0.000649318356947576,0.45510351883304756,A
FOODS_3_505,FOODS,FOODS_3,35794.0,124019.29541015625,0.0006473579666680834,0.45575087679971565,A
HOUSEHOLD_2_037,HOUSEHOLD,HOUSEHOLD_2,11300.0,123948.3515625,0.0006469876528002737,0.4563978644525159,A
FOODS_3_054,FOODS,FOODS_3,62834.0,123773.86474609375,0.0006460768636339139,0.45704394131614984,A
HOUSEHOLD_1_473,HOUSEHOLD,HOUSEHOLD_1,59070.0,123139.93505859375,0.0006427678669801809,0.45768670918313004,A
HOUSEHOLD_1_169,HOUSEHOLD,HOUSEHOLD_1,41433.0,122834.703125,0.0006411746122915461,0.4583278837954216,A
HOUSEHOLD_1_019,HOUSEHOLD,HOUSEHOLD_1,125550.0,122663.95239257812,0.0006402833247980788,0.4589681671202197,A
FOODS_2_063,FOODS,FOODS_2,44949.0,122636.4140625,0.0006401395797678732,0.4596083066999876,A
FOODS_3_787,FOODS,FOODS_3,56448.0,122400.47021484375,0.0006389079961746794,0.46024721469616225,A
FOODS_3_126,FOODS,FOODS_3,34555.0,122322.8583984375,0.0006385028767334505,0.4608857175728957,A
FOODS_2_141,FOODS,FOODS_2,17385.0,121934.07763671875,0.0006364735124917528,0.46152219108538745,A
HOUSEHOLD_1_018,HOUSEHOLD,HOUSEHOLD_1,12132.0,120987.82141113281,0.0006315342286156716,0.4621537253140031,A
HOUSEHOLD_1_408,HOUSEHOLD,HOUSEHOLD_1,21641.0,120674.78515625,0.0006299002368018644,0.462783625550805,A
HOBBIES_1_085,HOBBIES,HOBBIES_1,8132.0,119704.30859375,0.0006248345272111004,0.4634084600780161,A
HOUSEHOLD_1_234,HOUSEHOLD,HOUSEHOLD_1,123284.0,119585.48266601562,0.0006242142776708077,0.4640326743556869,A
HOUSEHOLD_1_186,HOUSEHOLD,HOUSEHOLD_1,39491.0,119361.16845703125,0.0006230433986576457,0.46465571775434455,A
FOODS_2_128,FOODS,FOODS_2,151901.0,119329.33190917969,0.0006228772177193107,0.46527859497206386,A
FOODS_1_152,FOODS,FOODS_1,14977.0,118390.923828125,0.0006179788997176853,0.46589657387178157,A
HOUSEHOLD_1_042,HOUSEHOLD,HOUSEHOLD_1,11572.0,118322.70751953125,0.0006176228231033261,0.4665141966948849,A
HOUSEHOLD_1_519,HOUSEHOLD,HOUSEHOLD_1,24368.0,118265.63671875,0.0006173249239947424,0.46713152161887966,A
HOUSEHOLD_1_513,HOUSEHOLD,HOUSEHOLD_1,11542.0,118068.33276367188,0.0006162950335510617,0.4677478166524307,A
HOUSEHOLD_2_421,HOUSEHOLD,HOUSEHOLD_2,24611.0,118052.59033203125,0.0006162128609463586,0.4683640295133771,A
FOODS_3_807,FOODS,FOODS_3,59604.0,118011.4765625,0.0006159982546130636,0.46898002776799014,A
HOUSEHOLD_1_118,HOUSEHOLD,HOUSEHOLD_1,121337.0,117696.92855834961,0.0006143563717454592,0.4695943841397356,A
HOBBIES_1_349,HOBBIES,HOBBIES_1,10276.0,117413.3857421875,0.0006128763302702436,0.47020726047000583,A
HOUSEHOLD_1_441,HOUSEHOLD,HOUSEHOLD_1,41275.0,117158.83068847656,0.0006115475995962755,0.4708188080696021,A
HOUSEHOLD_1_465,HOUSEHOLD,HOUSEHOLD_1,119633.0,116795.12548828125,0.0006096491251848028,0.4714284571947869,A
FOODS_2_212,FOODS,FOODS_2,26164.0,116762.75524902344,0.0006094801584752501,0.4720379373532621,A
HOUSEHOLD_1_511,HOUSEHOLD,HOUSEHOLD_1,19452.0,116673.77587890625,0.0006090157024893975,0.4726469530557515,A
HOUSEHOLD_1_418,HOUSEHOLD,HOUSEHOLD_1,119476.0,116612.28393554688,0.0006086947258277584,0.47325564778157925,A
FOODS_3_406,FOODS,FOODS_3,143394.0,116557.005859375,0.0006084061844127019,0.47386405396599196,A
FOODS_2_115,FOODS,FOODS_2,13368.0,116448.19189453125,0.000607838195481678,0.4744718921614736,A
FOODS_3_184,FOODS,FOODS_3,38206.0,116183.6220703125,0.0006064571895431944,0.47507834935101684,A
HOUSEHOLD_1_429,HOUSEHOLD,HOUSEHOLD_1,39195.0,115779.21533203125,0.000604346260570934,0.47568269561158777,A
HOUSEHOLD_1_516,HOUSEHOLD,HOUSEHOLD_1,59713.0,115558.12841796875,0.000603192227445112,0.47628588783903286,A
HOUSEHOLD_1_109,HOUSEHOLD,HOUSEHOLD_1,30887.0,115554.931640625,0.0006031755408539304,0.4768890633798868,A
FOODS_3_418,FOODS,FOODS_3,28994.0,115390.103515625,0.0006023151682845103,0.4774913785481713,A
FOODS_2_316,FOODS,FOODS_2,10906.0,115195.47973632812,0.0006012992678666422,0.4780926778160379,A
HOUSEHOLD_1_160,HOUSEHOLD,HOUSEHOLD_1,11288.0,114994.34130859375,0.0006002493621792545,0.47869292717821715,A
HOUSEHOLD_1_045,HOUSEHOLD,HOUSEHOLD_1,43221.0,114715.7646484375,0.0005987952431271866,0.4792917224213443,A
FOODS_2_101,FOODS,FOODS_2,19172.0,114571.43920898438,0.0005980418908144368,0.47988976431215874,A
HOUSEHOLD_1_510,HOUSEHOLD,HOUSEHOLD_1,23424.0,114526.14892578125,0.0005978054838460917,0.4804875697960048,A
FOODS_3_481,FOODS,FOODS_3,30287.0,114446.26586914062,0.0005973885089475724,0.4810849583049524,A
FOODS_3_132,FOODS,FOODS_3,43381.0,114314.48583984375,0.0005967006413739746,0.48168165894632636,A
HOUSEHOLD_1_339,HOUSEHOLD,HOUSEHOLD_1,116960.0,114264.49877929688,0.0005964397180896717,0.482278098664416,A
FOODS_3_201,FOODS,FOODS_3,45817.0,114164.2861328125,0.0005959166264622924,0.4828740152908783,A
HOUSEHOLD_1_321,HOUSEHOLD,HOUSEHOLD_1,38449.0,114011.97265625,0.0005951215780614967,0.48346913686893983,A
FOODS_3_219,FOODS,FOODS_3,86822.0,113814.02014160156,0.0005940883022558581,0.4840632251711957,A
FOODS_3_195,FOODS,FOODS_3,42845.0,113008.65234375,0.0005898844301219866,0.4846531096013177,A
HOUSEHOLD_2_140,HOUSEHOLD,HOUSEHOLD_2,16093.0,112183.61450195312,0.0005855778839678298,0.48523868748528554,A
FOODS_2_240,FOODS,FOODS_2,54213.0,112000.95092773438,0.000584624413625981,0.48582331189891154,A
FOODS_3_788,FOODS,FOODS_3,29597.0,111818.376953125,0.0005836714109776531,0.4864069833098892,A
HOUSEHOLD_1_437,HOUSEHOLD,HOUSEHOLD_1,34587.0,111671.59033203125,0.000582905211748323,0.4869898885216375,A
HOUSEHOLD_2_465,HOUSEHOLD,HOUSEHOLD_2,15382.0,111611.07202148438,0.0005825893172713204,0.48757247783890884,A
FOODS_1_038,FOODS,FOODS_1,12307.0,111535.12524414062,0.0005821928890284921,0.48815467072793733,A
FOODS_3_674,FOODS,FOODS_3,37402.0,111396.9775390625,0.0005814717833556735,0.488736142511293,A
HOUSEHOLD_1_038,HOUSEHOLD,HOUSEHOLD_1,21585.0,111273.48388671875,0.0005808271691493658,0.48931696968044236,A
HOUSEHOLD_1_319,HOUSEHOLD,HOUSEHOLD_1,57377.0,111121.25219726562,0.0005800325476622745,0.4898970022281046,A
HOUSEHOLD_1_447,HOUSEHOLD,HOUSEHOLD_1,113484.0,110764.9404296875,0.000578172665612498,0.4904751748937171,A
HOBBIES_1_300,HOBBIES,HOBBIES_1,11704.0,110690.4521484375,0.0005777838504516706,0.49105295874416877,A
FOODS_3_513,FOODS,FOODS_3,24901.0,110545.00390625,0.000577024637314662,0.49162998338148345,A
HOUSEHOLD_1_328,HOUSEHOLD,HOUSEHOLD_1,23342.0,110257.26538085938,0.0005755226950071128,0.49220550607649055,A
FOODS_2_302,FOODS,FOODS_2,10406.0,110117.81494140625,0.0005747947892998856,0.49278030086579044,A
FOODS_3_077,FOODS,FOODS_3,40726.0,110030.4482421875,0.000574338751160226,0.4933546396169507,A
FOODS_3_292,FOODS,FOODS_3,31382.0,110009.0908203125,0.0005742272693367521,0.49392886688628745,A
FOODS_3_446,FOODS,FOODS_3,97302.0,109707.14501953125,0.0005726511676584506,0.49450151805394593,A
FOODS_3_146,FOODS,FOODS_3,20722.0,109329.4345703125,0.000570679588416794,0.4950721976423627,A
HOUSEHOLD_1_087,HOUSEHOLD,HOUSEHOLD_1,25412.0,108864.6318359375,0.0005682534034265338,0.49564045104578924,A
FOODS_3_818,FOODS,FOODS_3,36482.0,108716.38525390625,0.0005674795834689873,0.4962079306292582,A
HOUSEHOLD_1_198,HOUSEHOLD,HOUSEHOLD_1,111135.0,108637.037109375,0.0005670654007135316,0.49677499602997177,A
HOUSEHOLD_1_351,HOUSEHOLD,HOUSEHOLD_1,110897.0,108332.54736328125,0.0005654760201074684,0.49734047205007925,A
FOODS_3_217,FOODS,FOODS_3,36574.0,108227.41259765625,0.0005649272359212977,0.4979053992860005,A
FOODS_2_398,FOODS,FOODS_2,45329.0,108180.20874023438,0.0005646808404466383,0.49847008012644717,A
HOUSEHOLD_1_179,HOUSEHOLD,HOUSEHOLD_1,113181.0,108143.4638671875,0.0005644890389513756,0.49903456916539857,A
HOBBIES_1_423,HOBBIES,HOBBIES_1,14059.0,108139.7392578125,0.0005644695971738388,0.4995990387625724,A
HOUSEHOLD_1_075,HOUSEHOLD,HOUSEHOLD_1,39576.0,108014.63818359375,0.0005638165925202773,0.5001628553550926,A
FOODS_1_177,FOODS,FOODS_1,12524.0,107681.9716796875,0.0005620801344083753,0.500724935489501,A
FOODS_3_404,FOODS,FOODS_3,110048.0,107609.52587890625,0.0005617019806208354,0.5012866374701219,A
FOODS_2_030,FOODS,FOODS_2,24347.0,106920.59936523438,0.0005581059106254415,0.5018447433807474,A
FOODS_3_092,FOODS,FOODS_3,29290.0,106908.90795898438,0.0005580448836299852,0.5024027882643773,A
FOODS_3_369,FOODS,FOODS_3,27168.0,106864.53955078125,0.0005578132886799922,0.5029606015530573,A
HOBBIES_1_373,HOBBIES,HOBBIES_1,7252.0,106749.58520507812,0.000557213248087535,0.5035178148011449,A
HOUSEHOLD_1_249,HOUSEHOLD,HOUSEHOLD_1,13358.0,106463.45727539062,0.00055571971279404,0.5040735345139389,A
HOUSEHOLD_1_062,HOUSEHOLD,HOUSEHOLD_1,21297.0,106059.37158203125,0.0005536104596173657,0.5046271449735562,A
FOODS_3_069,FOODS,FOODS_3,35673.0,106058.392578125,0.0005536053493966052,0.5051807503229528,A
HOUSEHOLD_1_277,HOUSEHOLD,HOUSEHOLD_1,108492.0,105986.98803710938,0.0005532326307939887,0.5057339829537468,A
FOODS_3_276,FOODS,FOODS_3,24022.0,105983.9501953125,0.0005532167738171999,0.506287199727564,A
HOUSEHOLD_1_146,HOUSEHOLD,HOUSEHOLD_1,17493.0,105953.96923828125,0.0005530602787224784,0.5068402600062865,A
FOODS_3_308,FOODS,FOODS_3,21446.0,105715.1337890625,0.0005518136014996868,0.5073920736077862,A
FOODS_2_334,FOODS,FOODS_2,10045.0,105664.59741210938,0.0005515498108845333,0.5079436234186707,A
HOUSEHOLD_1_056,HOUSEHOLD,HOUSEHOLD_1,8826.0,105543.396484375,0.0005509171642800116,0.5084945405829507,A
FOODS_3_577,FOODS,FOODS_3,34723.0,105317.25244140625,0.0005497367338691937,0.5090442773168199,A
FOODS_1_067,FOODS,FOODS_1,53190.0,105308.798828125,0.0005496926075589559,0.5095939699243789,A
HOUSEHOLD_1_048,HOUSEHOLD,HOUSEHOLD_1,37007.0,105090.7021484375,0.0005485541829079156,0.5101425241072868,A
FOODS_3_388,FOODS,FOODS_3,25720.0,104701.48828125,0.0005465225579351383,0.510689046665222,A
FOODS_3_485,FOODS,FOODS_3,27510.0,104625.42211914062,0.0005461255065257386,0.5112351721717477,A
HOUSEHOLD_1_236,HOUSEHOLD,HOUSEHOLD_1,41526.0,104553.47314453125,0.0005457499460796569,0.5117809221178274,A
HOUSEHOLD_1_129,HOUSEHOLD,HOUSEHOLD_1,26748.0,104537.13671875,0.0005456646729345273,0.5123265867907619,A
HOBBIES_1_384,HOBBIES,HOBBIES_1,9322.0,104518.86328125,0.0005455692889436336,0.5128721560797056,A
HOUSEHOLD_1_142,HOUSEHOLD,HOUSEHOLD_1,17457.0,104502.31005859375,0.0005454828841585951,0.5134176389638642,A
FOODS_3_238,FOODS,FOODS_3,28979.0,104265.51000976562,0.0005442468313523821,0.5139618857952165,A
HOUSEHOLD_1_318,HOUSEHOLD,HOUSEHOLD_1,35674.0,104073.11083984375,0.0005432425429872746,0.5145051283382038,A
HOUSEHOLD_1_411,HOUSEHOLD,HOUSEHOLD_1,33259.0,103871.126953125,0.0005421882241591154,0.5150473165623629,A
HOBBIES_1_086,HOBBIES,HOBBIES_1,12460.0,103645.02099609375,0.0005410079925499032,0.5155883245549128,A
FOODS_3_679,FOODS,FOODS_3,27411.0,103630.06103515625,0.0005409299042987008,0.5161292544592114,A
HOUSEHOLD_1_006,HOUSEHOLD,HOUSEHOLD_1,14899.0,103609.14208984375,0.0005408207112424303,0.5166700751704538,A
HOUSEHOLD_1_223,HOUSEHOLD,HOUSEHOLD_1,10930.0,103486.46826171875,0.000540180376368121,0.517210255546822,A
FOODS_3_169,FOODS,FOODS_3,25992.0,103447.64794921875,0.0005399777414597199,0.5177502332882817,A
HOBBIES_1_060,HOBBIES,HOBBIES_1,3527.0,103423.3828125,0.0005398510818982764,0.51829008437018,A
HOUSEHOLD_2_483,HOUSEHOLD,HOUSEHOLD_2,21073.0,103349.50341796875,0.0005394654450144008,0.5188295498151944,A
HOUSEHOLD_1_138,HOUSEHOLD,HOUSEHOLD_1,20852.0,103333.259765625,0.0005393806561295927,0.5193689304713239,A
FOODS_3_725,FOODS,FOODS_3,36430.0,103112.177734375,0.0005382266484911561,0.519907157119815,A
HOUSEHOLD_1_358,HOUSEHOLD,HOUSEHOLD_1,10313.0,102626.63403320312,0.0005356921994598211,0.5204428493192749,A
HOBBIES_1_357,HOBBIES,HOBBIES_1,7381.0,102625.85961914062,0.0005356881571605063,0.5209785374764354,A
HOUSEHOLD_2_438,HOUSEHOLD,HOUSEHOLD_2,11492.0,102308.51245117188,0.0005340316631713677,0.5215125691396068,A
HOUSEHOLD_1_248,HOUSEHOLD,HOUSEHOLD_1,11402.0,102152.25830078125,0.000533216045176234,0.522045785184783,A
FOODS_3_271,FOODS,FOODS_3,23136.0,102046.1982421875,0.0005326624311305416,0.5225784476159135,A
FOODS_1_183,FOODS,FOODS_1,34551.0,101853.69140625,0.0005316575807685874,0.5231101051966821,A
HOUSEHOLD_1_338,HOUSEHOLD,HOUSEHOLD_1,25700.0,101590.86328125,0.0005302856661804541,0.5236403908628625,A
HOUSEHOLD_1_539,HOUSEHOLD,HOUSEHOLD_1,27579.0,101541.49365234375,0.0005300279657760275,0.5241704188286386,A
HOUSEHOLD_1_124,HOUSEHOLD,HOUSEHOLD_1,25442.0,101398.94677734375,0.0005292838972433874,0.524699702725882,A
FOODS_3_151,FOODS,FOODS_3,37001.0,101115.837890625,0.0005278061208002478,0.5252275088466822,A
FOODS_3_232,FOODS,FOODS_3,33435.0,101103.76416015625,0.0005277430981425194,0.5257552519448248,A
FOODS_1_106,FOODS,FOODS_1,30703.0,101053.2783203125,0.0005274795713218042,0.5262827315161466,A
HOUSEHOLD_1_256,HOUSEHOLD,HOUSEHOLD_1,17056.0,100975.8466796875,0.0005270753923650942,0.5268098069085116,A
FOODS_3_789,FOODS,FOODS_3,67678.0,100887.82666015625,0.0005266159440132761,0.5273364228525249,A
FOODS_3_023,FOODS,FOODS_3,25596.0,100787.20434570312,0.0005260907139942667,0.5278625135665191,A
HOUSEHOLD_1_103,HOUSEHOLD,HOUSEHOLD_1,20578.0,100639.14697265625,0.0005253178816729021,0.528387831448192,A
HOUSEHOLD_1_224,HOUSEHOLD,HOUSEHOLD_1,12083.0,100615.9580078125,0.0005251968395311874,0.5289130282877232,A
HOUSEHOLD_1_456,HOUSEHOLD,HOUSEHOLD_1,14416.0,100467.57177734375,0.0005244222906344202,0.5294374505783577,A
FOODS_1_024,FOODS,FOODS_1,21530.0,100369.17236328125,0.0005239086637475864,0.5299613592421053,A
HOBBIES_1_394,HOBBIES,HOBBIES_1,12837.0,100315.76220703125,0.0005236298725317915,0.530484989114637,A
FOODS_3_657,FOODS,FOODS_3,31721.0,100294.078125,0.0005235166856022384,0.5310085058002393,A
FOODS_3_738,FOODS,FOODS_3,74134.0,100228.49658203125,0.0005231743619810084,0.5315316801622203,A
FOODS_1_058,FOODS,FOODS_1,55064.0,100183.68969726562,0.000522940478263812,0.5320546206404841,A
HOUSEHOLD_2_294,HOUSEHOLD,HOUSEHOLD_2,21010.0,100104.40185546875,0.0005225266102775653,0.5325771472507617,A
HOUSEHOLD_2_509,HOUSEHOLD,HOUSEHOLD_2,11150.0,100033.01403808594,0.0005221539789692437,0.5330993012297309,A
FOODS_1_137,FOODS,FOODS_1,50409.0,99807.40869140625,0.0005209763604542134,0.5336202775901852,A
FOODS_2_175,FOODS,FOODS_2,42976.0,99617.84716796875,0.0005199868840830959,0.5341402644742682,A
HOBBIES_1_164,HOBBIES,HOBBIES_1,11106.0,99610.16064453125,0.0005199467618410947,0.5346602112361093,A
HOBBIES_1_280,HOBBIES,HOBBIES_1,9176.0,99319.66577148438,0.0005184304319045217,0.5351786416680138,A
HOBBIES_1_144,HOBBIES,HOBBIES_1,8882.0,99286.44921875,0.000518257047593905,0.5356968987156077,A
HOUSEHOLD_1_003,HOUSEHOLD,HOUSEHOLD_1,11046.0,99082.755859375,0.0005171938056321386,0.5362140925212397,A
FOODS_3_632,FOODS,FOODS_3,24851.0,98955.18310546875,0.0005165278992641184,0.5367306204205039,A
FOODS_3_755,FOODS,FOODS_3,94227.0,98836.20849609375,0.000515906873632942,0.5372465272941368,A
FOODS_3_400,FOODS,FOODS_3,33387.0,98762.89013671875,0.0005155241652496419,0.5377620514593865,A
HOBBIES_1_074,HOBBIES,HOBBIES_1,26890.0,98684.28125,0.0005151138412843268,0.5382771653006708,A
FOODS_3_194,FOODS,FOODS_3,33411.0,98650.201171875,0.0005149359495296129,0.5387921012502004,A
FOODS_3_087,FOODS,FOODS_3,39358.0,98564.58227539062,0.0005144890345995354,0.5393065902847999,A
FOODS_3_398,FOODS,FOODS_3,16642.0,98242.8154296875,0.000512809470703557,0.5398193997555034,A
FOODS_2_021,FOODS,FOODS_2,123205.0,98172.89028930664,0.0005124444743008099,0.5403318442298042,A
FOODS_3_468,FOODS,FOODS_3,86494.0,97938.42651367188,0.000511220616412001,0.5408430648462161,A
HOUSEHOLD_1_287,HOUSEHOLD,HOUSEHOLD_1,21172.0,97890.67163085938,0.000510971344685906,0.541354036190902,A
FOODS_3_258,FOODS,FOODS_3,60408.0,97531.2841796875,0.0005090954081321043,0.5418631315990342,A
FOODS_2_325,FOODS,FOODS_2,82843.0,97455.91857910156,0.000508702013525316,0.5423718336125595,A
FOODS_3_037,FOODS,FOODS_3,38727.0,96870.48999023438,0.0005056461837073425,0.5428774797962668,A
FOODS_2_070,FOODS,FOODS_2,16235.0,96748.81811523438,0.0005050110788445048,0.5433824908751113,A
FOODS_2_083,FOODS,FOODS_2,13857.0,96170.50952148438,0.0005019924140946484,0.5438844832892059,A
FOODS_3_241,FOODS,FOODS_3,34995.0,96100.1728515625,0.0005016252695832056,0.5443861085587891,A
FOODS_3_460,FOODS,FOODS_3,48803.0,96056.01318359375,0.0005013947642189359,0.5448875033230081,A
HOBBIES_1_372,HOBBIES,HOBBIES_1,14386.0,95949.34301757812,0.0005008379655244453,0.5453883412885325,A
FOODS_3_571,FOODS,FOODS_3,11632.0,95673.478515625,0.0004993980034405642,0.5458877392919731,A
HOUSEHOLD_1_068,HOUSEHOLD,HOUSEHOLD_1,13716.0,95571.69702148438,0.0004988667227162752,0.5463866060146894,A
HOBBIES_1_215,HOBBIES,HOBBIES_1,8793.0,95563.90063476562,0.000498826027008104,0.5468854320416975,A
FOODS_3_767,FOODS,FOODS_3,97190.0,95538.5537109375,0.0004986937207164387,0.5473841257624139,A
FOODS_2_295,FOODS,FOODS_2,7889.0,95404.51452636719,0.0004979940607668292,0.5478821198231807,A
HOUSEHOLD_1_079,HOUSEHOLD,HOUSEHOLD_1,19647.0,95389.0126953125,0.0004979131440530387,0.5483800329672337,A
HOUSEHOLD_1_376,HOUSEHOLD,HOUSEHOLD_1,19028.0,95380.041015625,0.0004978663135312163,0.5488778992807649,A
FOODS_3_615,FOODS,FOODS_3,22534.0,95273.80395507812,0.0004973117755678054,0.5493752110563327,A
FOODS_2_166,FOODS,FOODS_2,46463.0,95243.73046875,0.0004971547974871315,0.5498723658538198,A
HOUSEHOLD_2_366,HOUSEHOLD,HOUSEHOLD_2,25118.0,94917.3544921875,0.0004954511747737621,0.5503678170285936,A
HOUSEHOLD_1_389,HOUSEHOLD,HOUSEHOLD_1,98855.0,94516.13122558594,0.0004933568629395584,0.5508611738915332,A
HOBBIES_1_237,HOBBIES,HOBBIES_1,11819.0,94312.43286132812,0.0004922935948532219,0.5513534674863865,A
HOUSEHOLD_1_331,HOUSEHOLD,HOUSEHOLD_1,19465.0,94277.201171875,0.0004921096918986757,0.5518455771782852,A
FOODS_2_208,FOODS,FOODS_2,13403.0,93967.57275390625,0.0004904934883682815,0.5523360706666535,A
HOBBIES_1_415,HOBBIES,HOBBIES_1,14097.0,93940.2568359375,0.000490350904288478,0.552826421570942,A
FOODS_2_171,FOODS,FOODS_2,32703.0,93917.94165039062,0.0004902344231143699,0.5533166559940563,A
FOODS_3_661,FOODS,FOODS_3,28592.0,93781.83544921875,0.0004895239737173616,0.5538061799677737,A
FOODS_3_098,FOODS,FOODS_3,22109.0,93771.80615234375,0.0004894716226278747,0.5542956515904016,A
FOODS_3_596,FOODS,FOODS_3,32689.0,93658.9189453125,0.0004888823721200009,0.5547845339625216,A
HOUSEHOLD_1_241,HOUSEHOLD,HOUSEHOLD_1,11775.0,93491.54370117188,0.0004880087040560185,0.5552725426665776,A
HOUSEHOLD_1_439,HOUSEHOLD,HOUSEHOLD_1,97832.0,93475.900390625,0.0004879270488452379,0.5557604697154228,A
HOUSEHOLD_2_324,HOUSEHOLD,HOUSEHOLD_2,6550.0,93409.345703125,0.00048757964558810975,0.5562480493610109,A
HOUSEHOLD_2_453,HOUSEHOLD,HOUSEHOLD_2,14388.0,93179.55517578125,0.00048638018119792056,0.5567344295422089,A
FOODS_1_144,FOODS,FOODS_1,13371.0,93083.72021484375,0.000485879940285867,0.5572203094824947,A
HOBBIES_1_260,HOBBIES,HOBBIES_1,7436.0,93051.09912109375,0.0004857096641618925,0.5577060191466565,A
FOODS_3_551,FOODS,FOODS_3,20144.0,92972.24670410156,0.0004852980690132335,0.5581913172156697,A
HOUSEHOLD_1_431,HOUSEHOLD,HOUSEHOLD_1,12510.0,92924.42614746094,0.00048504845448180573,0.5586763656701516,A
FOODS_3_113,FOODS,FOODS_3,84485.0,92845.7109375,0.00048463757552867474,0.5591610032456802,A
FOODS_2_388,FOODS,FOODS_2,31274.0,92703.25170898438,0.00048389396449460153,0.5596448972101747,A
FOODS_3_524,FOODS,FOODS_3,94366.0,92611.552734375,0.0004834153126722996,0.560128312522847,A
HOUSEHOLD_1_478,HOUSEHOLD,HOUSEHOLD_1,34782.0,92251.67529296875,0.00048153681845937907,0.5606098493413064,A
HOUSEHOLD_1_293,HOUSEHOLD,HOUSEHOLD_1,7446.0,91935.771484375,0.00047988785854134676,0.5610897371998478,A
HOUSEHOLD_2_135,HOUSEHOLD,HOUSEHOLD_2,9007.0,91875.22729492188,0.00047957182898120197,0.561569309028829,A
HOBBIES_1_050,HOBBIES,HOBBIES_1,8823.0,91727.88330078125,0.0004788027203668353,0.5620481117491958,A
HOUSEHOLD_1_285,HOUSEHOLD,HOUSEHOLD_1,33298.0,91523.07958984375,0.0004777336825736427,0.5625258454317694,A
FOODS_3_066,FOODS,FOODS_3,30360.0,91119.05541992188,0.0004756247505380236,0.5630014701823074,A
HOUSEHOLD_1_151,HOUSEHOLD,HOUSEHOLD_1,98309.0,91107.591796875,0.0004755649125290934,0.5634770350948365,A
FOODS_3_250,FOODS,FOODS_3,23236.0,90733.54541015625,0.0004736124590213954,0.5639506475538579,A
FOODS_3_372,FOODS,FOODS_3,27649.0,90688.779296875,0.00047337878812386656,0.5644240263419817,A
HOBBIES_1_416,HOBBIES,HOBBIES_1,18924.0,90643.849609375,0.0004731442633989289,0.5648971706053807,A
FOODS_3_093,FOODS,FOODS_3,44612.0,90608.31854248047,0.00047295879774906916,0.5653701294031298,A
FOODS_3_002,FOODS,FOODS_3,36111.0,90300.640625,0.00047135277547334095,0.5658414821786032,A
HOUSEHOLD_1_531,HOUSEHOLD,HOUSEHOLD_1,11011.0,90294.8681640625,0.0004713226442863929,0.5663128048228896,A
FOODS_2_304,FOODS,FOODS_2,22900.0,90283.60498046875,0.0004712638525346308,0.5667840686754242,A
FOODS_3_561,FOODS,FOODS_3,30287.0,90185.11083984375,0.00047074973119252153,0.5672548184066167,A
FOODS_3_793,FOODS,FOODS_3,30178.0,89915.21899414062,0.00046934094527838736,0.5677241593518951,A
HOUSEHOLD_1_011,HOUSEHOLD,HOUSEHOLD_1,19405.0,89828.4775390625,0.00046888817079842037,0.5681930475226935,A
FOODS_3_348,FOODS,FOODS_3,110424.0,89820.4990234375,0.000468846524410776,0.5686618940471043,A
FOODS_3_459,FOODS,FOODS_3,48009.0,89773.45361328125,0.00046860095600177086,0.5691304950031061,A
HOUSEHOLD_1_270,HOUSEHOLD,HOUSEHOLD_1,9024.0,89611.94482421875,0.0004677579097569043,0.569598252912863,A
HOUSEHOLD_1_505,HOUSEHOLD,HOUSEHOLD_1,35436.0,89528.63793945312,0.00046732306310378496,0.5700655759759669,A
FOODS_3_283,FOODS,FOODS_3,32002.0,89386.1142578125,0.00046657911563622527,0.570532155091603,A
FOODS_1_219,FOODS,FOODS_1,41786.0,89076.41674804688,0.0004649625514593284,0.5709971176430624,A
FOODS_3_420,FOODS,FOODS_3,10683.0,88893.14599609375,0.00046400591176111265,0.5714611235548235,A
FOODS_3_617,FOODS,FOODS_3,34912.0,88877.470703125,0.00046392408960795804,0.5719250476444314,A
FOODS_2_333,FOODS,FOODS_2,28415.0,88734.01416015625,0.0004631752727754293,0.5723882229172068,A
FOODS_3_378,FOODS,FOODS_3,19219.0,88618.68603515625,0.00046257328112362436,0.5728507961983305,A
FOODS_3_760,FOODS,FOODS_3,30767.0,88599.94775390625,0.00046247547073364646,0.5733132716690641,A
FOODS_3_174,FOODS,FOODS_3,14861.0,88442.5107421875,0.0004616536784194143,0.5737749253474835,A
HOUSEHOLD_1_050,HOUSEHOLD,HOUSEHOLD_1,23668.0,88411.0908203125,0.0004614896721922333,0.5742364150196758,A
HOUSEHOLD_1_275,HOUSEHOLD,HOUSEHOLD_1,29761.0,88390.30786132812,0.00046138118895964456,0.5746977962086355,A
HOUSEHOLD_1_462,HOUSEHOLD,HOUSEHOLD_1,39826.0,88329.1533203125,0.00046106197347633234,0.5751588581821118,A
FOODS_3_403,FOODS,FOODS_3,59045.0,88070.001953125,0.0004597092508893597,0.5756185674330011,A
FOODS_3_795,FOODS,FOODS_3,29561.0,88025.60302734375,0.00045947749664320835,0.5760780449296443,A
HOBBIES_1_160,HOBBIES,HOBBIES_1,4460.0,87874.38720703125,0.000458688177806637,0.5765367331074509,A
HOUSEHOLD_1_377,HOUSEHOLD,HOUSEHOLD_1,10043.0,87832.53759765625,0.0004584697305243713,0.5769952028379752,A
HOUSEHOLD_1_243,HOUSEHOLD,HOUSEHOLD_1,44570.0,87803.11376953125,0.00045831614354031696,0.5774535189815155,A
HOUSEHOLD_1_359,HOUSEHOLD,HOUSEHOLD_1,13007.0,87412.06884765625,0.0004562749607980374,0.5779097939423136,A
FOODS_1_061,FOODS,FOODS_1,40852.0,87380.46630859375,0.00045611000134264466,0.5783659039436562,A
HOUSEHOLD_1_381,HOUSEHOLD,HOUSEHOLD_1,18101.0,87235.11938476562,0.0004553513170688818,0.578821255260725,A
HOUSEHOLD_1_364,HOUSEHOLD,HOUSEHOLD_1,11534.0,87114.75854492188,0.0004547230555690077,0.5792759783162941,A
HOBBIES_1_079,HOBBIES,HOBBIES_1,10812.0,86839.78344726562,0.00045328773601236615,0.5797292660523065,A
HOUSEHOLD_2_450,HOUSEHOLD,HOUSEHOLD_2,8980.0,86762.42065429688,0.0004528839164277895,0.5801821499687343,A
FOODS_1_161,FOODS,FOODS_1,88637.0,86660.41442871094,0.0004523514626465903,0.5806345014313808,A
HOUSEHOLD_1_188,HOUSEHOLD,HOUSEHOLD_1,21737.0,86645.76904296875,0.00045227501642018837,0.581086776447801,A
HOUSEHOLD_1_369,HOUSEHOLD,HOUSEHOLD_1,23438.0,86561.4912109375,0.00045183510160049433,0.5815386115494016,A
FOODS_3_311,FOODS,FOODS_3,29375.0,86493.0673828125,0.00045147794177225826,0.5819900894911738,A
HOUSEHOLD_1_130,HOUSEHOLD,HOUSEHOLD_1,13372.0,86306.31201171875,0.00045050311300149514,0.5824405926041754,A
FOODS_3_585,FOODS,FOODS_3,21944.0,86159.63647460938,0.00044973749361018145,0.5828903300977856,A
HOBBIES_1_100,HOBBIES,HOBBIES_1,7698.0,86007.70288085938,0.0004489444281279652,0.5833392745259135,A
FOODS_3_654,FOODS,FOODS_3,53370.0,85896.70112609863,0.0004483650193349959,0.5837876395452485,A
HOBBIES_1_247,HOBBIES,HOBBIES_1,5078.0,85716.34228515625,0.0004474235792779714,0.5842350631245264,A
HOUSEHOLD_1_113,HOUSEHOLD,HOUSEHOLD_1,14615.0,85616.2353515625,0.00044690103945248456,0.5846819641639789,A
FOODS_3_769,FOODS,FOODS_3,75137.0,85452.41455078125,0.0004460459249306599,0.5851280100889096,A
HOBBIES_1_320,HOBBIES,HOBBIES_1,19268.0,85399.66967773438,0.0004457706063711175,0.5855737806952807,A
FOODS_1_076,FOODS,FOODS_1,14456.0,85330.98608398438,0.0004454120906139814,0.5860191927858946,A
FOODS_3_064,FOODS,FOODS_3,78304.0,84997.31005859375,0.00044367036298516055,0.5864628631488799,A
FOODS_2_142,FOODS,FOODS_2,21349.0,84992.7685546875,0.0004436466571680565,0.5869065098060479,A
HOUSEHOLD_1_219,HOUSEHOLD,HOUSEHOLD_1,12788.0,84890.44482421875,0.0004431125460696256,0.5873496223521175,A
HOUSEHOLD_1_194,HOUSEHOLD,HOUSEHOLD_1,17038.0,84849.40258789062,0.0004428983131265258,0.587792520665244,A
HOUSEHOLD_1_404,HOUSEHOLD,HOUSEHOLD_1,31659.0,84653.1630859375,0.0004418739789328489,0.5882343946441768,A
HOUSEHOLD_1_460,HOUSEHOLD,HOUSEHOLD_1,21604.0,84619.76318359375,0.0004416996375709128,0.5886760942817477,A
FOODS_3_655,FOODS,FOODS_3,43043.0,84598.03491210938,0.0004415862199805224,0.5891176805017282,A
FOODS_3_142,FOODS,FOODS_3,20797.0,84391.09265136719,0.00044050601934973586,0.5895581865210779,A
FOODS_3_413,FOODS,FOODS_3,84391.0,84387.3203125,0.0004404863284330074,0.5899986728495109,A
HOBBIES_1_327,HOBBIES,HOBBIES_1,10746.0,84311.44775390625,0.0004400902875984363,0.5904387631371093,A
HOBBIES_1_173,HOBBIES,HOBBIES_1,7672.0,84152.08129882812,0.00043925842394388736,0.5908780215610532,A
HOBBIES_1_105,HOBBIES,HOBBIES_1,12581.0,83942.18017578125,0.0004381627785947698,0.5913161843396479,A
HOUSEHOLD_1_214,HOUSEHOLD,HOUSEHOLD_1,45408.0,83734.009765625,0.0004370761672493858,0.5917532605068974,A
HOBBIES_1_342,HOBBIES,HOBBIES_1,4251.0,83615.80224609375,0.0004364591456864463,0.5921897196525838,A
FOODS_3_434,FOODS,FOODS_3,29583.0,83474.671875,0.00043572247104429313,0.5926254421236281,A
HOUSEHOLD_1_030,HOUSEHOLD,HOUSEHOLD_1,16861.0,83223.1552734375,0.00043440960053303695,0.5930598517241612,A
HOUSEHOLD_1_080,HOUSEHOLD,HOUSEHOLD_1,8258.0,83108.08642578125,0.00043380896226139355,0.5934936606864226,A
FOODS_3_351,FOODS,FOODS_3,79784.0,82999.00366210938,0.00043323957024980677,0.5939269002566724,A
FOODS_3_367,FOODS,FOODS_3,31347.0,82967.91943359375,0.0004330773162803678,0.5943599775729528,A
HOUSEHOLD_1_386,HOUSEHOLD,HOUSEHOLD_1,28244.0,82662.4658203125,0.0004314829044644386,0.5947914604774173,A
HOUSEHOLD_1_436,HOUSEHOLD,HOUSEHOLD_1,7704.0,82554.61083984375,0.0004309199212558954,0.5952223803986731,A
FOODS_2_311,FOODS,FOODS_2,29616.0,82350.74108886719,0.00042985575856233354,0.5956522361572355,A
FOODS_1_216,FOODS,FOODS_1,16673.0,82321.2060546875,0.0004297015911030781,0.5960819377483386,A
FOODS_1_081,FOODS,FOODS_1,14147.0,82254.83959960938,0.00042935517038465476,0.5965112929187233,A
HOUSEHOLD_2_076,HOUSEHOLD,HOUSEHOLD_2,9169.0,82196.35498046875,0.000429049891403646,0.596940342810127,A
FOODS_2_317,FOODS,FOODS_2,6778.0,82097.55224609375,0.0004285341592587833,0.5973688769693858,A
FOODS_1_080,FOODS,FOODS_1,10926.0,81706.21923828125,0.0004264914727607687,0.5977953684421465,A
FOODS_2_381,FOODS,FOODS_2,33059.0,81621.6748046875,0.00042605016632983513,0.5982214186084763,A
FOODS_2_256,FOODS,FOODS_2,13379.0,81606.32229614258,0.0004259700290521476,0.5986473886375285,A
FOODS_2_016,FOODS,FOODS_2,69207.0,81572.22436523438,0.0004257920441091811,0.5990731806816377,A
FOODS_3_514,FOODS,FOODS_3,16359.0,81456.05926513672,0.0004251856836009367,0.5994983663652387,A
HOBBIES_1_021,HOBBIES,HOBBIES_1,6868.0,81406.341796875,0.00042492616753889693,0.5999232925327775,A
FOODS_1_184,FOODS,FOODS_1,81269.0,81267.02001953125,0.00042419893342427346,0.6003474914662018,A
FOODS_1_086,FOODS,FOODS_1,48776.0,81234.79083251953,0.00042403070298156477,0.6007715221691834,A
HOBBIES_1_321,HOBBIES,HOBBIES_1,12152.0,81040.10888671875,0.00042301449894521884,0.6011945366681286,A
FOODS_2_150,FOODS,FOODS_2,28802.0,80953.36254882812,0.0004225616989778665,0.6016170983671065,A
FOODS_3_342,FOODS,FOODS_3,69185.0,80922.4384765625,0.00042240028099466663,0.6020394986481012,A
HOUSEHOLD_1_288,HOUSEHOLD,HOUSEHOLD_1,9944.0,80776.81396484375,0.0004216401477630473,0.6024611387958643,A
FOODS_2_297,FOODS,FOODS_2,23363.0,80775.36889648438,0.0004216326047713561,0.6028827714006356,A
FOODS_3_569,FOODS,FOODS_3,19963.0,80730.15771484375,0.00042139661069865364,0.6033041680113342,A
FOODS_3_332,FOODS,FOODS_3,40652.0,80490.86083984375,0.00042014752491794743,0.6037243155362522,A
HOBBIES_1_213,HOBBIES,HOBBIES_1,9663.0,80388.4462890625,0.0004196129397541492,0.6041439284760063,A
HOUSEHOLD_1_228,HOUSEHOLD,HOUSEHOLD_1,8595.0,80324.65478515625,0.0004192799598083845,0.6045632084358147,A
HOUSEHOLD_1_088,HOUSEHOLD,HOUSEHOLD_1,13451.0,80308.55712890625,0.0004191959329963981,0.6049824043688111,A
HOUSEHOLD_1_196,HOUSEHOLD,HOUSEHOLD_1,41713.0,80232.44165039062,0.00041879862416440637,0.6054012029929755,A
HOUSEHOLD_1_112,HOUSEHOLD,HOUSEHOLD_1,26873.0,79812.94189453125,0.00041660891240969305,0.6058178119053852,A
FOODS_2_236,FOODS,FOODS_2,29115.0,79781.93432617188,0.0004164470585922039,0.6062342589639774,A
HOUSEHOLD_1_212,HOUSEHOLD,HOUSEHOLD_1,17337.0,79745.77294921875,0.0004162583028394892,0.606650517266817,A
HOUSEHOLD_1_479,HOUSEHOLD,HOUSEHOLD_1,10642.0,79721.8623046875,0.0004161334936622214,0.6070666507604792,A
FOODS_2_139,FOODS,FOODS_2,26751.0,79577.42218017578,0.0004153795427145084,0.6074820303031937,A
FOODS_3_792,FOODS,FOODS_3,79558.0,79558.0,0.00041527816249762136,0.6078973084656913,A
HOUSEHOLD_1_425,HOUSEHOLD,HOUSEHOLD_1,40364.0,79391.98803710938,0.00041441161051162574,0.6083117200762029,A
FOODS_3_140,FOODS,FOODS_3,26540.0,79331.18237304688,0.000414094216101996,0.6087258142923049,A
FOODS_3_750,FOODS,FOODS_3,36401.0,79151.96337890625,0.0004131587258361347,0.609138973018141,A
FOODS_3_259,FOODS,FOODS_3,48686.0,79103.42626953125,0.0004129053710309084,0.6095518783891719,A
FOODS_2_080,FOODS,FOODS_2,39102.0,79054.35144042969,0.00041264920942737156,0.6099645275985993,A
HOBBIES_1_231,HOBBIES,HOBBIES_1,11492.0,78950.69458007812,0.00041210813963555844,0.6103766357382349,A
FOODS_3_590,FOODS,FOODS_3,29996.0,78910.95971679688,0.0004119007309398832,0.6107885364691747,A
HOUSEHOLD_2_222,HOUSEHOLD,HOUSEHOLD_2,15511.0,78883.75048828125,0.00041175870375944945,0.6112002951729342,A
HOUSEHOLD_1_289,HOUSEHOLD,HOUSEHOLD_1,15341.0,78643.31713867188,0.00041050368578980553,0.6116107988587239,A
FOODS_3_035,FOODS,FOODS_3,20442.0,78592.49609375,0.0004102384092600868,0.6120210372679841,A
FOODS_2_038,FOODS,FOODS_2,13029.0,78556.33117675781,0.0004100496350290177,0.6124310869030131,A
FOODS_3_041,FOODS,FOODS_3,26443.0,78448.8466796875,0.0004094885856758371,0.6128405754886889,A
HOBBIES_1_420,HOBBIES,HOBBIES_1,13732.0,78401.3955078125,0.00040924089926511024,0.613249816387954,A
HOBBIES_1_410,HOBBIES,HOBBIES_1,2741.0,78401.07641601562,0.0004092392336644783,0.6136590556216184,A
FOODS_3_530,FOODS,FOODS_3,47230.0,78375.16870117188,0.00040910400014660677,0.614068159621765,A
HOUSEHOLD_1_071,HOUSEHOLD,HOUSEHOLD_1,36990.0,78330.13842773438,0.0004088689503815311,0.6144770285721465,A
FOODS_2_289,FOODS,FOODS_2,31315.0,78300.80908203125,0.00040871585657838307,0.6148857444287249,A
FOODS_1_005,FOODS,FOODS_1,23419.0,78236.67797851562,0.000408381103984968,0.6152941255327099,A
HOUSEHOLD_1_122,HOUSEHOLD,HOUSEHOLD_1,34559.0,78173.82666015625,0.0004080530316352504,0.6157021785643452,A
FOODS_2_106,FOODS,FOODS_2,15055.0,78148.29797363281,0.00040791977657566583,0.6161100983409208,A
HOBBIES_1_317,HOBBIES,HOBBIES_1,10239.0,78089.77661132812,0.00040761430580208243,0.6165177126467228,A
FOODS_2_112,FOODS,FOODS_2,24464.0,77987.07818603516,0.00040707823886541904,0.6169247908855883,A
HOUSEHOLD_1_203,HOUSEHOLD,HOUSEHOLD_1,15724.0,77937.71899414062,0.00040682059294027854,0.6173316114785286,A
FOODS_2_170,FOODS,FOODS_2,26233.0,77738.98583984375,0.000405783242338909,0.6177373947208674,A
HOUSEHOLD_1_094,HOUSEHOLD,HOUSEHOLD_1,21474.0,77733.04931640625,0.0004057522547758135,0.6181431469756432,A
FOODS_2_384,FOODS,FOODS_2,36171.0,77655.56420898438,0.00040534779673223414,0.6185484947723754,A
FOODS_2_370,FOODS,FOODS_2,15511.0,77644.92932128906,0.0004052922845697806,0.6189537870569451,A
HOUSEHOLD_2_409,HOUSEHOLD,HOUSEHOLD_2,19658.0,77524.09497070312,0.0004046615514307132,0.6193584486083759,A
HOBBIES_1_157,HOBBIES,HOBBIES_1,6918.0,77398.53686523438,0.00040400616115788407,0.6197624547695337,A
FOODS_3_653,FOODS,FOODS_3,19689.0,77378.69580078125,0.00040390259444192725,0.6201663573639756,A
FOODS_3_100,FOODS,FOODS_3,19437.0,77359.37744140625,0.000403801756150571,0.6205701591201263,A
HOUSEHOLD_1_119,HOUSEHOLD,HOUSEHOLD_1,22190.0,77346.86669921875,0.0004037364523718548,0.6209738955724982,A
FOODS_1_044,FOODS,FOODS_1,28620.0,76974.7041015625,0.0004017938318974207,0.6213756894043956,A
HOUSEHOLD_1_345,HOUSEHOLD,HOUSEHOLD_1,19617.0,76905.24145507812,0.0004014312496279537,0.6217771206540236,A
FOODS_3_496,FOODS,FOODS_3,19299.0,76811.19750976562,0.0004009403574888426,0.6221780610115124,A
HOUSEHOLD_1_123,HOUSEHOLD,HOUSEHOLD_1,8558.0,76752.4111328125,0.0004006335033874199,0.6225786945148998,A
HOUSEHOLD_2_201,HOUSEHOLD,HOUSEHOLD_2,12652.0,76666.6279296875,0.00040018573080682576,0.6229788802457066,A
HOUSEHOLD_2_160,HOUSEHOLD,HOUSEHOLD_2,19411.0,76579.38720703125,0.0003997303502417078,0.6233786105959482,A
HOUSEHOLD_1_107,HOUSEHOLD,HOUSEHOLD_1,21994.0,76539.02563476562,0.0003995196702401243,0.6237781302661883,A
FOODS_3_812,FOODS,FOODS_3,27007.0,76536.9208984375,0.0003995086839026738,0.624177638950091,A
FOODS_3_819,FOODS,FOODS_3,38669.0,76150.55541992188,0.00039749192699613413,0.6245751308770872,A
HOUSEHOLD_2_369,HOUSEHOLD,HOUSEHOLD_2,11748.0,76122.6240234375,0.0003973461302314087,0.6249724770073186,A
FOODS_3_598,FOODS,FOODS_3,39863.0,76058.330078125,0.0003970105276336926,0.6253694875349524,A
HOUSEHOLD_1_067,HOUSEHOLD,HOUSEHOLD_1,17859.0,76022.86791992188,0.00039682542167455845,0.6257663129566269,A
FOODS_1_103,FOODS,FOODS_1,19601.0,75881.98266601562,0.0003960900264991494,0.626162402983126,A
HOUSEHOLD_1_058,HOUSEHOLD,HOUSEHOLD_1,11679.0,75679.9541015625,0.0003950354744614143,0.6265574384575874,A
HOUSEHOLD_1_356,HOUSEHOLD,HOUSEHOLD_1,12705.0,75655.62878417969,0.00039490850076794655,0.6269523469583553,A
HOUSEHOLD_1_474,HOUSEHOLD,HOUSEHOLD_1,77903.0,75565.8603515625,0.00039443992602062315,0.627346786884376,A
FOODS_3_665,FOODS,FOODS_3,25343.0,75504.0751953125,0.00039411741884149435,0.6277409043032175,A
FOODS_3_178,FOODS,FOODS_3,40960.0,75405.58264160156,0.0003936033057827853,0.6281345076090002,A
HOUSEHOLD_1_128,HOUSEHOLD,HOUSEHOLD_1,28240.0,75381.33959960938,0.0003934767615517605,0.628527984370552,A
HOBBIES_1_148,HOBBIES,HOBBIES_1,15436.0,75327.09790039062,0.00039319362983424234,0.6289211780003863,A
FOODS_2_299,FOODS,FOODS_2,38437.0,75163.677734375,0.00039234060655238474,0.6293135186069386,A
FOODS_2_247,FOODS,FOODS_2,34815.0,75032.87841796875,0.0003916578581201324,0.6297051764650587,A
HOUSEHOLD_2_510,HOUSEHOLD,HOUSEHOLD_2,19020.0,75018.62817382812,0.00039158347446038904,0.6300967599395192,A
HOUSEHOLD_1_082,HOUSEHOLD,HOUSEHOLD_1,21555.0,75011.35400390625,0.0003915455046280799,0.6304883054441472,A
HOUSEHOLD_1_443,HOUSEHOLD,HOUSEHOLD_1,29770.0,74989.12329101562,0.0003914294643857381,0.630879734908533,A
FOODS_3_287,FOODS,FOODS_3,12175.0,74946.28271484375,0.00039120584443861776,0.6312709407529716,A
FOODS_2_088,FOODS,FOODS_2,10740.0,74793.46551513672,0.0003904081666954321,0.6316613489196671,A
FOODS_3_424,FOODS,FOODS_3,19655.0,74418.6796875,0.0003884518534418168,0.6320498007731089,A
HOUSEHOLD_1_255,HOUSEHOLD,HOUSEHOLD_1,7968.0,74342.41796875,0.00038805378126263414,0.6324378545543715,A
FOODS_3_133,FOODS,FOODS_3,91206.0,74257.21875,0.0003876090569733266,0.6328254636113448,A
FOODS_2_061,FOODS,FOODS_2,38144.0,74211.3720703125,0.0003873697457174222,0.6332128333570622,A
HOUSEHOLD_1_428,HOUSEHOLD,HOUSEHOLD_1,9298.0,74080.74536132812,0.00038668789826424156,0.6335995212553265,A
FOODS_3_059,FOODS,FOODS_3,36444.0,74054.06213378906,0.0003865486167123935,0.6339860698720389,A
FOODS_3_144,FOODS,FOODS_3,38920.0,73971.79028320312,0.00038611917274778145,0.6343721890447866,A
FOODS_1_166,FOODS,FOODS_1,34716.0,73710.63916015625,0.00038475601180214307,0.6347569450565888,A
HOBBIES_1_081,HOBBIES,HOBBIES_1,5000.0,73600.05749511719,0.0003841787958004418,0.6351411238523892,A
HOBBIES_1_195,HOBBIES,HOBBIES_1,6575.0,73521.14990234375,0.0003837669126443285,0.6355248907650335,A
HOUSEHOLD_1_039,HOUSEHOLD,HOUSEHOLD_1,25608.0,73014.2998046875,0.0003811212481326964,0.6359060120131662,A
FOODS_2_066,FOODS,FOODS_2,12587.0,72973.84649658203,0.00038091008928686077,0.6362869221024531,A
FOODS_3_091,FOODS,FOODS_3,12242.0,72957.837890625,0.0003808265273010645,0.6366677486297542,A
HOUSEHOLD_2_195,HOUSEHOLD,HOUSEHOLD_2,4877.0,72949.82543945312,0.000380784703776092,0.6370485333335303,A
HOBBIES_1_308,HOBBIES,HOBBIES_1,6477.0,72860.04809570312,0.00038031608251429033,0.6374288494160446,A
FOODS_3_448,FOODS,FOODS_3,23719.0,72810.44677734375,0.00038005717273342934,0.6378089065887781,A
FOODS_3_208,FOODS,FOODS_3,15026.0,72758.9599609375,0.00037978842099871955,0.6381886950097768,A
FOODS_3_732,FOODS,FOODS_3,37560.0,72714.6875,0.00037955732687584853,0.6385682523366527,A
HOBBIES_1_023,HOBBIES,HOBBIES_1,21261.0,72652.48022460938,0.00037923261631225716,0.6389474849529649,A
FOODS_3_028,FOODS,FOODS_3,19052.0,72247.54443359375,0.0003771189257817952,0.6393246038787468,A
FOODS_2_026,FOODS,FOODS_2,31594.0,72244.65771484375,0.00037710385763958267,0.6397017077363863,A
HOUSEHOLD_1_467,HOUSEHOLD,HOUSEHOLD_1,6102.0,72007.28295898438,0.0003758648049681153,0.6400775725413544,A
HOUSEHOLD_1_017,HOUSEHOLD,HOUSEHOLD_1,14556.0,71987.9560546875,0.0003757639220738347,0.6404533364634283,A
HOUSEHOLD_1_329,HOUSEHOLD,HOUSEHOLD_1,14537.0,71975.4248046875,0.00037569851124810005,0.6408290349746764,A
FOODS_3_656,FOODS,FOODS_3,20944.0,71851.05493164062,0.00037504932333049315,0.6412040842980069,A
FOODS_3_797,FOODS,FOODS_3,17936.0,71720.50524902344,0.00037436787794081625,0.6415784521759477,A
HOUSEHOLD_1_013,HOUSEHOLD,HOUSEHOLD_1,14485.0,71688.6279296875,0.0003742014841828136,0.6419526536601304,A
HOUSEHOLD_1_004,HOUSEHOLD,HOUSEHOLD_1,31751.0,71306.48120117188,0.00037220674837720703,0.6423248604085077,A
FOODS_3_814,FOODS,FOODS_3,40518.0,71245.65576171875,0.0003718892507436667,0.6426967496592514,A
HOUSEHOLD_1_114,HOUSEHOLD,HOUSEHOLD_1,73408.0,71201.103515625,0.0003716566961936157,0.643068406355445,A
FOODS_2_119,FOODS,FOODS_2,28503.0,71149.47509765625,0.0003713872053247311,0.6434397935607697,A
FOODS_3_097,FOODS,FOODS_3,35184.0,71101.82958984375,0.0003711385045160677,0.6438109320652858,A
FOODS_2_074,FOODS,FOODS_2,28220.0,71031.01879882812,0.0003707688851795086,0.6441817009504653,A
FOODS_3_488,FOODS,FOODS_3,16729.0,70982.37841796875,0.00037051499131608235,0.6445522159417815,A
FOODS_3_520,FOODS,FOODS_3,17904.0,70947.14306640625,0.00037033106924599723,0.6449225470110275,A
HOBBIES_1_393,HOBBIES,HOBBIES_1,2484.0,70911.77587890625,0.0003701464590165079,0.645292693470044,A
HOUSEHOLD_1_117,HOUSEHOLD,HOUSEHOLD_1,8479.0,70782.11767578125,0.00036946966698620936,0.6456621631370303,A
FOODS_3_392,FOODS,FOODS_3,18310.0,70782.10693359375,0.0003694696109139616,0.6460316327479443,A
HOUSEHOLD_1_445,HOUSEHOLD,HOUSEHOLD_1,36665.0,70755.27758789062,0.0003693295666521073,0.6464009623145964,A
FOODS_3_611,FOODS,FOODS_3,29242.0,70626.7451171875,0.0003686586507384987,0.646769620965335,A
HOUSEHOLD_1_336,HOUSEHOLD,HOUSEHOLD_1,14496.0,70596.11194610596,0.00036849875120610446,0.6471381197165411,A
HOUSEHOLD_1_073,HOUSEHOLD,HOUSEHOLD_1,8317.0,70570.32571411133,0.00036836415180641535,0.6475064838683475,A
HOUSEHOLD_1_399,HOUSEHOLD,HOUSEHOLD_1,69092.0,70565.95092773438,0.0003683413162242245,0.6478748251845717,A
FOODS_3_774,FOODS,FOODS_3,11313.0,70534.5087890625,0.00036817719402944016,0.6482430023786012,A
FOODS_3_236,FOODS,FOODS_3,28165.0,70520.09204101562,0.0003681019412498567,0.648611104319851,A
HOUSEHOLD_2_003,HOUSEHOLD,HOUSEHOLD_2,7592.0,70099.35034179688,0.0003659057467786824,0.6489770100666297,A
FOODS_1_083,FOODS,FOODS_1,35318.0,69881.99853515625,0.00036477121022827566,0.6493417812768579,A
HOBBIES_1_137,HOBBIES,HOBBIES_1,7358.0,69781.126953125,0.00036424467907824465,0.6497060259559362,A
HOBBIES_1_198,HOBBIES,HOBBIES_1,8325.0,69740.65496826172,0.00036403342274316013,0.6500700593786793,A
HOUSEHOLD_2_341,HOUSEHOLD,HOUSEHOLD_2,13176.0,69740.46166992188,0.00036403241376129305,0.6504340917924406,A
FOODS_2_309,FOODS,FOODS_2,26688.0,69637.712890625,0.00036349608398596834,0.6507975878764266,A
HOUSEHOLD_1_538,HOUSEHOLD,HOUSEHOLD_1,19984.0,69544.21630859375,0.0003630080489827538,0.6511605959254093,A
HOBBIES_1_143,HOBBIES,HOBBIES_1,8198.0,69471.74951171875,0.00036262978559945685,0.6515232257110087,A
FOODS_3_532,FOODS,FOODS_3,23329.0,69464.42309570312,0.00036259154305212453,0.6518858172540608,A
FOODS_3_175,FOODS,FOODS_3,9680.0,69432.26586914062,0.00036242368822975726,0.6522482409422906,A
FOODS_3_347,FOODS,FOODS_3,33355.0,69083.84106445312,0.00036060497467914994,0.6526088459169698,A
HOBBIES_1_068,HOBBIES,HOBBIES_1,9871.0,69050.1962890625,0.0003604293551248391,0.6529692752720946,A
FOODS_2_201,FOODS,FOODS_2,13026.0,69020.99243164062,0.0003602769163474943,0.6533295521884421,A
FOODS_2_093,FOODS,FOODS_2,27573.0,68968.56298828125,0.0003600032442730448,0.6536895554327152,A
HOUSEHOLD_1_157,HOUSEHOLD,HOUSEHOLD_1,15727.0,68797.38745117188,0.00035910973937705284,0.6540486651720923,A
HOUSEHOLD_1_481,HOUSEHOLD,HOUSEHOLD_1,14073.0,68725.00268554688,0.0003587319041818296,0.654407397076274,A
HOUSEHOLD_1_393,HOUSEHOLD,HOUSEHOLD_1,34737.0,68722.01171875,0.00035871629188394006,0.6547661133681579,A
FOODS_3_429,FOODS,FOODS_3,11488.0,68698.26354980469,0.0003585923307994194,0.6551247056989573,A
HOUSEHOLD_1_126,HOUSEHOLD,HOUSEHOLD_1,7841.0,68661.4716796875,0.0003584002839880728,0.6554831059829453,A
FOODS_3_192,FOODS,FOODS_3,12370.0,68658.36865234375,0.00035838408675468964,0.6558414900697,A
FOODS_3_356,FOODS,FOODS_3,22938.0,68629.3720703125,0.0003582327299168525,0.6561997227996169,A
HOBBIES_1_343,HOBBIES,HOBBIES_1,13460.0,68532.61474609375,0.0003577276744377084,0.6565574504740547,A
FOODS_3_103,FOODS,FOODS_3,21020.0,68418.06225585938,0.0003571297314570646,0.6569145802055117,A
HOUSEHOLD_1_518,HOUSEHOLD,HOUSEHOLD_1,9818.0,68411.39208984375,0.0003570949144143219,0.657271675119926,A
FOODS_1_027,FOODS,FOODS_1,37226.0,68353.13916015625,0.00035679084480974755,0.6576284659647358,A
HOUSEHOLD_2_172,HOUSEHOLD,HOUSEHOLD_2,11038.0,68314.91357421875,0.0003565913142648806,0.6579850572790007,A
FOODS_2_217,FOODS,FOODS_2,17110.0,68120.79431152344,0.00035557804733110274,0.6583406353263318,A
FOODS_3_809,FOODS,FOODS_3,68095.0,68095.0,0.0003554434057577557,0.6586960787320896,A
FOODS_1_031,FOODS,FOODS_1,20238.0,67896.30932617188,0.0003544062768966385,0.6590504850089862,A
FOODS_3_385,FOODS,FOODS_3,22784.0,67875.82934570312,0.00035429937515631013,0.6594047843841425,A
HOUSEHOLD_1_350,HOUSEHOLD,HOUSEHOLD_1,23614.0,67855.74462890625,0.00035419453661982486,0.6597589789207623,A
FOODS_1_082,FOODS,FOODS_1,69360.0,67837.77197265625,0.00035410072265186813,0.6601130796434141,A
HOBBIES_1_031,HOBBIES,HOBBIES_1,6178.0,67827.06713867188,0.0003540448453826196,0.6604671244887967,A
HOUSEHOLD_1_415,HOUSEHOLD,HOUSEHOLD_1,5389.0,67721.59368896484,0.00035349429332768336,0.6608206187821244,A
FOODS_3_135,FOODS,FOODS_3,46455.0,67645.44583892822,0.00035309681552229163,0.6611737155976467,A
FOODS_1_026,FOODS,FOODS_1,9738.0,67356.927734375,0.00035159080395455293,0.6615253064016012,A
FOODS_2_255,FOODS,FOODS_2,28866.0,67327.50769042969,0.0003514372367232222,0.6618767436383245,A
HOUSEHOLD_1_207,HOUSEHOLD,HOUSEHOLD_1,8461.0,67272.71069335938,0.0003511512064528063,0.6622278948447773,A
HOUSEHOLD_2_408,HOUSEHOLD,HOUSEHOLD_2,9332.0,67249.0048828125,0.0003510274664713535,0.6625789223112486,A
HOUSEHOLD_2_238,HOUSEHOLD,HOUSEHOLD_2,6561.0,67219.73071289062,0.0003508746606756598,0.6629297969719242,A
HOUSEHOLD_2_355,HOUSEHOLD,HOUSEHOLD_2,6009.0,67161.75317382812,0.00035057202855961854,0.6632803690004838,A
HOUSEHOLD_1_291,HOUSEHOLD,HOUSEHOLD_1,18200.0,67136.6435546875,0.0003504409609548807,0.6636308099614388,A
FOODS_2_339,FOODS,FOODS_2,19400.0,67131.505859375,0.00035041414312802675,0.6639812241045667,A
HOBBIES_1_413,HOBBIES,HOBBIES_1,13960.0,67130.9013671875,0.00035041098778972176,0.6643316350923565,A
FOODS_3_565,FOODS,FOODS_3,25685.0,67029.21630859375,0.00034988021044129325,0.6646815153027977,A
HOUSEHOLD_1_136,HOUSEHOLD,HOUSEHOLD_1,16310.0,66989.39135742188,0.0003496723315033585,0.6650311876343011,A
HOBBIES_1_242,HOBBIES,HOBBIES_1,25290.0,66940.88391113281,0.0003494191315339981,0.6653806067658351,A
HOUSEHOLD_1_175,HOUSEHOLD,HOUSEHOLD_1,13818.0,66911.2060546875,0.00034926421856872145,0.6657298709844038,A
HOBBIES_1_200,HOBBIES,HOBBIES_1,8520.0,66886.16333007812,0.00034913350014116276,0.666079004484545,A
FOODS_3_794,FOODS,FOODS_3,23961.0,66850.3359375,0.0003489464877256052,0.6664279509722707,A
HOUSEHOLD_1_362,HOUSEHOLD,HOUSEHOLD_1,8376.0,66753.84741210938,0.00034844283532702405,0.6667763938075977,A
FOODS_1_002,FOODS,FOODS_1,7465.0,66702.91186523438,0.0003481769611181191,0.6671245707687158,A
HOUSEHOLD_2_472,HOUSEHOLD,HOUSEHOLD_2,9349.0,66689.92321777344,0.00034810916276156273,0.6674726799314773,A
FOODS_2_092,FOODS,FOODS_2,19209.0,66622.453125,0.0003477569812568681,0.6678204369127342,A
FOODS_1_047,FOODS,FOODS_1,20006.0,66540.1533203125,0.00034732739137697497,0.6681677643041112,A
FOODS_3_708,FOODS,FOODS_3,23145.0,66533.96899414062,0.00034729511032907353,0.6685150594144402,A
FOODS_3_439,FOODS,FOODS_3,22300.0,66410.89208984375,0.0003466526714711045,0.6688617120859114,A
FOODS_3_096,FOODS,FOODS_3,15637.0,66320.06591796875,0.00034617857551893193,0.6692078906614303,A
FOODS_3_334,FOODS,FOODS_3,24138.0,66311.5947265625,0.00034613435745410684,0.6695540250188844,A
HOUSEHOLD_2_115,HOUSEHOLD,HOUSEHOLD_2,18533.0,66246.36254882812,0.00034579385745529785,0.6698998188763396,A
HOBBIES_1_276,HOBBIES,HOBBIES_1,8688.0,66203.36157226562,0.00034556940024756913,0.6702453882765872,A
FOODS_1_174,FOODS,FOODS_1,13948.0,66182.1611328125,0.0003454587378435339,0.6705908470144307,A
FOODS_3_594,FOODS,FOODS_3,67226.0,66163.96337890625,0.00034536374890711303,0.6709362107633379,A
FOODS_1_019,FOODS,FOODS_1,65346.0,66068.51318359375,0.00034486551640102424,0.6712810762797389,A
HOUSEHOLD_1_301,HOUSEHOLD,HOUSEHOLD_1,13480.0,66004.14624023438,0.00034452953276689727,0.6716256058125057,A
HOUSEHOLD_1_044,HOUSEHOLD,HOUSEHOLD_1,3670.0,65949.93383789062,0.0003442465539736912,0.6719698523664794,A
HOUSEHOLD_2_468,HOUSEHOLD,HOUSEHOLD_2,7171.0,65942.06005859375,0.00034420545429046233,0.6723140578207699,A
FOODS_2_374,FOODS,FOODS_2,34106.0,65929.21533203125,0.0003441384071745889,0.6726581962279445,A
FOODS_2_307,FOODS,FOODS_2,26170.0,65922.13525390625,0.000344101450465847,0.6730022976784104,A
HOUSEHOLD_2_485,HOUSEHOLD,HOUSEHOLD_2,9486.0,65806.70385742188,0.00034349891975584215,0.6733457965981662,A
HOBBIES_1_335,HOBBIES,HOBBIES_1,5328.0,65605.82934570312,0.000342450391661632,0.6736882469898278,A
HOUSEHOLD_1_251,HOUSEHOLD,HOUSEHOLD_1,33132.0,65600.50695800781,0.00034242260977442756,0.6740306695996022,A
HOUSEHOLD_1_233,HOUSEHOLD,HOUSEHOLD_1,5811.0,65490.8818359375,0.00034185038675151427,0.6743725199863537,A
FOODS_3_116,FOODS,FOODS_3,58214.0,65486.562744140625,0.0003418278418848124,0.6747143478282386,A
FOODS_3_712,FOODS,FOODS_3,18051.0,65435.7373046875,0.0003415625424164469,0.675055910370655,A
HOBBIES_1_104,HOBBIES,HOBBIES_1,2727.0,65348.688720703125,0.00034110816477994204,0.675397018535435,A
HOUSEHOLD_2_388,HOUSEHOLD,HOUSEHOLD_2,9369.0,65276.566650390625,0.00034073170080605006,0.675737750236241,A
FOODS_3_021,FOODS,FOODS_3,30152.0,65274.829833984375,0.0003407226349430849,0.6760784728711842,A
FOODS_2_153,FOODS,FOODS_2,23135.0,65235.869140625,0.00034051926727235514,0.6764189921384566,A
HOUSEHOLD_2_492,HOUSEHOLD,HOUSEHOLD_2,11024.0,65188.55700683594,0.0003402723066149258,0.6767592644450715,A
HOUSEHOLD_2_199,HOUSEHOLD,HOUSEHOLD_2,16522.0,65145.7412109375,0.00034004881601628614,0.6770993132610877,A
FOODS_3_352,FOODS,FOODS_3,16154.0,65092.826599121094,0.00033977261145151086,0.6774390858725392,A
HOBBIES_1_409,HOBBIES,HOBBIES_1,11515.0,65067.87744140625,0.00033964238142597373,0.6777787282539651,A
HOUSEHOLD_1_421,HOUSEHOLD,HOUSEHOLD_1,10590.0,64967.591796875,0.0003391189087621834,0.6781178471627273,A
FOODS_2_375,FOODS,FOODS_2,13265.0,64924.826171875,0.0003388956800464281,0.6784567428427737,A
HOUSEHOLD_1_453,HOUSEHOLD,HOUSEHOLD_1,30834.0,64845.6025390625,0.0003384821472192987,0.678795224989993,A
FOODS_1_201,FOODS,FOODS_1,30390.0,64713.217529296875,0.0003377911217586574,0.6791330161117517,A
HOBBIES_1_151,HOBBIES,HOBBIES_1,12901.0,64694.036376953125,0.0003376909996628292,0.6794707071114146,A
HOUSEHOLD_1_528,HOUSEHOLD,HOUSEHOLD_1,22069.0,64691.99267578125,0.00033768033191769546,0.6798083874433323,A
FOODS_2_075,FOODS,FOODS_2,27458.0,64672.656005859375,0.00033757939804864425,0.680145966841381,A
FOODS_2_392,FOODS,FOODS_2,12959.0,64535.846435546875,0.0003368652771937778,0.6804828321185747,A
HOUSEHOLD_2_427,HOUSEHOLD,HOUSEHOLD_2,20025.0,64431.57958984375,0.0003363210233903512,0.6808191531419651,A
FOODS_3_450,FOODS,FOODS_3,21311.0,64387.681884765625,0.0003360918854243049,0.6811552450273893,A
FOODS_1_140,FOODS,FOODS_1,9291.0,64323.271484375,0.00033575567495244845,0.6814910007023418,A
HOBBIES_1_301,HOBBIES,HOBBIES_1,10511.0,64300.41955566406,0.00033563639207750685,0.6818266370944193,A
FOODS_3_101,FOODS,FOODS_3,64230.0,64226.31982421875,0.0003352496050753678,0.6821618866994946,A
HOUSEHOLD_1_385,HOUSEHOLD,HOUSEHOLD_1,32551.0,64125.452880859375,0.0003347230981383529,0.6824966097976329,A
HOUSEHOLD_1_225,HOUSEHOLD,HOUSEHOLD_1,38328.0,64072.87353515625,0.0003344486436011735,0.6828310584412342,A
FOODS_1_099,FOODS,FOODS_1,65656.0,64004.05187988281,0.00033408940718821693,0.6831651478484224,A
FOODS_3_291,FOODS,FOODS_3,23745.0,63975.6923828125,0.0003339413758169819,0.6834990892242394,A
FOODS_1_204,FOODS,FOODS_1,65387.0,63974.99279785156,0.00033393772411184744,0.6838330269483512,A
HOUSEHOLD_1_517,HOUSEHOLD,HOUSEHOLD_1,65901.0,63939.972900390625,0.0003337549266726404,0.6841667818750239,A
HOUSEHOLD_2_197,HOUSEHOLD,HOUSEHOLD_2,16097.0,63863.047607421875,0.00033335339075779016,0.6845001352657817,A
FOODS_3_053,FOODS,FOODS_3,16034.0,63814.018310546875,0.00033309746682412165,0.6848332327326058,A
FOODS_2_062,FOODS,FOODS_2,11816.0,63805.270080566406,0.0003330518026687709,0.6851662845352745,A
FOODS_1_199,FOODS,FOODS_1,10618.0,63631.976318359375,0.0003321472410264265,0.685498431776301,A
FOODS_2_047,FOODS,FOODS_2,22710.0,63554.135986328125,0.0003317409287755637,0.6858301727050765,A
HOUSEHOLD_1_028,HOUSEHOLD,HOUSEHOLD_1,22118.0,63437.110595703125,0.00033113007770861483,0.6861613027827851,A
HOBBIES_1_026,HOBBIES,HOBBIES_1,3531.0,63431.7314453125,0.00033110199953055586,0.6864924047823157,A
FOODS_2_014,FOODS,FOODS_2,22483.0,63305.62829589844,0.0003304437642283382,0.686822848546544,A
FOODS_3_138,FOODS,FOODS_3,31835.0,63032.974365234375,0.00032902056073750224,0.6871518691072814,A
HOBBIES_1_356,HOBBIES,HOBBIES_1,11195.0,63001.642578125,0.0003288570145576266,0.6874807261218391,A
HOUSEHOLD_1_414,HOUSEHOLD,HOUSEHOLD_1,65699.0,62973.791748046875,0.00032871163833475927,0.6878094377601739,A
HOUSEHOLD_1_009,HOUSEHOLD,HOUSEHOLD_1,3504.0,62957.931640625,0.0003286288514840696,0.688138066611658,A
FOODS_1_172,FOODS,FOODS_1,33408.0,62952.551513671875,0.00032860076820853353,0.6884666673798665,A
HOBBIES_1_028,HOBBIES,HOBBIES_1,8294.0,62913.2451171875,0.00032839559603092176,0.6887950629758974,A
HOUSEHOLD_1_508,HOUSEHOLD,HOUSEHOLD_1,13079.0,62857.1171875,0.00032810261853644703,0.6891231655944339,A
HOUSEHOLD_2_368,HOUSEHOLD,HOUSEHOLD_2,11431.0,62847.197021484375,0.00032805083709002255,0.6894512164315239,A
HOBBIES_1_329,HOBBIES,HOBBIES_1,15823.0,62813.65185546875,0.00032787573747837263,0.6897790921690022,A
FOODS_2_204,FOODS,FOODS_2,66595.0,62795.3671875,0.00032778029486649267,0.6901068724638687,A
FOODS_3_267,FOODS,FOODS_3,30209.0,62774.8076171875,0.00032767297768178323,0.6904345454415505,A
FOODS_1_094,FOODS,FOODS_1,19115.0,62656.869384765625,0.00032705736174814523,0.6907616028032986,A
FOODS_3_537,FOODS,FOODS_3,15736.0,62605.197998046875,0.0003267876465902696,0.6910883904498888,A
HOUSEHOLD_2_356,HOUSEHOLD,HOUSEHOLD_2,6338.0,62601.308349609375,0.0003267673433391084,0.6914151577932279,A
HOUSEHOLD_2_507,HOUSEHOLD,HOUSEHOLD_2,8983.0,62593.27294921875,0.0003267254000234248,0.6917418831932514,A
FOODS_3_290,FOODS,FOODS_3,62582.0,62582.0,0.0003266665572968921,0.6920685497505482,A
HOBBIES_1_254,HOBBIES,HOBBIES_1,88641.0,62566.463623046875,0.00032658546025985036,0.6923951352108081,A
HOUSEHOLD_1_077,HOUSEHOLD,HOUSEHOLD_1,9682.0,62516.72021484375,0.000326325808796076,0.6927214610196042,A
FOODS_3_285,FOODS,FOODS_3,54076.0,62472.238525390625,0.00032609362253874317,0.693047554642143,A
FOODS_3_065,FOODS,FOODS_3,17507.0,62469.232177734375,0.0003260779299555898,0.6933736325720985,A
FOODS_3_118,FOODS,FOODS_3,55406.0,62311.526611328125,0.00032525473583516404,0.6936988873079336,A
FOODS_3_629,FOODS,FOODS_3,12111.0,62285.68603515625,0.0003251198527688409,0.6940240071607024,A
HOUSEHOLD_1_091,HOUSEHOLD,HOUSEHOLD_1,8964.0,62285.55908203125,0.0003251191900968221,0.6943491263507993,A
HOUSEHOLD_2_256,HOUSEHOLD,HOUSEHOLD_2,10760.0,62282.23474121094,0.00032510183764769844,0.6946742281884469,A
HOBBIES_1_194,HOBBIES,HOBBIES_1,22988.0,62213.353515625,0.00032474229028864077,0.6949989704787356,A
HOUSEHOLD_1_221,HOUSEHOLD,HOUSEHOLD_1,5128.0,62069.320068359375,0.00032399046212153415,0.6953229609408571,A
HOBBIES_1_332,HOBBIES,HOBBIES_1,7921.0,62060.64599609375,0.00032394518505584827,0.695646906125913,A
FOODS_3_765,FOODS,FOODS_3,21587.0,62053.705322265625,0.0003239089560119578,0.6959708150819249,A
FOODS_2_348,FOODS,FOODS_2,10398.0,62041.20037841797,0.00032384368249951164,0.6962946587644244,A
FOODS_3_559,FOODS,FOODS_3,21618.0,61945.525390625,0.00032334427661792023,0.6966180030410424,A
FOODS_3_020,FOODS,FOODS_3,60041.0,61901.206298828125,0.00032311293909051923,0.6969411159801329,A
HOUSEHOLD_2_223,HOUSEHOLD,HOUSEHOLD_2,4137.0,61863.52197265625,0.0003229162338223172,0.6972640322139552,A
HOUSEHOLD_2_250,HOUSEHOLD,HOUSEHOLD_2,8834.0,61858.09423828125,0.0003228879020447741,0.697586920116,A
HOUSEHOLD_1_397,HOUSEHOLD,HOUSEHOLD_1,22312.0,61762.366943359375,0.0003223882231295673,0.6979093083391296,A
FOODS_1_108,FOODS,FOODS_1,24685.0,61712.5,0.0003221279268349438,0.6982314362659645,A
FOODS_2_034,FOODS,FOODS_2,25008.0,61711.325927734375,0.00032212179839313896,0.6985535580643577,A
FOODS_3_395,FOODS,FOODS_3,15586.0,61503.2001953125,0.0003210354202573308,0.698874593484615,A
FOODS_3_183,FOODS,FOODS_3,20583.0,61467.55505371094,0.0003208493591584311,0.6991954428437734,A
HOUSEHOLD_1_540,HOUSEHOLD,HOUSEHOLD_1,36604.0,61459.104248046875,0.0003208052475034398,0.6995162480912769,A
FOODS_3_616,FOODS,FOODS_3,22685.0,61436.231201171875,0.00032068585439555655,0.6998369339456725,A
HOUSEHOLD_1_180,HOUSEHOLD,HOUSEHOLD_1,21014.0,61401.61422729492,0.0003205051601435285,0.700157439105816,A
FOODS_2_086,FOODS,FOODS_2,25202.0,61352.090087890625,0.000320246653222652,0.7004776857590386,A
HOUSEHOLD_2_159,HOUSEHOLD,HOUSEHOLD_2,15556.0,61348.189208984375,0.0003202262913505045,0.7007979120503891,A
FOODS_3_820,FOODS,FOODS_3,31094.0,61298.01806640625,0.0003199644071917744,0.7011178764575808,A
HOBBIES_1_073,HOBBIES,HOBBIES_1,11431.0,61134.453369140625,0.00031911062948331074,0.7014369870870641,A
FOODS_1_206,FOODS,FOODS_1,30494.0,61032.239013671875,0.0003185770893023115,0.7017555641763664,A
HOUSEHOLD_2_406,HOUSEHOLD,HOUSEHOLD_2,4871.0,60930.628662109375,0.00031804670191087865,0.7020736108782772,A
FOODS_3_631,FOODS,FOODS_3,16908.0,60890.509033203125,0.00031783728480923865,0.7023914481630865,A
HOUSEHOLD_1_063,HOUSEHOLD,HOUSEHOLD_1,5856.0,60779.0166015625,0.000317255314772987,0.7027087034778595,A
HOUSEHOLD_1_081,HOUSEHOLD,HOUSEHOLD_1,7478.0,60693.560791015625,0.00031680925112157984,0.7030255127289811,A
FOODS_3_213,FOODS,FOODS_3,27205.0,60600.93994140625,0.00031632578728092584,0.703341838516262,A
HOUSEHOLD_2_315,HOUSEHOLD,HOUSEHOLD_2,7919.0,60589.82470703125,0.00031626776779693954,0.7036581062840589,A
HOUSEHOLD_1_247,HOUSEHOLD,HOUSEHOLD_1,62438.0,60564.7451171875,0.00031613685693962154,0.7039742431409985,A
FOODS_3_646,FOODS,FOODS_3,23000.0,60563.202880859375,0.0003161288067489621,0.7042903719477475,A
HOUSEHOLD_1_468,HOUSEHOLD,HOUSEHOLD_1,12144.0,60481.14208984375,0.00031570046447658136,0.7046060724122241,A
HOBBIES_1_015,HOBBIES,HOBBIES_1,85637.0,60468.44860839844,0.0003156342068324688,0.7049217066190565,A
HOUSEHOLD_2_514,HOUSEHOLD,HOUSEHOLD_2,3199.0,60395.33215332031,0.00031525255235255245,0.705236959171409,A
FOODS_2_298,FOODS,FOODS_2,4993.0,60393.93811035156,0.0003152452757040381,0.7055522044471131,A
HOUSEHOLD_1_176,HOUSEHOLD,HOUSEHOLD_1,15498.0,60322.02978515625,0.00031486992744043934,0.7058670743745535,A
HOUSEHOLD_1_265,HOUSEHOLD,HOUSEHOLD_1,13493.0,60216.751220703125,0.0003143203926507704,0.7061813947672043,A
HOUSEHOLD_1_520,HOUSEHOLD,HOUSEHOLD_1,10716.0,60057.830810546875,0.00031349085726887225,0.7064948856244732,A
HOBBIES_1_414,HOBBIES,HOBBIES_1,8410.0,59996.23712158203,0.00031316934951384107,0.706808054973987,A
FOODS_2_081,FOODS,FOODS_2,24131.0,59952.12561035156,0.0003129390955189093,0.7071209940695059,A
FOODS_2_356,FOODS,FOODS_2,23946.0,59926.302978515625,0.00031280430611872723,0.7074337983756246,A
HOUSEHOLD_1_033,HOUSEHOLD,HOUSEHOLD_1,14563.0,59870.5009765625,0.00031251302990722394,0.7077463114055318,A
FOODS_2_382,FOODS,FOODS_2,16830.0,59639.64855957031,0.00031130802264790807,0.7080576194281797,A
FOODS_3_211,FOODS,FOODS_3,13496.0,59519.55651855469,0.0003106811642285969,0.7083683005924083,A
FOODS_3_495,FOODS,FOODS_3,32506.0,59435.58679199219,0.00031024285766291775,0.7086785434500712,A
FOODS_3_729,FOODS,FOODS_3,15163.0,59434.77880859375,0.0003102386401378287,0.708988782090209,A
FOODS_3_261,FOODS,FOODS_3,13462.0,59401.161865234375,0.0003100631658616143,0.7092988452560706,A
FOODS_2_035,FOODS,FOODS_2,11661.0,59258.361572265625,0.00030931777453367513,0.7096081630306043,A
FOODS_3_326,FOODS,FOODS_3,45048.0,59244.0205078125,0.0003092429168085645,0.7099174059474128,A
HOUSEHOLD_1_276,HOUSEHOLD,HOUSEHOLD_1,3478.0,59213.221923828125,0.00030908215385116783,0.710226488101264,A
FOODS_3_786,FOODS,FOODS_3,30160.0,59204.893798828125,0.0003090386825667332,0.7105355267838307,A
FOODS_3_274,FOODS,FOODS_3,43997.0,59174.421630859375,0.00030887962344104653,0.7108444064072718,A
FOODS_2_058,FOODS,FOODS_2,12149.0,59106.955078125,0.00030852746041470626,0.7111529338676864,A
FOODS_3_411,FOODS,FOODS_3,19784.0,58955.696533203125,0.00030773791856351316,0.7114606717862499,A
FOODS_3_249,FOODS,FOODS_3,23273.0,58912.432373046875,0.0003075120875857147,0.7117681838738357,A
FOODS_3_032,FOODS,FOODS_3,19775.0,58891.714111328125,0.0003074039420609817,0.7120755878158966,A
HOBBIES_1_390,HOBBIES,HOBBIES_1,5065.0,58888.50646972656,0.0003073871987603677,0.712382975014657,A
FOODS_3_801,FOODS,FOODS_3,58879.0,58879.0,0.0003073375767326661,0.7126903125913896,A
FOODS_2_196,FOODS,FOODS_2,15445.0,58847.66455078125,0.00030717401143725144,0.7129974866028268,A
HOBBIES_1_371,HOBBIES,HOBBIES_1,124086.0,58800.9921875,0.00030693039026448616,0.7133044169930913,A
HOUSEHOLD_2_284,HOUSEHOLD,HOUSEHOLD_2,9456.0,58705.435791015625,0.0003064316034077662,0.7136108485964991,A
HOUSEHOLD_1_348,HOUSEHOLD,HOUSEHOLD_1,30255.0,58643.229248046875,0.00030610689666728263,0.7139169554931665,A
HOUSEHOLD_1_166,HOUSEHOLD,HOUSEHOLD_1,11835.0,58624.88562011719,0.00030601114629522476,0.7142229666394617,A
FOODS_2_189,FOODS,FOODS_2,23355.0,58393.608642578125,0.00030480392290775367,0.7145277705623695,A
HOUSEHOLD_1_426,HOUSEHOLD,HOUSEHOLD_1,23250.0,58341.07958984375,0.00030452973089064325,0.7148323002932602,A
FOODS_2_391,FOODS,FOODS_2,29240.0,57934.227294921875,0.00030240603656143565,0.7151347063298216,A
HOBBIES_1_251,HOBBIES,HOBBIES_1,3722.0,57861.696533203125,0.00030202743929339074,0.715436733769115,A
HOUSEHOLD_1_375,HOUSEHOLD,HOUSEHOLD_1,7262.0,57852.224853515625,0.00030197799886330965,0.7157387117679783,A
HOUSEHOLD_2_282,HOUSEHOLD,HOUSEHOLD_2,10353.0,57756.032470703125,0.0003014758922746493,0.716040187660253,A
FOODS_3_480,FOODS,FOODS_3,22414.0,57736.982421875,0.00030137645451511745,0.7163415641147681,A
FOODS_2_242,FOODS,FOODS_2,23048.0,57644.44384765625,0.00030089342013690643,0.7166424575349051,A
FOODS_2_361,FOODS,FOODS_2,15078.0,57630.254638671875,0.0003008193550694798,0.7169432768899745,A
FOODS_3_770,FOODS,FOODS_3,14488.0,57618.723876953125,0.00030075916660900117,0.7172440360565835,A
FOODS_2_357,FOODS,FOODS_2,30202.0,57591.66540527344,0.0003006179263515898,0.7175446539829351,A
FOODS_2_031,FOODS,FOODS_2,28692.0,57573.16540527344,0.00030052135974601644,0.7178451753426811,A
HOUSEHOLD_1_282,HOUSEHOLD,HOUSEHOLD_1,14865.0,57536.925537109375,0.0003003321942835824,0.7181455075369647,A
HOUSEHOLD_1_202,HOUSEHOLD,HOUSEHOLD_1,29047.0,57504.89416503906,0.0003001649963985722,0.7184456725333633,A
HOUSEHOLD_1_372,HOUSEHOLD,HOUSEHOLD_1,29126.0,57313.8466796875,0.0002991677635789113,0.7187448402969422,A
FOODS_1_059,FOODS,FOODS_1,10925.0,57289.286376953125,0.00029903956330502407,0.7190438798602472,A
HOBBIES_1_306,HOBBIES,HOBBIES_1,4094.0,57202.636474609375,0.0002985872667135322,0.7193424671269607,A
HOBBIES_1_042,HOBBIES,HOBBIES_1,7520.0,57180.34716796875,0.0002984709206225663,0.7196409380475832,A
FOODS_1_196,FOODS,FOODS_1,28854.0,57074.04235839844,0.00029791602902168367,0.719938854076605,A
HOUSEHOLD_1_280,HOUSEHOLD,HOUSEHOLD_1,11483.0,57070.541748046875,0.00029789775647794933,0.7202367518330829,A
FOODS_3_081,FOODS,FOODS_3,12437.0,57038.803955078125,0.00029773209102198274,0.7205344839241049,A
HOUSEHOLD_1_354,HOUSEHOLD,HOUSEHOLD_1,29550.0,57019.281005859375,0.00029763018480918077,0.7208321141089141,A
HOUSEHOLD_2_391,HOUSEHOLD,HOUSEHOLD_2,5002.0,56977.175048828125,0.0002974103994391848,0.7211295245083533,A
FOODS_2_245,FOODS,FOODS_2,19237.0,56887.86279296875,0.0002969442058508367,0.7214264687142041,A
FOODS_3_212,FOODS,FOODS_3,19269.0,56809.89794921875,0.00029653724367164773,0.7217230059578758,A
HOBBIES_1_421,HOBBIES,HOBBIES_1,6803.0,56731.962158203125,0.0002961304331424016,0.7220191363910181,A
FOODS_2_367,FOODS,FOODS_2,11622.0,56648.72888183594,0.0002956959707116162,0.7223148323617298,A
HOUSEHOLD_1_173,HOUSEHOLD,HOUSEHOLD_1,58400.0,56647.914611816406,0.00029569172037151857,0.7226105240821012,A
FOODS_3_515,FOODS,FOODS_3,19743.0,56643.092529296875,0.0002956665499855345,0.7229061906320868,A
FOODS_3_423,FOODS,FOODS_3,19060.0,56602.991943359375,0.0002954572322846973,0.7232016478643716,A
FOODS_2_076,FOODS,FOODS_2,5681.0,56601.175537109375,0.0002954477509773511,0.7234970956153489,A
FOODS_3_222,FOODS,FOODS_3,13573.0,56588.62939453125,0.00029538226241509113,0.723792477877764,A
FOODS_2_261,FOODS,FOODS_2,5677.0,56570.54443359375,0.00029528786223727163,0.7240877657400013,A
FOODS_3_715,FOODS,FOODS_3,14205.0,56535.6904296875,0.0002951059307319815,0.7243828716707333,A
HOUSEHOLD_1_021,HOUSEHOLD,HOUSEHOLD_1,29228.0,56474.49450683594,0.0002947864992430785,0.7246776581699764,A
HOUSEHOLD_2_050,HOUSEHOLD,HOUSEHOLD_2,7850.0,56365.73876953125,0.00029421881424912484,0.7249718769842255,A
FOODS_3_131,FOODS,FOODS_3,56357.0,56356.080078125,0.00029416839765218525,0.7252660453818777,A
FOODS_1_037,FOODS,FOODS_1,18103.0,56349.30078125,0.0002941330109663802,0.725560178392844,A
FOODS_3_705,FOODS,FOODS_3,14883.0,56336.15478515625,0.00029406439127883135,0.7258542427841229,A
HOUSEHOLD_1_095,HOUSEHOLD,HOUSEHOLD_1,9265.0,56317.19860839844,0.0002939654435142827,0.7261482082276371,A
FOODS_2_294,FOODS,FOODS_2,50991.0,56294.683837890625,0.0002938479205432987,0.7264420561481805,A
FOODS_2_373,FOODS,FOODS_2,9625.0,56271.91467285156,0.0002937290696795386,0.72673578521786,A
FOODS_1_154,FOODS,FOODS_1,38115.0,56213.60986328125,0.00029342472927149505,0.7270292099471315,A
FOODS_3_825,FOODS,FOODS_3,13867.0,56193.975341796875,0.0002933222406719381,0.7273225321878034,A
FOODS_2_229,FOODS,FOODS_2,26911.0,56179.63732910156,0.0002932473988764433,0.7276157795866799,A
HOBBIES_1_249,HOBBIES,HOBBIES_1,11441.0,56121.7177734375,0.0002929450694231029,0.727908724656103,A
HOUSEHOLD_1_132,HOUSEHOLD,HOUSEHOLD_1,29249.0,56110.651611328125,0.0002928873060873393,0.7282016119621904,A
FOODS_3_620,FOODS,FOODS_3,8530.0,56085.491455078125,0.0002927559746881632,0.7284943679368785,A
HOUSEHOLD_2_349,HOUSEHOLD,HOUSEHOLD_2,11670.0,56038.85388183594,0.0002925125351130185,0.7287868804719915,A
HOUSEHOLD_2_200,HOUSEHOLD,HOUSEHOLD_2,8093.0,56005.561767578125,0.00029233875638511373,0.7290792192283766,A
HOBBIES_1_257,HOBBIES,HOBBIES_1,3329.0,55968.64990234375,0.0002921460832212724,0.7293713653115979,A
HOUSEHOLD_1_464,HOUSEHOLD,HOUSEHOLD_1,5978.0,55966.24462890625,0.00029213352813525426,0.7296634988397331,A
FOODS_1_210,FOODS,FOODS_1,30325.0,55954.0908203125,0.00029207008748440634,0.7299555689272176,A
HOBBIES_1_093,HOBBIES,HOBBIES_1,2837.0,55906.19140625,0.0002918200613317053,0.7302473889885492,A
HOUSEHOLD_2_110,HOUSEHOLD,HOUSEHOLD_2,17636.0,55906.057373046875,0.00029181936170297776,0.7305392083502522,A
HOUSEHOLD_1_482,HOUSEHOLD,HOUSEHOLD_1,17300.0,55739.2373046875,0.00029094859155470845,0.730830156941807,A
FOODS_3_464,FOODS,FOODS_3,16279.0,55690.52783203125,0.00029069433704477965,0.7311208512788517,A
HOUSEHOLD_1_355,HOUSEHOLD,HOUSEHOLD_1,6830.0,55606.48620605469,0.00029025565517735134,0.7314111069340291,A
FOODS_1_193,FOODS,FOODS_1,10692.0,55515.28015136719,0.00028977957630659944,0.7317008865103357,A
FOODS_3_357,FOODS,FOODS_3,13778.0,55467.583984375,0.00028953061106631314,0.731990417121402,A
HOUSEHOLD_2_439,HOUSEHOLD,HOUSEHOLD_2,9919.0,55420.8515625,0.00028928667639870824,0.7322797037978007,A
HOUSEHOLD_1_448,HOUSEHOLD,HOUSEHOLD_1,56861.0,55370.735595703125,0.00028902508024743244,0.7325687288780481,A
HOUSEHOLD_1_515,HOUSEHOLD,HOUSEHOLD_1,22422.0,55318.457275390625,0.00028875219700755917,0.7328574810750557,A
HOBBIES_1_253,HOBBIES,HOBBIES_1,4320.0,55250.421630859375,0.0002883970634264576,0.7331458781384821,A
HOUSEHOLD_1_442,HOUSEHOLD,HOUSEHOLD_1,6156.0,55219.3447265625,0.00028823484768809664,0.7334341129861702,A
FOODS_2_143,FOODS,FOODS_2,14004.0,55214.653076171875,0.0002882103581338934,0.7337223233443041,A
FOODS_2_306,FOODS,FOODS_2,13594.0,55195.163818359375,0.0002881086277840503,0.7340104319720882,A
FOODS_3_683,FOODS,FOODS_3,22005.0,55138.53662109375,0.00028781304420442467,0.7342982450162926,A
HOUSEHOLD_1_395,HOUSEHOLD,HOUSEHOLD_1,11390.0,55113.669189453125,0.00028768324077399965,0.7345859282570666,A
HOUSEHOLD_2_411,HOUSEHOLD,HOUSEHOLD_2,9434.0,55094.43981933594,0.0002875828669902412,0.7348735111240569,A
HOUSEHOLD_2_347,HOUSEHOLD,HOUSEHOLD_2,5963.0,55048.13671875,0.00028734117330099225,0.7351608522973578,A
FOODS_2_206,FOODS,FOODS_2,5226.0,54989.325927734375,0.00028703419176264285,0.7354478864891205,A
FOODS_3_610,FOODS,FOODS_3,28082.0,54893.687255859375,0.0002865349754434799,0.735734421464564,A
HOUSEHOLD_1_007,HOUSEHOLD,HOUSEHOLD_1,36556.0,54870.521240234375,0.00028641405309247635,0.7360208355176565,A
HOBBIES_1_020,HOBBIES,HOBBIES_1,4553.0,54827.46533203125,0.0002861893091516626,0.7363070248268082,A
FOODS_3_063,FOODS,FOODS_3,23180.0,54494.897705078125,0.0002844533671593138,0.7365914781939675,A
HOUSEHOLD_2_059,HOUSEHOLD,HOUSEHOLD_2,17720.0,54479.84716796875,0.0002843748061171133,0.7368758530000846,A
HOUSEHOLD_1_125,HOUSEHOLD,HOUSEHOLD_1,9519.0,54470.166015625,0.0002843242722782012,0.7371601772723628,A
FOODS_3_031,FOODS,FOODS_3,11936.0,54425.997314453125,0.00028409371976226863,0.7374442709921251,A
FOODS_2_122,FOODS,FOODS_2,11160.0,54345.28796386719,0.00028367243176096515,0.737727943423886,A
FOODS_3_410,FOODS,FOODS_3,20470.0,54111.65100097656,0.00028245288968297495,0.738010396313569,A
FOODS_3_593,FOODS,FOODS_3,8401.0,54095.922119140625,0.00028237078780576626,0.7382927671013748,A
FOODS_3_272,FOODS,FOODS_3,5614.0,54088.01904296875,0.00028232953519822536,0.7385750966365731,A
HOUSEHOLD_1_536,HOUSEHOLD,HOUSEHOLD_1,18270.0,54078.84228515625,0.0002822816342062188,0.7388573782707792,A
FOODS_2_144,FOODS,FOODS_2,21617.0,54033.662353515625,0.00028204580325278246,0.739139424074032,A
HOUSEHOLD_1_059,HOUSEHOLD,HOUSEHOLD_1,18448.0,54026.869384765625,0.0002820103452022985,0.7394214344192342,A
HOBBIES_1_133,HOBBIES,HOBBIES_1,4307.0,53988.088623046875,0.00028180791674171853,0.739703242335976,A
HOUSEHOLD_1_316,HOUSEHOLD,HOUSEHOLD_1,13597.0,53935.405029296875,0.0002815329180488621,0.7399847752540248,A
HOUSEHOLD_2_044,HOUSEHOLD,HOUSEHOLD_2,15440.0,53731.04577636719,0.00028046620024492,0.7402652414542698,A
HOUSEHOLD_2_257,HOUSEHOLD,HOUSEHOLD_2,9066.0,53437.27697753906,0.0002789327810164769,0.7405441742352862,A
HOUSEHOLD_1_252,HOUSEHOLD,HOUSEHOLD_1,5646.0,53418.72998046875,0.00027883596909481965,0.740823010204381,A
FOODS_3_405,FOODS,FOODS_3,14101.0,53380.68212890625,0.0002786373662907791,0.7411016475706718,A
HOUSEHOLD_1_002,HOUSEHOLD,HOUSEHOLD_1,8793.0,53299.65637207031,0.0002782144267069056,0.7413798619973787,A
FOODS_2_396,FOODS,FOODS_2,17968.0,53244.51708984375,0.00027792660977077745,0.7416577886071495,A
FOODS_1_113,FOODS,FOODS_1,54432.0,53227.637451171875,0.0002778385011540289,0.7419356271083035,A
FOODS_3_269,FOODS,FOODS_3,17890.0,53185.14306640625,0.00027761668826252917,0.7422132437965661,A
FOODS_3_244,FOODS,FOODS_3,5596.0,53160.675048828125,0.0002774889697002249,0.7424907327662663,A
HOBBIES_1_022,HOBBIES,HOBBIES_1,7453.0,53123.7548828125,0.00027729625320782847,0.7427680290194741,A
HOUSEHOLD_2_431,HOUSEHOLD,HOUSEHOLD_2,5631.0,53042.625,0.0002768727701054626,0.7430449017895796,A
FOODS_1_045,FOODS,FOODS_1,28761.0,52990.84619140625,0.00027660249422510955,0.7433215042838047,A
HOUSEHOLD_2_051,HOUSEHOLD,HOUSEHOLD_2,5312.0,52898.36309814453,0.00027611974944731445,0.743597624033252,A
HOUSEHOLD_1_365,HOUSEHOLD,HOUSEHOLD_1,13165.0,52844.07666015625,0.0002758363842016281,0.7438734604174536,A
FOODS_2_140,FOODS,FOODS_2,5106.0,52795.252197265625,0.00027558152946377453,0.7441490419469173,A
HOBBIES_1_210,HOBBIES,HOBBIES_1,9192.0,52781.643310546875,0.0002755104935720955,0.7444245524404894,A
FOODS_1_123,FOODS,FOODS_1,15733.0,52776.851806640625,0.0002754854828008621,0.7447000379232903,A
HOUSEHOLD_1_401,HOUSEHOLD,HOUSEHOLD_1,5650.0,52693.166259765625,0.0002750486596010097,0.7449750865828914,A
HOBBIES_1_109,HOBBIES,HOBBIES_1,9149.0,52648.24951171875,0.00027481420241764315,0.745249900785309,A
FOODS_3_177,FOODS,FOODS_3,18756.0,52519.49792480469,0.0002741421427576175,0.7455240429280666,A
HOUSEHOLD_2_142,HOUSEHOLD,HOUSEHOLD_2,26646.0,52497.96472167969,0.0002740297433882713,0.7457980726714549,A
HOUSEHOLD_1_246,HOUSEHOLD,HOUSEHOLD_1,13188.0,52488.15930175781,0.0002739785608954023,0.7460720512323503,A
FOODS_3_026,FOODS,FOODS_3,26499.0,52465.61315917969,0.00027386087416796757,0.7463459121065182,A
HOUSEHOLD_2_262,HOUSEHOLD,HOUSEHOLD_2,10533.0,52361.7080078125,0.0002733185083426099,0.7466192306148608,A
HOUSEHOLD_2_212,HOUSEHOLD,HOUSEHOLD_2,19700.0,52330.661376953125,0.0002731564506260381,0.7468923870654869,A
FOODS_3_168,FOODS,FOODS_3,14191.0,52329.79931640625,0.00027315195082815646,0.747165539016315,A
HOBBIES_1_310,HOBBIES,HOBBIES_1,9719.0,52304.194091796875,0.0002730182962538067,0.7474385573125688,A
FOODS_3_014,FOODS,FOODS_3,26664.0,52290.133544921875,0.00027294490277898374,0.7477115022153478,A
FOODS_3_299,FOODS,FOODS_3,35032.0,52225.910400390625,0.0002726096697483551,0.7479841118850962,A
HOUSEHOLD_1_254,HOUSEHOLD,HOUSEHOLD_1,53490.0,52130.537353515625,0.0002721118399429546,0.7482562237250391,A
FOODS_3_185,FOODS,FOODS_3,21951.0,52130.45056152344,0.0002721113869046802,0.7485283351119437,A
HOBBIES_1_084,HOBBIES,HOBBIES_1,12418.0,52117.639404296875,0.00027204451501458094,0.7488003796269583,A
FOODS_2_024,FOODS,FOODS_2,20810.0,52084.28369140625,0.0002718704043134822,0.7490722500312719,A
FOODS_3_074,FOODS,FOODS_3,12117.0,52055.5146484375,0.00027172023518780183,0.7493439702664597,A
HOUSEHOLD_2_375,HOUSEHOLD,HOUSEHOLD_2,7941.0,51992.4091796875,0.0002713908362196773,0.7496153611026793,A
HOBBIES_1_203,HOBBIES,HOBBIES_1,3984.0,51988.303955078125,0.0002713694077004533,0.7498867305103798,A
FOODS_1_207,FOODS,FOODS_1,15799.0,51958.0693359375,0.0002712115885360634,0.7501579420989158,A
FOODS_2_330,FOODS,FOODS_2,13106.0,51877.552490234375,0.0002707913053749269,0.7504287334042907,A
HOBBIES_2_075,HOBBIES,HOBBIES_2,18559.0,51877.21325683594,0.00027078953463883045,0.7506995229389296,A
FOODS_3_422,FOODS,FOODS_3,25249.0,51756.39978027344,0.0002701589104583354,0.750969681849388,A
FOODS_3_108,FOODS,FOODS_3,51739.0,51737.390625,0.0002700596861556558,0.7512397415355436,A
FOODS_3_461,FOODS,FOODS_3,35481.0,51706.609130859375,0.00026989901240410784,0.7515096405479478,A
HOUSEHOLD_1_341,HOUSEHOLD,HOUSEHOLD_1,10618.0,51678.644287109375,0.0002697530410507929,0.7517793935889986,A
HOUSEHOLD_1_074,HOUSEHOLD,HOUSEHOLD_1,10323.0,51661.89929199219,0.00026966563524869505,0.7520490592242473,A
HOUSEHOLD_2_035,HOUSEHOLD,HOUSEHOLD_2,8295.0,51614.34338378906,0.0002694174021335527,0.7523184766263808,A
HOUSEHOLD_1_161,HOUSEHOLD,HOUSEHOLD_1,4143.0,51581.255859375,0.00026924469132709363,0.7525877213177079,A
HOUSEHOLD_1_361,HOUSEHOLD,HOUSEHOLD_1,27664.0,51408.864013671875,0.0002683448375234137,0.7528560661552313,A
FOODS_3_383,FOODS,FOODS_3,41110.0,51396.830322265625,0.00026828202386224514,0.7531243481790935,A
HOBBIES_1_266,HOBBIES,HOBBIES_1,10711.0,51376.37646484375,0.00026817525847942824,0.7533925234375729,A
FOODS_2_154,FOODS,FOODS_2,4298.0,51293.964111328125,0.00026774508111530307,0.7536602685186882,A
FOODS_3_659,FOODS,FOODS_3,16528.0,51194.06492614746,0.0002672236256984143,0.7539274921443866,A
FOODS_3_128,FOODS,FOODS_3,17143.0,51170.01904296875,0.00026709811060022067,0.7541945902549868,A
FOODS_2_359,FOODS,FOODS_2,25727.0,51134.94561767578,0.00026691503375555185,0.7544615052887423,A
FOODS_3_234,FOODS,FOODS_3,254447.0,51029.3681640625,0.00026636393881930787,0.7547278692275616,A
HOBBIES_1_298,HOBBIES,HOBBIES_1,12166.0,50955.4013671875,0.0002659778457112347,0.7549938470732729,A
FOODS_1_167,FOODS,FOODS_1,10959.0,50950.19775390625,0.0002659506838046786,0.7552597977570775,A
HOUSEHOLD_1_257,HOUSEHOLD,HOUSEHOLD_1,9840.0,50944.239990234375,0.00026591958537145697,0.755525717342449,A
FOODS_3_644,FOODS,FOODS_3,29509.0,50918.70849609375,0.0002657863156566258,0.7557915036581057,A
HOBBIES_1_132,HOBBIES,HOBBIES_1,12133.0,50904.711669921875,0.00026571325479218154,0.7560572169128978,A
HOBBIES_1_103,HOBBIES,HOBBIES_1,72024.0,50885.739013671875,0.0002656142210077073,0.7563228311339055,A
HOUSEHOLD_1_168,HOUSEHOLD,HOUSEHOLD_1,17190.0,50865.18591308594,0.0002655069375937834,0.7565883380714993,A
FOODS_3_076,FOODS,FOODS_3,48193.0,50855.76806640625,0.00026545777816212575,0.7568537958496614,A
FOODS_3_280,FOODS,FOODS_3,11890.0,50827.23010253906,0.00026530881522695654,0.7571191046648883,A
HOUSEHOLD_2_350,HOUSEHOLD,HOUSEHOLD_2,17341.0,50721.728088378906,0.00026475811407081603,0.7573838627789591,A
HOBBIES_1_348,HOBBIES,HOBBIES_1,107234.0,50714.218017578125,0.00026471891287920267,0.7576485816918382,A
FOODS_2_351,FOODS,FOODS_2,17143.0,50709.86474609375,0.00026469618960080346,0.757913277881439,A
FOODS_2_085,FOODS,FOODS_2,14662.0,50688.593994140625,0.0002645851601784193,0.7581778630416175,A
FOODS_2_216,FOODS,FOODS_2,8481.0,50482.56701660156,0.0002635097371580146,0.7584413727787755,A
HOBBIES_1_177,HOBBIES,HOBBIES_1,12105.0,50457.91931152344,0.00026338108065992983,0.7587047538594355,A
FOODS_1_051,FOODS,FOODS_1,13010.0,50348.984130859375,0.00026281245900456495,0.7589675663184401,A
FOODS_2_397,FOODS,FOODS_2,17004.0,50266.85430908203,0.00026238375640427394,0.7592299500748444,A
FOODS_2_126,FOODS,FOODS_2,11099.0,50241.291748046875,0.0002622503245259536,0.7594922003993704,A
HOUSEHOLD_2_308,HOUSEHOLD,HOUSEHOLD_2,14449.0,50214.795654296875,0.00026211201977814863,0.7597543124191485,A
HOUSEHOLD_2_178,HOUSEHOLD,HOUSEHOLD_2,7199.0,50189.25244140625,0.0002619786888935927,0.760016291108042,A
FOODS_2_109,FOODS,FOODS_2,16925.0,50153.738220214844,0.00026179331117521235,0.7602780844192173,A
HOUSEHOLD_1_417,HOUSEHOLD,HOUSEHOLD_1,9152.0,50145.3466796875,0.00026174950887336064,0.7605398339280907,A
FOODS_3_487,FOODS,FOODS_3,30793.0,50136.52947998047,0.0002617034847086919,0.7608015374127993,A
HOUSEHOLD_1_368,HOUSEHOLD,HOUSEHOLD_1,5893.0,50082.668701171875,0.00026142234132582256,0.7610629597541252,A
FOODS_3_355,FOODS,FOODS_3,47919.0,49933.65368652344,0.0002606445102910082,0.7613236042644163,A
HOUSEHOLD_2_395,HOUSEHOLD,HOUSEHOLD_2,13605.0,49930.16906738281,0.0002606263212184608,0.7615842305856347,A
FOODS_2_224,FOODS,FOODS_2,8566.0,49904.622497558594,0.00026049297281132745,0.761844723558446,A
FOODS_3_386,FOODS,FOODS_3,19915.0,49837.73876953125,0.00026014385202301974,0.762104867410469,A
FOODS_1_006,FOODS,FOODS_1,22629.0,49778.980712890625,0.000259837145748432,0.7623647045562174,A
FOODS_2_079,FOODS,FOODS_2,12988.0,49701.87255859375,0.00025943465533100085,0.7626241392115484,A
HOUSEHOLD_1_489,HOUSEHOLD,HOUSEHOLD_1,4975.0,49600.722412109375,0.00025890667012563623,0.762883045881674,A
FOODS_3_112,FOODS,FOODS_3,16634.0,49567.68908691406,0.0002587342422291545,0.7631417801239031,A
FOODS_3_396,FOODS,FOODS_3,4793.0,49546.75,0.0002586249440374195,0.7634004050679405,A
FOODS_3_181,FOODS,FOODS_3,16608.0,49491.673828125,0.00025833745652574687,0.7636587425244662,A
HOBBIES_1_146,HOBBIES,HOBBIES_1,10168.0,49439.67626953125,0.0002580660388105306,0.7639168085632767,A
FOODS_2_049,FOODS,FOODS_2,20234.0,49407.83337402344,0.00025789982473859455,0.7641747083880153,A
HOUSEHOLD_1_143,HOUSEHOLD,HOUSEHOLD_1,25078.0,49403.60485839844,0.0002578777526628908,0.7644325861406781,A
HOUSEHOLD_1_141,HOUSEHOLD,HOUSEHOLD_1,27548.0,49392.4091796875,0.000257819313274231,0.7646904054539523,A
HOUSEHOLD_2_295,HOUSEHOLD,HOUSEHOLD_2,8315.0,49357.69519042969,0.0002576381126197155,0.764948043566572,A
HOUSEHOLD_1_025,HOUSEHOLD,HOUSEHOLD_1,16560.0,49344.059326171875,0.00025756693591023243,0.7652056105024823,A
HOUSEHOLD_1_325,HOUSEHOLD,HOUSEHOLD_1,14104.0,49307.193359375,0.0002573745023278133,0.76546298500481,A
FOODS_3_685,FOODS,FOODS_3,20039.0,49264.82861328125,0.0002571533661263943,0.7657201383709364,A
FOODS_3_415,FOODS,FOODS_3,19877.0,49245.141357421875,0.0002570506022630757,0.7659771889731996,A
FOODS_2_346,FOODS,FOODS_2,20879.0,49229.1171875,0.00025696695903623857,0.7662341559322358,A
FOODS_3_273,FOODS,FOODS_3,24461.0,49215.465576171875,0.00025689570012993784,0.7664910516323657,A
HOBBIES_1_328,HOBBIES,HOBBIES_1,7658.0,49187.63037109375,0.0002567504054667036,0.7667478020378324,A
FOODS_3_523,FOODS,FOODS_3,24807.0,49117.6181640625,0.0002563849545920167,0.7670041869924245,A
FOODS_2_100,FOODS,FOODS_2,19640.0,49113.60205078125,0.00025636399121757515,0.767260550983642,A
HOBBIES_1_075,HOBBIES,HOBBIES_1,7023.0,49107.417236328125,0.0002563317076209352,0.767516882691263,A
HOBBIES_1_273,HOBBIES,HOBBIES_1,4045.0,49097.328369140625,0.00025627904558534723,0.7677731617368483,A
HOBBIES_1_094,HOBBIES,HOBBIES_1,3786.0,49090.473388671875,0.00025624326384506946,0.7680294050006934,A
FOODS_3_381,FOODS,FOODS_3,16549.0,49068.04016113281,0.0002561261665134207,0.7682855311672068,A
FOODS_3_687,FOODS,FOODS_3,17058.0,49013.7177734375,0.0002558426136168598,0.7685413737808237,A
HOUSEHOLD_1_458,HOUSEHOLD,HOUSEHOLD_1,19936.0,48987.11865234375,0.0002557037710852242,0.7687970775519088,A
FOODS_1_048,FOODS,FOODS_1,8192.0,48984.26623535156,0.00025568888199189365,0.7690527664339007,A
FOODS_2_002,FOODS,FOODS_2,25817.0,48889.260192871094,0.00025519296788209376,0.7693079594017829,A
FOODS_1_120,FOODS,FOODS_1,26997.0,48870.872314453125,0.00025509698653060624,0.7695630563883135,A
HOUSEHOLD_1_267,HOUSEHOLD,HOUSEHOLD_1,5008.0,48862.960693359375,0.000255055689320141,0.7698181120776336,A
HOUSEHOLD_1_150,HOUSEHOLD,HOUSEHOLD_1,4006.0,48786.55993652344,0.00025465689138766086,0.7700727689690213,A
FOODS_3_675,FOODS,FOODS_3,24592.0,48764.876953125,0.0002545437101927695,0.7703273126792141,A
FOODS_1_040,FOODS,FOODS_1,26387.0,48728.14990234375,0.0002543520017264632,0.7705816646809405,A
HOUSEHOLD_2_152,HOUSEHOLD,HOUSEHOLD_2,3950.0,48725.303283691406,0.00025433714289940275,0.7708360018238398,A
HOUSEHOLD_1_046,HOUSEHOLD,HOUSEHOLD_1,13004.0,48675.73486328125,0.00025407840483980044,0.7710900802286796,A
HOUSEHOLD_2_316,HOUSEHOLD,HOUSEHOLD_2,6712.0,48662.56164550781,0.0002540096430600783,0.7713440898717397,A
FOODS_3_279,FOODS,FOODS_3,17376.0,48656.59411621094,0.0002539784936520859,0.7715980683653918,A
FOODS_2_116,FOODS,FOODS_2,25276.0,48598.473876953125,0.00025367511666720815,0.771851743482059,A
HOUSEHOLD_2_457,HOUSEHOLD,HOUSEHOLD_2,7502.0,48496.765869140625,0.00025314421952806854,0.772104887701587,A
HOBBIES_1_264,HOBBIES,HOBBIES_1,10837.0,48441.38232421875,0.0002528551275854888,0.7723577428291725,A
HOUSEHOLD_1_093,HOUSEHOLD,HOUSEHOLD_1,12261.0,48427.756103515625,0.0002527840012135918,0.7726105268303861,A
HOBBIES_1_097,HOBBIES,HOBBIES_1,11651.0,48378.966796875,0.0002525293299849127,0.772863056160371,A
HOUSEHOLD_2_449,HOUSEHOLD,HOUSEHOLD_2,8562.0,48375.65686035156,0.00025251205272357587,0.7731155682130946,A
HOUSEHOLD_2_191,HOUSEHOLD,HOUSEHOLD_2,9666.0,48250.7744140625,0.000251860189267693,0.7733674284023623,A
HOUSEHOLD_2_403,HOUSEHOLD,HOUSEHOLD_2,9493.0,48233.122314453125,0.0002517680485465838,0.7736191964509088,A
FOODS_3_286,FOODS,FOODS_3,12157.0,48172.614990234375,0.0002514522114161983,0.773870648662325,A
HOUSEHOLD_1_383,HOUSEHOLD,HOUSEHOLD_1,14064.0,48118.544677734375,0.0002511699743059055,0.7741218186366309,A
HOBBIES_1_379,HOBBIES,HOBBIES_1,22133.0,47991.971435546875,0.00025050928520566426,0.7743723279218365,A
HOUSEHOLD_1_349,HOUSEHOLD,HOUSEHOLD_1,16277.0,47986.457275390625,0.00025048050230140064,0.7746228084241379,A
FOODS_3_776,FOODS,FOODS_3,16087.0,47923.12976074219,0.00025014994429442783,0.7748729583684323,A
HOUSEHOLD_2_193,HOUSEHOLD,HOUSEHOLD_2,9746.0,47909.538818359375,0.00025007900206888993,0.7751230373705011,A
FOODS_3_706,FOODS,FOODS_3,24156.0,47828.68957519531,0.00024965698385399644,0.7753726943543552,A
HOBBIES_1_319,HOBBIES,HOBBIES_1,47894.0,47790.26281738281,0.0002494564032288536,0.775622150757584,A
FOODS_1_151,FOODS,FOODS_1,4196.0,47785.747802734375,0.000249432835680815,0.7758715835932648,A
FOODS_1_208,FOODS,FOODS_1,26008.0,47753.759765625,0.00024926586399634976,0.7761208494572611,A
FOODS_3_810,FOODS,FOODS_3,19044.0,47655.498291015625,0.00024875295712815183,0.7763696024143892,A
FOODS_3_289,FOODS,FOODS_3,17064.0,47653.50048828125,0.00024874252896444027,0.7766183449433537,A
HOBBIES_1_012,HOBBIES,HOBBIES_1,7393.0,47605.583984375,0.0002484924136058906,0.7768668373569596,A
FOODS_2_232,FOODS,FOODS_2,19607.0,47595.557556152344,0.00024844007749024263,0.7771152774344499,A
HOUSEHOLD_1_313,HOUSEHOLD,HOUSEHOLD_1,11551.0,47437.620361328125,0.0002476156743119748,0.7773628931087618,A
FOODS_3_591,FOODS,FOODS_3,16683.0,47397.7568359375,0.0002474075940236959,0.7776103007027855,A
HOBBIES_1_123,HOBBIES,HOBBIES_1,5958.0,47378.59973144531,0.00024730759745324047,0.7778576083002388,A
HOUSEHOLD_1_105,HOUSEHOLD,HOUSEHOLD_1,11682.0,47357.19873046875,0.0002471958881548524,0.7781048041883936,A
FOODS_3_689,FOODS,FOODS_3,16650.0,47266.701171875,0.0002467235075037132,0.7783515276958973,A
HOUSEHOLD_1_326,HOUSEHOLD,HOUSEHOLD_1,9724.0,47057.07629394531,0.00024562930410342124,0.7785971570000008,A
FOODS_2_005,FOODS,FOODS_2,12411.0,47014.37521362305,0.00024540641229904087,0.7788425634122998,A
FOODS_3_339,FOODS,FOODS_3,57815.0,46971.0771484375,0.00024518040434321045,0.779087743816643,A
HOUSEHOLD_1_491,HOUSEHOLD,HOUSEHOLD_1,7295.0,46896.904541015625,0.00024479323694184525,0.7793325370535849,A
FOODS_3_163,FOODS,FOODS_3,23195.0,46863.9150390625,0.0002446210377946469,0.7795771580913795,A
FOODS_3_011,FOODS,FOODS_3,23912.0,46863.718505859375,0.000244620011927387,0.7798217781033069,A
HOBBIES_1_355,HOBBIES,HOBBIES_1,11164.0,46834.9169921875,0.00024446967331059416,0.7800662477766175,A
FOODS_3_207,FOODS,FOODS_3,23841.0,46754.783447265625,0.00024405139090920676,0.7803102991675267,A
FOODS_3_771,FOODS,FOODS_3,18688.0,46748.02478027344,0.0002440161119076048,0.7805543152794343,A
FOODS_1_053,FOODS,FOODS_1,7479.0,46731.42529296875,0.0002439294656295901,0.7807982447450639,A
FOODS_3_612,FOODS,FOODS_3,11215.0,46639.317138671875,0.00024344867796439673,0.7810416934230283,A
HOUSEHOLD_2_246,HOUSEHOLD,HOUSEHOLD_2,5923.0,46634.280517578125,0.0002434223877264193,0.7812851158107548,A
FOODS_2_399,FOODS,FOODS_2,23626.0,46596.646240234375,0.000243225943703917,0.7815283417544587,A
HOUSEHOLD_2_512,HOUSEHOLD,HOUSEHOLD_2,11707.0,46477.054931640625,0.00024260169901597236,0.7817709434534748,A
HOUSEHOLD_2_033,HOUSEHOLD,HOUSEHOLD_2,6665.0,46461.533203125,0.00024252067844108668,0.7820134641319159,A
FOODS_2_211,FOODS,FOODS_2,20117.0,46456.64172363281,0.00024249514581563844,0.7822559592777315,A
FOODS_2_135,FOODS,FOODS_2,20312.0,46446.60192871094,0.00024244273992827313,0.7824984020176597,A
FOODS_2_065,FOODS,FOODS_2,48923.0,46435.194580078125,0.00024238319566145895,0.7827407852133212,A
FOODS_1_192,FOODS,FOODS_1,19708.0,46428.67395019531,0.00024234915916989227,0.7829831343724911,A
HOUSEHOLD_1_522,HOUSEHOLD,HOUSEHOLD_1,26215.0,46412.422119140625,0.00024226432759371372,0.7832253987000848,A
HOUSEHOLD_1_306,HOUSEHOLD,HOUSEHOLD_1,23534.0,46350.22717285156,0.00024193968138577033,0.7834673383814705,A
FOODS_2_385,FOODS,FOODS_2,19036.0,46338.76818847656,0.00024187986758985618,0.7837092182490604,A
HOUSEHOLD_1_181,HOUSEHOLD,HOUSEHOLD_1,11477.0,46277.8076171875,0.00024156166459292656,0.7839507799136533,A
HOBBIES_1_405,HOBBIES,HOBBIES_1,3797.0,46252.039489746094,0.00024142715969568339,0.7841922070733489,A
FOODS_3_302,FOODS,FOODS_3,30849.0,46224.259521484375,0.00024128215335849582,0.7844334892267074,A
FOODS_3_475,FOODS,FOODS_3,46148.0,46146.0,0.00024087365301560164,0.784674362879723,A
FOODS_3_321,FOODS,FOODS_3,31830.0,46119.76611328125,0.00024073671694038943,0.7849150995966634,A
FOODS_3_614,FOODS,FOODS_3,46942.0,46069.553955078125,0.00024047461868762247,0.785155574215351,A
FOODS_1_042,FOODS,FOODS_1,47236.0,46064.18884277344,0.00024044661378579634,0.7853960208291367,A
HOUSEHOLD_1_487,HOUSEHOLD,HOUSEHOLD_1,23786.0,46051.237548828125,0.00024037901040773786,0.7856363998395445,A
FOODS_3_095,FOODS,FOODS_3,8947.0,46006.09729003906,0.00024014338653930743,0.7858765432260838,A
HOBBIES_1_124,HOBBIES,HOBBIES_1,7693.0,45994.701110839844,0.0002400839005748872,0.7861166271266586,A
FOODS_3_452,FOODS,FOODS_3,9237.0,45961.8427734375,0.00023991238608257753,0.7863565395127412,A
FOODS_3_196,FOODS,FOODS_3,10246.0,45914.43896484375,0.00023966494689948843,0.7865962044596407,A
HOUSEHOLD_1_182,HOUSEHOLD,HOUSEHOLD_1,11226.0,45864.7197265625,0.00023940542159827147,0.786835609881239,A
HOUSEHOLD_2_248,HOUSEHOLD,HOUSEHOLD_2,5067.0,45859.28430175781,0.00023937704967809644,0.7870749869309172,A
HOBBIES_1_376,HOBBIES,HOBBIES_1,2849.0,45798.06359863281,0.00023905748884071288,0.7873140444197578,A
FOODS_1_020,FOODS,FOODS_1,17208.0,45707.10498046875,0.000238582701543213,0.787552627121301,A
FOODS_3_199,FOODS,FOODS_3,18269.0,45677.690673828125,0.00023842916425956007,0.7877910562855606,A
HOBBIES_1_268,HOBBIES,HOBBIES_1,96490.0,45677.1083984375,0.00023842612488885837,0.7880294824104495,A
FOODS_3_492,FOODS,FOODS_3,15322.0,45613.776611328125,0.00023809554458042336,0.7882675779550299,A
FOODS_1_074,FOODS,FOODS_1,20440.0,45613.07434082031,0.00023809187885722694,0.7885056698338871,A
FOODS_3_721,FOODS,FOODS_3,22985.0,45540.31494140625,0.00023771208814236356,0.7887433819220295,A
HOBBIES_1_351,HOBBIES,HOBBIES_1,7889.0,45499.65270996094,0.00023749983875502774,0.7889808817607845,A
HOUSEHOLD_1_379,HOUSEHOLD,HOUSEHOLD_1,46830.0,45425.038177490234,0.00023711036458599316,0.7892179921253705,A
FOODS_2_099,FOODS,FOODS_2,23083.0,45326.557861328125,0.0002365963154050436,0.7894545884407755,A
FOODS_3_528,FOODS,FOODS_3,9104.0,45300.25427246094,0.00023645901549740567,0.7896910474562729,A
HOBBIES_1_129,HOBBIES,HOBBIES_1,9340.0,45278.490234375,0.00023634541121191763,0.7899273928674848,A
FOODS_2_174,FOODS,FOODS_2,16921.0,45221.75012207031,0.000236049238236506,0.7901634421057213,A
HOBBIES_1_204,HOBBIES,HOBBIES_1,4561.0,45105.591796875,0.00023544291309200875,0.7903988850188133,A
HOUSEHOLD_1_145,HOUSEHOLD,HOUSEHOLD_1,22200.0,45103.3056640625,0.00023543097989819293,0.7906343159987115,A
FOODS_3_748,FOODS,FOODS_3,11537.0,45051.436767578125,0.00023516023377558037,0.790869476232487,A
HOBBIES_1_069,HOBBIES,HOBBIES_1,3337.0,45015.12188720703,0.00023497067676318904,0.7911044469092502,A
HOBBIES_1_296,HOBBIES,HOBBIES_1,6296.0,45000.9140625,0.00023489651452510583,0.7913393434237753,A
HOBBIES_1_211,HOBBIES,HOBBIES_1,9352.0,44979.54919433594,0.00023478499383336929,0.7915741284176087,A
FOODS_1_112,FOODS,FOODS_1,22722.0,44979.13134765625,0.00023478281275036888,0.791808911230359,A
HOBBIES_1_046,HOBBIES,HOBBIES_1,2380.0,44976.355712890625,0.00023476832444617278,0.7920436795548051,A
HOUSEHOLD_1_215,HOUSEHOLD,HOUSEHOLD_1,20435.0,44969.6875,0.00023473351759838423,0.7922784130724035,A
FOODS_1_205,FOODS,FOODS_1,9037.0,44950.24963378906,0.00023463205550327182,0.7925130451279068,A
FOODS_3_301,FOODS,FOODS_3,22819.0,44935.942138671875,0.00023455737300393537,0.7927476025009107,A
HOUSEHOLD_1_023,HOUSEHOLD,HOUSEHOLD_1,5025.0,44893.270751953125,0.0002343346361947171,0.7929819371371054,A
FOODS_3_225,FOODS,FOODS_3,22672.0,44889.27917480469,0.00023431380089438688,0.7932162509379997,A
HOBBIES_1_193,HOBBIES,HOBBIES_1,5296.0,44821.92639160156,0.00023396223172412502,0.7934502131697239,A
HOBBIES_1_057,HOBBIES,HOBBIES_1,9273.0,44821.55859375,0.00023396031188682433,0.7936841734816107,A
FOODS_1_036,FOODS,FOODS_1,25731.0,44787.33349609375,0.0002337816631567659,0.7939179551447675,A
FOODS_2_225,FOODS,FOODS_2,17908.0,44771.66296386719,0.000233699865853812,0.7941516550106213,A
HOBBIES_1_034,HOBBIES,HOBBIES_1,9257.0,44767.23376464844,0.00023367674624657074,0.7943853317568679,A
FOODS_1_127,FOODS,FOODS_1,22644.0,44748.392333984375,0.00023357839743557752,0.7946189101543034,A
FOODS_3_731,FOODS,FOODS_3,15019.0,44742.478759765625,0.00023354752966319315,0.7948524576839666,A
FOODS_3_094,FOODS,FOODS_3,15022.0,44730.363525390625,0.0002334842903626894,0.7950859419743294,A
HOBBIES_1_233,HOBBIES,HOBBIES_1,63206.0,44677.51220703125,0.00023320841617814657,0.7953191503905075,A
FOODS_3_034,FOODS,FOODS_3,17830.0,44637.76904296875,0.00023300096415391626,0.7955521513546614,A
FOODS_2_283,FOODS,FOODS_2,30797.0,44543.286529541016,0.0002325077827697132,0.7957846591374311,A
FOODS_1_128,FOODS,FOODS_1,11660.0,44542.024658203125,0.00023250119603286074,0.796017160333464,A
HOUSEHOLD_2_054,HOUSEHOLD,HOUSEHOLD_2,9156.0,44486.013671875,0.0002322088289612649,0.7962493691624253,A
HOUSEHOLD_1_527,HOUSEHOLD,HOUSEHOLD_1,8537.0,44482.646728515625,0.0002321912541347042,0.7964815604165599,A
HOUSEHOLD_2_380,HOUSEHOLD,HOUSEHOLD_2,8642.0,44480.302001953125,0.0002321790150922643,0.7967137394316522,A
FOODS_3_110,FOODS,FOODS_3,4252.0,44425.27392578125,0.00023189177863133724,0.7969456312102836,A
FOODS_2_231,FOODS,FOODS_2,17889.0,44389.4453125,0.00023170475984393338,0.7971773359701275,A
HOBBIES_1_392,HOBBIES,HOBBIES_1,3419.0,44378.59063720703,0.00023164810043054728,0.797408984070558,A
HOBBIES_1_341,HOBBIES,HOBBIES_1,93502.0,44273.42333984375,0.00023109914643467175,0.7976400832169928,A
HOUSEHOLD_2_259,HOUSEHOLD,HOUSEHOLD_2,5709.0,44216.647216796875,0.00023080278548979325,0.7978708860024826,A
HOUSEHOLD_1_278,HOUSEHOLD,HOUSEHOLD_1,7258.0,44195.75378417969,0.0002306937256051112,0.7981015797280877,A
HOUSEHOLD_1_097,HOUSEHOLD,HOUSEHOLD_1,11048.0,44190.204345703125,0.0002306647585544885,0.7983322444866422,A
FOODS_3_502,FOODS,FOODS_3,17625.0,44132.953125,0.00023036591768701647,0.7985626104043292,A
FOODS_1_191,FOODS,FOODS_1,7481.0,44064.6279296875,0.0002300092727039643,0.7987926196770332,A
FOODS_1_069,FOODS,FOODS_1,17496.0,44039.47058105469,0.00022987795596003473,0.7990224976329933,A
HOUSEHOLD_1_218,HOUSEHOLD,HOUSEHOLD_1,22828.0,43968.8408203125,0.00022950928156828705,0.7992520069145616,A
FOODS_2_051,FOODS,FOODS_2,17563.0,43877.62756347656,0.00022903316510364174,0.7994810400796651,A
HOUSEHOLD_1_149,HOUSEHOLD,HOUSEHOLD_1,45169.0,43840.649658203125,0.00022884014722291367,0.799709880226888,A
FOODS_2_267,FOODS,FOODS_2,23257.0,43821.19317626953,0.00022873858795714467,0.7999386188148452,A
HOBBIES_1_287,HOBBIES,HOBBIES_1,7819.0,43786.10778808594,0.00022855544866838177,0.8001671742635136,B
HOUSEHOLD_2_145,HOUSEHOLD,HOUSEHOLD_2,11029.0,43704.122314453125,0.00022812749953891984,0.8003953017630525,B
HOUSEHOLD_2_166,HOUSEHOLD,HOUSEHOLD_2,4633.0,43678.75390625,0.00022799508110275902,0.8006232968441552,B
HOBBIES_1_403,HOBBIES,HOBBIES_1,3270.0,43612.655517578125,0.00022765005964179078,0.800850946903797,B
HOUSEHOLD_1_281,HOUSEHOLD,HOUSEHOLD_1,8901.0,43553.24365234375,0.00022733994060630615,0.8010782868444033,B
HOBBIES_1_407,HOBBIES,HOBBIES_1,16016.0,43518.792236328125,0.00022716011053593724,0.8013054469549392,B
HOUSEHOLD_1_262,HOUSEHOLD,HOUSEHOLD_1,44858.0,43512.11804199219,0.00022712527246610163,0.8015325722274054,B
HOUSEHOLD_2_029,HOUSEHOLD,HOUSEHOLD_2,4166.0,43507.0166015625,0.00022709864388308383,0.8017596708712884,B
FOODS_2_376,FOODS,FOODS_2,22621.0,43486.264892578125,0.00022699032376976127,0.8019866611950581,B
FOODS_3_148,FOODS,FOODS_3,41963.0,43429.68005371094,0.0002266949612932034,0.8022133561563514,B
HOBBIES_1_178,HOBBIES,HOBBIES_1,91716.0,43404.808349609375,0.0002265651355613162,0.8024399212919127,B
HOUSEHOLD_1_307,HOUSEHOLD,HOUSEHOLD_1,15052.0,43403.41259765625,0.00022655784999221697,0.8026664791419049,B
FOODS_1_062,FOODS,FOODS_1,10955.0,43373.718505859375,0.00022640285228138412,0.8028928819941863,B
FOODS_3_823,FOODS,FOODS_3,15707.0,43355.20983886719,0.00022630624043570177,0.803119188234622,B
HOUSEHOLD_1_299,HOUSEHOLD,HOUSEHOLD_1,8680.0,43334.35095214844,0.000226197360874271,0.8033453855954963,B
HOUSEHOLD_2_084,HOUSEHOLD,HOUSEHOLD_2,11131.0,43332.521728515625,0.0002261878126625383,0.8035715734081589,B
HOBBIES_1_117,HOBBIES,HOBBIES_1,3561.0,43313.8896484375,0.0002260905566231915,0.803797663964782,B
HOUSEHOLD_1_147,HOUSEHOLD,HOUSEHOLD_1,38752.0,43298.447265625,0.00022600995021831755,0.8040236739150003,B
HOBBIES_1_238,HOBBIES,HOBBIES_1,7325.0,43273.30499267578,0.00022587871216669025,0.804249552627167,B
FOODS_3_588,FOODS,FOODS_3,11164.0,43254.33447265625,0.00022577968953294713,0.8044753323167,B
HOBBIES_1_370,HOBBIES,HOBBIES_1,91144.0,43198.526123046875,0.00022548838018784286,0.8047008206968879,B
FOODS_3_692,FOODS,FOODS_3,53125.0,43149.521484375,0.00022523258496547028,0.8049260532818533,B
FOODS_2_344,FOODS,FOODS_2,15886.0,43132.40637207031,0.00022514324721956377,0.8051511965290729,B
HOUSEHOLD_2_039,HOUSEHOLD,HOUSEHOLD_2,4468.0,43112.50671386719,0.0002250393746549829,0.8053762359037279,B
FOODS_3_294,FOODS,FOODS_3,17390.0,43104.95458984375,0.0002249999539532633,0.8056012358576812,B
FOODS_3_671,FOODS,FOODS_3,20876.0,43099.51953125,0.00022497158394464218,0.8058262074416258,B
FOODS_2_042,FOODS,FOODS_2,21072.0,43047.635986328125,0.0002247007613598736,0.8060509082029856,B
FOODS_3_414,FOODS,FOODS_3,8466.0,43034.75622558594,0.00022463353137201035,0.8062755417343577,B
HOUSEHOLD_1_302,HOUSEHOLD,HOUSEHOLD_1,5130.0,43016.44714355469,0.00022453796132320376,0.8065000796956808,B
HOUSEHOLD_2_461,HOUSEHOLD,HOUSEHOLD_2,4309.0,42961.56677246094,0.0002242514958556832,0.8067243311915365,B
FOODS_1_054,FOODS,FOODS_1,23008.0,42949.965087890625,0.0002241909371909325,0.8069485221287275,B
HOUSEHOLD_2_297,HOUSEHOLD,HOUSEHOLD_2,7106.0,42943.665771484375,0.00022415805591510633,0.8071726801846426,B
HOUSEHOLD_2_477,HOUSEHOLD,HOUSEHOLD_2,7270.0,42939.44519042969,0.0002241360252564037,0.807396816209899,B
HOBBIES_1_016,HOBBIES,HOBBIES_1,60799.0,42932.88513183594,0.00022410178295420043,0.8076209179928532,B
FOODS_3_638,FOODS,FOODS_3,28781.0,42918.35205078125,0.00022402592293766128,0.8078449439157909,B
FOODS_1_090,FOODS,FOODS_1,12775.0,42792.88806152344,0.0002233710239341845,0.8080683149397251,B
FOODS_2_321,FOODS,FOODS_2,14506.0,42784.47668457031,0.00022332711808982985,0.8082916420578149,B
HOBBIES_1_163,HOBBIES,HOBBIES_1,4584.0,42721.418518066406,0.0002229979660307508,0.8085146400238457,B
HOBBIES_1_058,HOBBIES,HOBBIES_1,5131.0,42720.651123046875,0.0002229939603695524,0.8087376339842152,B
FOODS_2_305,FOODS,FOODS_2,4920.0,42720.63854980469,0.00022299389473953517,0.8089606278789547,B
FOODS_2_134,FOODS,FOODS_2,14353.0,42681.305603027344,0.00022278858397426564,0.809183416462929,B
HOBBIES_1_120,HOBBIES,HOBBIES_1,4038.0,42652.006103515625,0.0002226356459627605,0.8094060521088918,B
FOODS_3_336,FOODS,FOODS_3,16734.0,42601.93359375,0.00022237427664921423,0.809628426385541,B
HOBBIES_1_005,HOBBIES,HOBBIES_1,14875.0,42577.580810546875,0.00022224715958920398,0.8098506735451302,B
FOODS_3_775,FOODS,FOODS_3,11735.0,42486.10485839844,0.00022176967190322742,0.8100724432170334,B
HOUSEHOLD_1_008,HOUSEHOLD,HOUSEHOLD_1,7834.0,42469.553955078125,0.00022168327922469686,0.8102941264962581,B
FOODS_2_263,FOODS,FOODS_2,7198.0,42403.69714355469,0.00022133951875211828,0.8105154660150102,B
FOODS_3_497,FOODS,FOODS_3,17140.0,42390.74084472656,0.00022127188924948984,0.8107367379042597,B
FOODS_3_490,FOODS,FOODS_3,12166.0,42371.52136230469,0.00022117156707768674,0.8109579094713374,B
HOBBIES_1_278,HOBBIES,HOBBIES_1,76015.0,42369.073486328125,0.00022115878961423153,0.8111790682609517,B
HOUSEHOLD_2_071,HOUSEHOLD,HOUSEHOLD_2,6598.0,42355.0771484375,0.00022108573129852582,0.8114001539922502,B
FOODS_2_314,FOODS,FOODS_2,8680.0,42321.67419433594,0.0002209113740069739,0.8116210653662571,B
FOODS_3_673,FOODS,FOODS_3,7074.0,42302.42596435547,0.0002208109017781896,0.8118418762680353,B
HOUSEHOLD_2_183,HOUSEHOLD,HOUSEHOLD_2,8802.0,42231.25061035156,0.00022043937948972256,0.812062315647525,B
FOODS_2_004,FOODS,FOODS_2,10993.0,42221.04357910156,0.0002203861006594094,0.8122827017481844,B
FOODS_3_015,FOODS,FOODS_3,24367.0,42189.32824707031,0.00022022055244541532,0.8125029223006298,B
HOBBIES_1_008,HOBBIES,HOBBIES_1,88872.0,42162.241455078125,0.00022007916436116897,0.812723001464991,B
HOUSEHOLD_2_217,HOUSEHOLD,HOUSEHOLD_2,14716.0,42149.99365234375,0.00022001523307815327,0.8129430166980691,B
FOODS_2_003,FOODS,FOODS_2,20262.0,42103.292724609375,0.00021977146280418376,0.8131627881608733,B
HOUSEHOLD_2_384,HOUSEHOLD,HOUSEHOLD_2,7509.0,42087.57287597656,0.00021968940807863793,0.8133824775689519,B
HOUSEHOLD_1_475,HOUSEHOLD,HOUSEHOLD_1,15814.0,42028.40051269531,0.00021938053919940418,0.8136018581081513,B
HOBBIES_1_387,HOBBIES,HOBBIES_1,41341.0,42006.1201171875,0.00021926423962291653,0.8138211223477743,B
FOODS_1_215,FOODS,FOODS_1,23968.0,41964.51611328125,0.0002190470743561334,0.8140401694221304,B
HOBBIES_1_027,HOBBIES,HOBBIES_1,2096.0,41940.69323730469,0.00021892272331461708,0.814259092145445,B
FOODS_3_012,FOODS,FOODS_3,19288.0,41911.48583984375,0.0002187702660589179,0.8144778624115039,B
HOBBIES_1_360,HOBBIES,HOBBIES_1,2827.0,41876.77697753906,0.00021858909216615697,0.8146964515036701,B
FOODS_2_327,FOODS,FOODS_2,21713.0,41863.480712890625,0.00021851968810432428,0.8149149711917745,B
HOUSEHOLD_1_284,HOUSEHOLD,HOUSEHOLD_1,8448.0,41788.053466796875,0.00021812597171929615,0.8151330971634938,B
HOUSEHOLD_2_078,HOUSEHOLD,HOUSEHOLD_2,7491.0,41756.54772949219,0.00021796151755131777,0.8153510586810451,B
FOODS_2_387,FOODS,FOODS_2,3219.0,41750.40173339844,0.00021792943657939124,0.8155689881176245,B
HOBBIES_1_033,HOBBIES,HOBBIES_1,2588.0,41671.839599609375,0.00021751935665579068,0.8157865074742803,B
FOODS_3_333,FOODS,FOODS_3,21041.0,41661.0244140625,0.0002174629033716335,0.8160039703776519,B
FOODS_3_581,FOODS,FOODS_3,13642.0,41649.73229980469,0.0002174039606071133,0.816221374338259,B
HOBBIES_1_184,HOBBIES,HOBBIES_1,3383.0,41634.6376953125,0.00021732516954126016,0.8164386995078002,B
FOODS_1_063,FOODS,FOODS_1,18881.0,41623.159912109375,0.00021726525761891244,0.8166559647654191,B
HOUSEHOLD_2_011,HOUSEHOLD,HOUSEHOLD_2,7397.0,41620.644775390625,0.00021725212906672419,0.8168732168944859,B
HOUSEHOLD_1_153,HOUSEHOLD,HOUSEHOLD_1,21117.0,41600.313720703125,0.0002171460046916486,0.8170903628991776,B
FOODS_2_044,FOODS,FOODS_2,16710.0,41566.142822265625,0.00021696763887156745,0.8173073305380492,B
HOUSEHOLD_2_219,HOUSEHOLD,HOUSEHOLD_2,13453.0,41538.196044921875,0.00021682176182157822,0.8175241522998707,B
FOODS_3_645,FOODS,FOODS_3,17943.0,41493.216064453125,0.00021658697457657155,0.8177407392744473,B
HOUSEHOLD_2_136,HOUSEHOLD,HOUSEHOLD_2,8548.0,41492.680908203125,0.00021658418115913836,0.8179573234556065,B
FOODS_3_504,FOODS,FOODS_3,31401.0,41442.83807373047,0.00021632401070848,0.8181736474663149,B
FOODS_2_182,FOODS,FOODS_2,20952.0,41409.404296875,0.0002161494925278081,0.8183897969588427,B
HOUSEHOLD_1_446,HOUSEHOLD,HOUSEHOLD_1,10567.0,41355.72741699219,0.00021586930906358903,0.8186056662679063,B
FOODS_1_092,FOODS,FOODS_1,22529.0,41306.620849609375,0.00021561298179204752,0.8188212792496984,B
HOUSEHOLD_1_232,HOUSEHOLD,HOUSEHOLD_1,10203.0,41262.094482421875,0.00021538056232513886,0.8190366598120236,B
FOODS_3_187,FOODS,FOODS_3,16703.0,41210.8984375,0.00021511332836422604,0.8192517731403878,B
HOUSEHOLD_2_423,HOUSEHOLD,HOUSEHOLD_2,11571.0,41191.34460449219,0.00021501126094371182,0.8194667844013315,B
FOODS_3_494,FOODS,FOODS_3,13811.0,41114.82189941406,0.00021461182646378282,0.8196813962277952,B
FOODS_2_025,FOODS,FOODS_2,10876.0,41080.80651855469,0.0002144342724169247,0.8198958305002122,B
FOODS_3_752,FOODS,FOODS_3,204803.0,41066.60168457031,0.00021436012578986502,0.8201101906260021,B
FOODS_2_151,FOODS,FOODS_2,21659.0,40996.05017089844,0.0002139918598334674,0.8203241824858356,B
HOUSEHOLD_1_323,HOUSEHOLD,HOUSEHOLD_1,8686.0,40951.875244140625,0.00021376127482111853,0.8205379437606567,B
FOODS_2_288,FOODS,FOODS_2,14925.0,40849.35998535156,0.00021322616397999772,0.8207511699246367,B
FOODS_1_130,FOODS,FOODS_1,23371.0,40817.210693359375,0.00021305835057463163,0.8209642282752113,B
HOUSEHOLD_1_346,HOUSEHOLD,HOUSEHOLD_1,10153.0,40780.703857421875,0.00021286779158940415,0.8211770960668007,B
FOODS_3_102,FOODS,FOODS_3,20741.0,40693.43395996094,0.00021241225873715883,0.8213895083255378,B
FOODS_3_766,FOODS,FOODS_3,14510.0,40686.07421875,0.0002123738422384216,0.8216018821677762,B
HOUSEHOLD_1_394,HOUSEHOLD,HOUSEHOLD_1,8342.0,40683.65490722656,0.00021236121387617065,0.8218142433816523,B
HOUSEHOLD_2_301,HOUSEHOLD,HOUSEHOLD_2,20565.0,40562.16394042969,0.00021172705332095978,0.8220259704349733,B
HOUSEHOLD_2_486,HOUSEHOLD,HOUSEHOLD_2,6879.0,40493.66125488281,0.0002113694818714505,0.8222373399168448,B
HOBBIES_1_378,HOBBIES,HOBBIES_1,12479.0,40430.4794921875,0.00021103968466293005,0.8224483796015077,B
HOBBIES_1_128,HOBBIES,HOBBIES_1,4763.0,40383.735595703125,0.00021079569009996955,0.8226591752916077,B
FOODS_3_006,FOODS,FOODS_3,5123.0,40369.10314941406,0.0002107193114151388,0.8228698946030228,B
FOODS_3_215,FOODS,FOODS_3,38874.0,40342.42755126953,0.00021058006968733032,0.8230804746727102,B
FOODS_2_045,FOODS,FOODS_2,5787.0,40305.7998046875,0.00021038887957072338,0.8232908635522809,B
FOODS_3_328,FOODS,FOODS_3,10685.0,40304.66046142578,0.00021038293240794678,0.8235012464846888,B
HOUSEHOLD_2_444,HOUSEHOLD,HOUSEHOLD_2,6282.0,40287.53369140625,0.00021029353381090776,0.8237115400184997,B
FOODS_2_340,FOODS,FOODS_2,13603.0,40246.098388671875,0.0002100772491332881,0.8239216172676329,B
FOODS_3_045,FOODS,FOODS_3,10108.0,40219.783447265625,0.00020993988996747927,0.8241315571576003,B
FOODS_3_331,FOODS,FOODS_3,26767.0,40219.52099609375,0.0002099385200205173,0.8243414956776208,B
HOUSEHOLD_1_315,HOUSEHOLD,HOUSEHOLD_1,4240.0,40192.65710449219,0.00020979829543541168,0.8245512939730563,B
FOODS_2_055,FOODS,FOODS_2,16118.0,40146.703369140625,0.00020955842536858371,0.8247608523984249,B
HOUSEHOLD_1_503,HOUSEHOLD,HOUSEHOLD_1,40613.0,40109.695556640625,0.00020936525137762045,0.8249702176498025,B
FOODS_3_073,FOODS,FOODS_3,13559.0,40056.5107421875,0.00020908763640465895,0.8251793052862072,B
FOODS_1_003,FOODS,FOODS_1,13578.0,39995.547119140625,0.00020876941747811347,0.8253880747036854,B
HOUSEHOLD_2_353,HOUSEHOLD,HOUSEHOLD_2,8533.0,39948.60888671875,0.0002085244085172165,0.8255965991122026,B
HOUSEHOLD_1_085,HOUSEHOLD,HOUSEHOLD_1,2420.0,39928.25646972656,0.00020841817263483005,0.8258050172848375,B
HOUSEHOLD_2_467,HOUSEHOLD,HOUSEHOLD_2,10056.0,39919.26452636719,0.00020837123634035855,0.8260133885211778,B
FOODS_3_277,FOODS,FOODS_3,20769.0,39868.541015625,0.00020810646892116194,0.8262214949900989,B
FOODS_3_387,FOODS,FOODS_3,15186.0,39845.34716796875,0.00020798540129206194,0.826429480391391,B
HOUSEHOLD_2_131,HOUSEHOLD,HOUSEHOLD_2,3274.0,39812.77453613281,0.00020781537813038695,0.8266372957695214,B
HOUSEHOLD_1_183,HOUSEHOLD,HOUSEHOLD_1,8244.0,39809.3600769043,0.00020779755527970767,0.826845093324801,B
FOODS_3_609,FOODS,FOODS_3,13361.0,39775.67138671875,0.00020762170649822492,0.8270527150312993,B
FOODS_1_034,FOODS,FOODS_1,6492.0,39712.01904296875,0.0002072894529429424,0.8272600044842422,B
FOODS_2_053,FOODS,FOODS_2,5591.0,39694.49523925781,0.00020719798190288298,0.827467202466145,B
HOBBIES_1_381,HOBBIES,HOBBIES_1,56159.0,39678.52819824219,0.00020711463687845435,0.8276743171030235,B
HOBBIES_1_339,HOBBIES,HOBBIES_1,4971.0,39668.53039550781,0.00020706245018260296,0.8278813795532062,B
HOUSEHOLD_1_532,HOUSEHOLD,HOUSEHOLD_1,15982.0,39632.196533203125,0.00020687279408800112,0.8280882523472942,B
FOODS_3_677,FOODS,FOODS_3,10088.0,39613.77307128906,0.00020677662699719295,0.8282950289742914,B
FOODS_1_214,FOODS,FOODS_1,13391.0,39582.84436035156,0.00020661518480097704,0.8285016441590924,B
HOBBIES_1_135,HOBBIES,HOBBIES_1,2021.0,39552.53088378906,0.0002064569540153139,0.8287081011131078,B
FOODS_1_015,FOODS,FOODS_1,12746.0,39542.31005859375,0.00020640360318313711,0.8289145047162909,B
FOODS_3_666,FOODS,FOODS_3,15508.0,39411.07177734375,0.00020571856343494277,0.8291202232797259,B
FOODS_1_028,FOODS,FOODS_1,14601.0,39328.56262207031,0.0002052878807834032,0.8293255111605093,B
HOUSEHOLD_2_452,HOUSEHOLD,HOUSEHOLD_2,6378.0,39286.16076660156,0.00020506655087785565,0.8295305777113872,B
HOUSEHOLD_1_047,HOUSEHOLD,HOUSEHOLD_1,10070.0,39213.06005859375,0.00020468497859475705,0.8297352626899819,B
HOUSEHOLD_1_309,HOUSEHOLD,HOUSEHOLD_1,5806.0,39192.73620605469,0.00020457889181357483,0.8299398415817955,B
FOODS_3_191,FOODS,FOODS_3,39172.0,39172.0,0.00020447065262270073,0.8301443122344182,B
HOUSEHOLD_2_155,HOUSEHOLD,HOUSEHOLD_2,5973.0,39167.42041015625,0.00020444674800399105,0.8303487589824222,B
FOODS_2_272,FOODS,FOODS_2,20725.0,39160.90802001953,0.00020441275452238712,0.8305531717369447,B
HOUSEHOLD_1_452,HOUSEHOLD,HOUSEHOLD_1,11744.0,39155.726806640625,0.0002043857095392113,0.8307575574464838,B
FOODS_2_117,FOODS,FOODS_2,6442.0,39126.43260192871,0.00020423279916558965,0.8309617902456494,B
FOODS_1_065,FOODS,FOODS_1,11775.0,39116.89611816406,0.00020418302047011628,0.8311659732661195,B
HOUSEHOLD_2_025,HOUSEHOLD,HOUSEHOLD_2,7197.0,39083.09375,0.00020400657831044357,0.83136997984443,B
HOUSEHOLD_2_090,HOUSEHOLD,HOUSEHOLD_2,6547.0,39051.66784667969,0.0002038425408612155,0.8315738223852912,B
HOBBIES_1_270,HOBBIES,HOBBIES_1,8054.0,38995.167236328125,0.00020354761804205476,0.8317773700033333,B
FOODS_2_199,FOODS,FOODS_2,41399.0,38985.8544921875,0.00020349900722636645,0.8319808690105597,B
HOBBIES_1_311,HOBBIES,HOBBIES_1,2359.0,38952.64501953125,0.0002033256598724586,0.8321841946704321,B
HOUSEHOLD_1_211,HOUSEHOLD,HOUSEHOLD_1,10034.0,38854.365966796875,0.00020281266124967348,0.8323870073316818,B
FOODS_3_742,FOODS,FOODS_3,33558.0,38847.13073730469,0.0002027748946792624,0.832589782226361,B
FOODS_3_711,FOODS,FOODS_3,193404.0,38783.14904785156,0.00020244092199983875,0.8327922231483609,B
FOODS_1_197,FOODS,FOODS_1,8169.0,38686.502197265625,0.0002019364431727879,0.8329941595915337,B
HOUSEHOLD_2_124,HOUSEHOLD,HOUSEHOLD_2,7480.0,38674.430419921875,0.00020187343071001367,0.8331960330222437,B
FOODS_2_032,FOODS,FOODS_2,19085.0,38668.44512939453,0.00020184218859165714,0.8333978752108353,B
FOODS_1_124,FOODS,FOODS_1,18164.0,38661.02197265625,0.0002018034410755028,0.8335996786519108,B
FOODS_1_072,FOODS,FOODS_1,7891.0,38658.04571533203,0.00020178790555836157,0.8338014665574691,B
FOODS_1_025,FOODS,FOODS_1,9503.0,38645.655517578125,0.00020172323099947091,0.8340031897884685,B
HOBBIES_1_014,HOBBIES,HOBBIES_1,38132.0,38627.2109375,0.00020162695367572113,0.8342048167421443,B
HOUSEHOLD_1_061,HOUSEHOLD,HOUSEHOLD_1,20577.0,38591.702392578125,0.00020144160558642629,0.8344062583477307,B
FOODS_1_133,FOODS,FOODS_1,12615.0,38572.76745605469,0.00020134276869200382,0.8346076011164227,B
HOUSEHOLD_1_374,HOUSEHOLD,HOUSEHOLD_1,9837.0,38538.59899902344,0.00020116441561561532,0.8348087655320383,B
HOUSEHOLD_2_495,HOUSEHOLD,HOUSEHOLD_2,6868.0,38536.87609863281,0.00020115542239169837,0.83500992095443,B
HOUSEHOLD_1_226,HOUSEHOLD,HOUSEHOLD_1,13006.0,38513.45654296875,0.00020103317660821106,0.8352109541310383,B
HOUSEHOLD_2_163,HOUSEHOLD,HOUSEHOLD_2,4818.0,38506.72912597656,0.00020099806072587526,0.8354119521917641,B
HOUSEHOLD_2_119,HOUSEHOLD,HOUSEHOLD_2,6592.0,38497.29541015625,0.00020094881846021518,0.8356129010102243,B
HOUSEHOLD_1_451,HOUSEHOLD,HOUSEHOLD_1,5529.0,38478.89599609375,0.00020085277689477983,0.8358137537871191,B
HOUSEHOLD_2_491,HOUSEHOLD,HOUSEHOLD_2,5510.0,38395.60241699219,0.00020041799969478552,0.8360141717868139,B
FOODS_2_136,FOODS,FOODS_2,12512.0,38385.06507873535,0.0002003629967225022,0.8362145347835365,B
FOODS_1_010,FOODS,FOODS_1,6239.0,38315.37414550781,0.00019999922283812254,0.8364145340063746,B
FOODS_1_185,FOODS,FOODS_1,18048.0,38236.867431640625,0.00019958943219634557,0.8366141234385709,B
HOBBIES_1_347,HOBBIES,HOBBIES_1,3868.0,38210.81280517578,0.00019945343182676764,0.8368135768703977,B
HOUSEHOLD_2_390,HOUSEHOLD,HOUSEHOLD_2,6497.0,38205.99108886719,0.00019942826335233744,0.83701300513375,B
HOBBIES_1_187,HOBBIES,HOBBIES_1,5480.0,38203.126708984375,0.0001994133118149128,0.8372124184455649,B
FOODS_3_394,FOODS,FOODS_3,13615.0,38195.6025390625,0.00019937403702847427,0.8374117924825935,B
FOODS_2_191,FOODS,FOODS_2,4284.0,38168.265197753906,0.0001992313411227677,0.8376110238237162,B
FOODS_2_137,FOODS,FOODS_2,15370.0,38133.1318359375,0.00019904795142044386,0.8378100717751367,B
HOUSEHOLD_1_158,HOUSEHOLD,HOUSEHOLD_1,10790.0,38121.3740234375,0.00019898657779654692,0.8380090583529333,B
FOODS_2_248,FOODS,FOODS_2,6462.0,38097.73358154297,0.00019886317902746535,0.8382079215319608,B
FOODS_3_082,FOODS,FOODS_3,19290.0,38095.833251953125,0.00019885325965568362,0.8384067747916164,B
HOBBIES_2_009,HOBBIES,HOBBIES_2,7379.0,38083.017333984375,0.00019878636291538368,0.8386055611545318,B
HOBBIES_1_309,HOBBIES,HOBBIES_1,7443.0,38072.29675292969,0.00019873040344931746,0.8388042915579811,B
FOODS_2_365,FOODS,FOODS_2,3525.0,38063.09606933594,0.0001986823775691227,0.8390029739355502,B
HOUSEHOLD_2_082,HOUSEHOLD,HOUSEHOLD_2,8058.0,38020.401123046875,0.00019845951778327015,0.8392014334533335,B
FOODS_3_724,FOODS,FOODS_3,5887.0,38004.25537109375,0.0001983752399205381,0.839399808693254,B
FOODS_2_048,FOODS,FOODS_2,4768.0,37986.07556152344,0.00019828034465025834,0.8395980890379043,B
HOBBIES_1_256,HOBBIES,HOBBIES_1,80107.0,37966.39318847656,0.00019817760627432508,0.8397962666441786,B
FOODS_3_071,FOODS,FOODS_3,28305.0,37928.043701171875,0.00019797742898705522,0.8399942440731657,B
HOUSEHOLD_2_209,HOUSEHOLD,HOUSEHOLD_2,4542.0,37898.59851074219,0.00019782373049569,0.8401920678036614,B
FOODS_2_037,FOODS,FOODS_2,5241.0,37893.47900390625,0.00019779700760934644,0.8403898648112708,B
FOODS_1_209,FOODS,FOODS_1,16141.0,37892.38537597656,0.00019779129907221508,0.840587656110343,B
HOUSEHOLD_2_139,HOUSEHOLD,HOUSEHOLD_2,6488.0,37889.91735839844,0.00019777841647329535,0.8407854345268163,B
HOUSEHOLD_2_289,HOUSEHOLD,HOUSEHOLD_2,6439.0,37883.307189941406,0.0001977439126068,0.8409831784394232,B
HOUSEHOLD_2_325,HOUSEHOLD,HOUSEHOLD_2,10093.0,37872.50634765625,0.00019768753419183727,0.841180865973615,B
HOUSEHOLD_2_143,HOUSEHOLD,HOUSEHOLD_2,5842.0,37736.520751953125,0.00019697771433324683,0.8413778436879482,B
HOUSEHOLD_1_070,HOUSEHOLD,HOUSEHOLD_1,10352.0,37640.9208984375,0.00019647870063879734,0.841574322388587,B
FOODS_3_509,FOODS,FOODS_3,19039.0,37631.4580078125,0.0001964293060860099,0.841770751694673,B
HOUSEHOLD_1_420,HOUSEHOLD,HOUSEHOLD_1,5830.0,37519.80505371094,0.0001958464981519652,0.8419665981928249,B
FOODS_2_138,FOODS,FOODS_2,20064.0,37504.433837890625,0.00019576626322573257,0.8421623644560506,B
FOODS_3_007,FOODS,FOODS_3,187600.0,37470.767150878906,0.00019559052929678,0.8423579549853474,B
FOODS_3_089,FOODS,FOODS_3,37465.0,37462.5400390625,0.00019554758528262956,0.84255350257063,B
HOUSEHOLD_1_432,HOUSEHOLD,HOUSEHOLD_1,9464.0,37456.08807373047,0.00019551390720741924,0.8427490164778374,B
HOUSEHOLD_2_052,HOUSEHOLD,HOUSEHOLD_2,7351.0,37407.01513671875,0.00019525775548024423,0.8429442742333176,B
HOUSEHOLD_2_001,HOUSEHOLD,HOUSEHOLD_2,5680.0,37370.156982421875,0.0001950653626776416,0.8431393395959953,B
FOODS_2_020,FOODS,FOODS_2,15281.0,37357.54345703125,0.00019499952238946397,0.8433343391183847,B
FOODS_3_360,FOODS,FOODS_3,16496.0,37277.447265625,0.00019458143496657444,0.8435289205533513,B
HOUSEHOLD_1_424,HOUSEHOLD,HOUSEHOLD_1,12818.0,37243.640869140625,0.00019440497177980885,0.8437233255251311,B
HOBBIES_2_131,HOBBIES,HOBBIES_2,6180.0,37228.96893310547,0.00019432838696574914,0.8439176539120968,B
HOUSEHOLD_2_426,HOUSEHOLD,HOUSEHOLD_2,8278.0,37205.62805175781,0.00019420655184775813,0.8441118604639446,B
FOODS_3_508,FOODS,FOODS_3,37186.0,37186.0,0.00019410409701898674,0.8443059645609636,B
HOUSEHOLD_1_407,HOUSEHOLD,HOUSEHOLD_1,7227.0,37165.855895996094,0.00019399894849217735,0.8444999635094558,B
FOODS_3_048,FOODS,FOODS_3,24702.0,37085.339599609375,0.00019357866819837168,0.8446935421776541,B
FOODS_3_306,FOODS,FOODS_3,23811.0,37079.69079589844,0.00019354918247945733,0.8448870913601336,B
HOBBIES_1_067,HOBBIES,HOBBIES_1,66519.0,37021.127868652344,0.00019324349474450625,0.8450803348548781,B
HOBBIES_2_033,HOBBIES,HOBBIES_2,13261.0,36987.532287597656,0.00019306813197560266,0.8452734029868537,B
HOUSEHOLD_1_034,HOUSEHOLD,HOUSEHOLD_1,9348.0,36882.98986816406,0.00019252243972786595,0.8454659254265816,B
HOUSEHOLD_1_335,HOUSEHOLD,HOUSEHOLD_1,4119.0,36858.21484375,0.00019239311864620846,0.8456583185452278,B
HOUSEHOLD_1_471,HOUSEHOLD,HOUSEHOLD_1,14797.0,36813.57421875,0.00019216010277448286,0.8458504786480022,B
FOODS_2_146,FOODS,FOODS_2,19192.0,36807.318359375,0.0001921274483363862,0.8460426060963386,B
FOODS_3_817,FOODS,FOODS_3,13131.0,36793.698974609375,0.00019205635764682868,0.8462346624539855,B
FOODS_2_169,FOODS,FOODS_2,6340.0,36757.772705078125,0.00019186882911171804,0.8464265312830972,B
HOBBIES_1_083,HOBBIES,HOBBIES_1,2198.0,36705.197265625,0.0001915943949644469,0.8466181256780616,B
HOBBIES_1_048,HOBBIES,HOBBIES_1,77994.0,36700.228271484375,0.0001915684577267564,0.8468096941357883,B
HOUSEHOLD_2_242,HOUSEHOLD,HOUSEHOLD_2,2785.0,36656.339599609375,0.00019133936691237305,0.8470010335027007,B
FOODS_3_754,FOODS,FOODS_3,6046.0,36609.625,0.0001910955252737246,0.8471921290279745,B
HOUSEHOLD_1_529,HOUSEHOLD,HOUSEHOLD_1,12301.0,36492.14807128906,0.0001904823172608165,0.8473826113452353,B
HOUSEHOLD_1_524,HOUSEHOLD,HOUSEHOLD_1,9170.0,36394.04931640625,0.00018997025975973504,0.847572581604995,B
FOODS_2_345,FOODS,FOODS_2,4505.0,36385.36779785156,0.0001899249438257865,0.8477625065488208,B
FOODS_3_719,FOODS,FOODS_3,15471.0,36378.730712890625,0.00018989029946007947,0.8479523968482808,B
FOODS_1_013,FOODS,FOODS_1,24797.0,36356.12780761719,0.00018977231644179017,0.8481421691647226,B
HOUSEHOLD_2_062,HOUSEHOLD,HOUSEHOLD_2,12464.0,36347.47912597656,0.000189727171910508,0.8483318963366331,B
HOUSEHOLD_2_275,HOUSEHOLD,HOUSEHOLD_2,7041.0,36329.2099609375,0.00018963181022107654,0.8485215281468541,B
FOODS_3_335,FOODS,FOODS_3,16755.0,36319.58544921875,0.00018958157203583434,0.84871110971889,B
FOODS_1_175,FOODS,FOODS_1,12226.0,36309.0234375,0.000189526440272607,0.8489006361591626,B
FOODS_3_547,FOODS,FOODS_3,181908.0,36228.25573730469,0.0001891048476970487,0.8490897410068596,B
HOUSEHOLD_2_320,HOUSEHOLD,HOUSEHOLD_2,4220.0,36193.55505371094,0.0001889237164956582,0.8492786647233553,B
FOODS_3_158,FOODS,FOODS_3,5972.0,36146.293701171875,0.0001886770209070364,0.8494673417442624,B
FOODS_1_182,FOODS,FOODS_1,18004.0,36137.678466796875,0.00018863205096434382,0.8496559737952267,B
FOODS_2_157,FOODS,FOODS_2,9494.0,36102.686279296875,0.0001884493981660486,0.8498444231933928,B
FOODS_1_164,FOODS,FOODS_1,6058.0,36057.887451171875,0.000188215556503038,0.8500326387498959,B
HOUSEHOLD_2_226,HOUSEHOLD,HOUSEHOLD_2,5174.0,36040.89599609375,0.0001881268642251652,0.8502207656141211,B
FOODS_2_250,FOODS,FOODS_2,3284.0,36025.46936035156,0.000188046340017109,0.8504088119541382,B
FOODS_3_013,FOODS,FOODS_3,14213.0,36024.675048828125,0.00018804219385669892,0.8505968541479949,B
FOODS_1_200,FOODS,FOODS_1,37177.0,36021.66259765625,0.00018802646941431386,0.8507848806174092,B
HOUSEHOLD_1_001,HOUSEHOLD,HOUSEHOLD_1,5887.0,36020.74841308594,0.00018802169753859372,0.8509729023149478,B
FOODS_3_557,FOODS,FOODS_3,14554.0,36019.35046386719,0.00018801440050017108,0.851160916715448,B
FOODS_3_025,FOODS,FOODS_3,12585.0,35985.07458496094,0.00018783548670130512,0.8513487522021493,B
HOUSEHOLD_2_055,HOUSEHOLD,HOUSEHOLD_2,4012.0,35979.603515625,0.00018780692872321712,0.8515365591308726,B
FOODS_2_378,FOODS,FOODS_2,10637.0,35976.39440917969,0.00018779017777638754,0.8517243493086489,B
FOODS_1_075,FOODS,FOODS_1,10818.0,35967.0595703125,0.00018774145163028057,0.8519120907602792,B
HOBBIES_1_032,HOBBIES,HOBBIES_1,64483.0,35959.18359375,0.00018770034047772835,0.852099791100757,B
HOBBIES_1_043,HOBBIES,HOBBIES_1,50848.0,35943.90686035156,0.00018762059873240206,0.8522874116994894,B
HOBBIES_1_404,HOBBIES,HOBBIES_1,76126.0,35939.78942871094,0.00018759910649471473,0.8524750108059841,B
HOUSEHOLD_2_511,HOUSEHOLD,HOUSEHOLD_2,12602.0,35917.54089355469,0.00018748297322341643,0.8526624937792076,B
HOBBIES_1_209,HOBBIES,HOBBIES_1,50785.0,35878.63442993164,0.00018727988862196013,0.8528497736678295,B
FOODS_3_155,FOODS,FOODS_3,18283.0,35869.986572265625,0.00018723474839167425,0.8530370084162212,B
FOODS_3_322,FOODS,FOODS_3,14316.0,35855.016662597656,0.00018715660820992422,0.8532241650244311,B
HOUSEHOLD_2_505,HOUSEHOLD,HOUSEHOLD_2,7248.0,35850.07800292969,0.00018713082931261514,0.8534112958537438,B
HOBBIES_1_243,HOBBIES,HOBBIES_1,2581.0,35822.271057128906,0.00018698568215762357,0.8535982815359013,B
HOUSEHOLD_1_269,HOUSEHOLD,HOUSEHOLD_1,12113.0,35821.51171875,0.000186981718550611,0.8537852632544519,B
FOODS_3_566,FOODS,FOODS_3,35768.0,35759.9599609375,0.00018666042966850144,0.8539719236841204,B
FOODS_3_162,FOODS,FOODS_3,18119.0,35730.968994140625,0.00018650910214115742,0.8541584327862616,B
HOUSEHOLD_1_101,HOUSEHOLD,HOUSEHOLD_1,15083.0,35680.46594238281,0.00018624548547740887,0.854344678271739,B
FOODS_1_153,FOODS,FOODS_1,18967.0,35627.13171386719,0.000185967090590456,0.8545306453623295,B
HOUSEHOLD_2_328,HOUSEHOLD,HOUSEHOLD_2,5001.0,35622.72351074219,0.0001859440805789717,0.8547165894429084,B
HOUSEHOLD_2_273,HOUSEHOLD,HOUSEHOLD_2,6754.0,35576.833740234375,0.00018570454439689168,0.8549022939873053,B
HOBBIES_1_281,HOBBIES,HOBBIES_1,8493.0,35549.203369140625,0.00018556031892947246,0.8550878543062348,B
HOUSEHOLD_2_045,HOUSEHOLD,HOUSEHOLD_2,4256.0,35541.29357910156,0.00018551903127677675,0.8552733733375115,B
HOBBIES_1_282,HOBBIES,HOBBIES_1,8513.0,35528.91668701172,0.00018545442617101112,0.8554588277636825,B
FOODS_3_483,FOODS,FOODS_3,11971.0,35510.87268066406,0.00018536023976863613,0.8556441880034512,B
FOODS_3_625,FOODS,FOODS_3,11867.0,35484.40853881836,0.00018522210180390902,0.8558294101052552,B
HOBBIES_1_197,HOBBIES,HOBBIES_1,2774.0,35477.52850341797,0.0001851861892814852,0.8560145962945367,B
HOBBIES_1_049,HOBBIES,HOBBIES_1,4449.0,35474.42712402344,0.00018517000065009466,0.8561997662951868,B
HOUSEHOLD_2_269,HOUSEHOLD,HOUSEHOLD_2,3433.0,35301.66125488281,0.00018426819451269777,0.8563840344896995,B
HOBBIES_1_001,HOBBIES,HOBBIES_1,4263.0,35281.910583496094,0.00018416509963196207,0.8565681995893314,B
HOBBIES_1_116,HOBBIES,HOBBIES_1,5453.0,35280.906188964844,0.00018415985687679777,0.8567523594462082,B
HOBBIES_1_010,HOBBIES,HOBBIES_1,11850.0,35240.3544921875,0.0001839481844601476,0.8569363076306683,B
HOUSEHOLD_1_185,HOUSEHOLD,HOUSEHOLD_1,12310.0,35217.553466796875,0.00018382916729119814,0.8571201367979595,B
FOODS_2_383,FOODS,FOODS_2,18334.0,35198.49523925781,0.00018372968684029586,0.8573038664847998,B
FOODS_3_821,FOODS,FOODS_3,7068.0,35194.37829589844,0.00018370819715134707,0.8574875746819511,B
HOUSEHOLD_2_344,HOUSEHOLD,HOUSEHOLD_2,5981.0,35193.34436035156,0.0001837028001975015,0.8576712774821487,B
FOODS_3_489,FOODS,FOODS_3,18430.0,35159.15087890625,0.0001835243164982631,0.8578548017986469,B
FOODS_2_338,FOODS,FOODS_2,11858.0,35079.022216796875,0.00018310605958426107,0.8580379078582312,B
FOODS_3_584,FOODS,FOODS_3,35054.0,35054.0,0.0001829754482037208,0.8582208833064349,B
HOUSEHOLD_2_088,HOUSEHOLD,HOUSEHOLD_2,5026.0,35024.430419921875,0.00018282110042121407,0.8584037044068561,B
HOBBIES_1_350,HOBBIES,HOBBIES_1,11697.0,35002.06115722656,0.00018270433697431326,0.8585864087438304,B
HOUSEHOLD_1_204,HOUSEHOLD,HOUSEHOLD_1,18573.0,34933.83172607422,0.00018234819186260603,0.858768756935693,B
FOODS_3_317,FOODS,FOODS_3,33861.0,34927.373596191406,0.00018231448160957168,0.8589510714173025,B
FOODS_3_604,FOODS,FOODS_3,13943.0,34923.777587890625,0.0001822957111060463,0.8591333671284086,B
HOUSEHOLD_2_208,HOUSEHOLD,HOUSEHOLD_2,2695.0,34871.58233642578,0.0001820232614703161,0.8593153903898789,B
HOUSEHOLD_2_500,HOUSEHOLD,HOUSEHOLD_2,5965.0,34826.9267578125,0.0001817901675434729,0.8594971805574224,B
FOODS_1_093,FOODS,FOODS_1,5897.0,34816.80529785156,0.0001817373353795878,0.859678917892802,B
FOODS_3_560,FOODS,FOODS_3,12174.0,34792.61730957031,0.00018161107851883272,0.8598605289713209,B
HOUSEHOLD_1_220,HOUSEHOLD,HOUSEHOLD_1,18410.0,34783.27087402344,0.00018156229184018558,0.8600420912631611,B
FOODS_2_389,FOODS,FOODS_2,2775.0,34779.87487792969,0.00018154456536368215,0.8602236358285248,B
HOUSEHOLD_2_385,HOUSEHOLD,HOUSEHOLD_2,4858.0,34744.13134765625,0.00018135799069396783,0.8604049938192188,B
HOBBIES_1_388,HOBBIES,HOBBIES_1,12131.0,34744.11657714844,0.0001813579135946272,0.8605863517328134,B
HOBBIES_1_076,HOBBIES,HOBBIES_1,10683.0,34716.54296875,0.0001812139844180625,0.8607675657172315,B
FOODS_2_279,FOODS,FOODS_2,13787.0,34683.423828125,0.00018104110858078342,0.8609486068258122,B
HOBBIES_1_295,HOBBIES,HOBBIES_1,73186.0,34641.57238769531,0.00018082265174074823,0.861129429477553,B
FOODS_3_141,FOODS,FOODS_3,12411.0,34625.49719238281,0.00018073874217073432,0.8613101682197237,B
HOUSEHOLD_2_321,HOUSEHOLD,HOUSEHOLD_2,6558.0,34589.82116699219,0.00018055251986412235,0.8614907207395879,B
FOODS_3_248,FOODS,FOODS_3,17561.0,34561.277587890625,0.00018040352761846003,0.8616711242672064,B
HOUSEHOLD_1_089,HOUSEHOLD,HOUSEHOLD_1,6801.0,34534.047760009766,0.00018026139291311939,0.8618513856601195,B
FOODS_3_467,FOODS,FOODS_3,17617.0,34505.47399902344,0.00018011224312355646,0.8620314979032431,B
FOODS_3_229,FOODS,FOODS_3,9430.0,34494.2783203125,0.0001800538037348967,0.8622115517069779,B
FOODS_3_542,FOODS,FOODS_3,13818.0,34489.77960205078,0.0001800303212510067,0.862391582028229,B
HOUSEHOLD_1_484,HOUSEHOLD,HOUSEHOLD_1,3457.0,34466.25256347656,0.0001799075144264496,0.8625714895426554,B
FOODS_3_606,FOODS,FOODS_3,11997.0,34460.825927734375,0.00017987918838356822,0.862751368731039,B
HOBBIES_1_024,HOBBIES,HOBBIES_1,3881.0,34455.680419921875,0.0001798523297768977,0.8629312210608159,B
HOUSEHOLD_1_078,HOUSEHOLD,HOUSEHOLD_1,12134.0,34404.06408691406,0.0001795829019892918,0.8631108039628052,B
FOODS_3_303,FOODS,FOODS_3,11545.0,34403.928466796875,0.000179582194077164,0.8632903861568824,B
FOODS_3_182,FOODS,FOODS_3,17457.0,34311.57800292969,0.00017910014160047317,0.8634694862984829,B
FOODS_2_243,FOODS,FOODS_2,4620.0,34199.28857421875,0.00017851401138574953,0.8636480003098687,B
HOUSEHOLD_1_217,HOUSEHOLD,HOUSEHOLD_1,17992.0,34194.6044921875,0.00017848956133699356,0.8638264898712057,B
FOODS_3_173,FOODS,FOODS_3,3029.0,34193.126220703125,0.0001784818450310821,0.8640049717162368,B
HOUSEHOLD_2_346,HOUSEHOLD,HOUSEHOLD_2,10258.0,34158.8193359375,0.00017830276938731924,0.8641832744856242,B
HOUSEHOLD_2_501,HOUSEHOLD,HOUSEHOLD_2,4171.0,34146.85144042969,0.00017824029916866808,0.8643615147847928,B
HOUSEHOLD_1_178,HOUSEHOLD,HOUSEHOLD_1,7709.0,34092.42578125,0.00017795620721390725,0.8645394709920068,B
HOUSEHOLD_1_419,HOUSEHOLD,HOUSEHOLD_1,3817.0,34077.343017578125,0.00017787747795496356,0.8647173484699617,B
HOBBIES_1_246,HOBBIES,HOBBIES_1,3103.0,34062.86804199219,0.00017780192123830998,0.8648951503912,B
FOODS_2_102,FOODS,FOODS_2,3102.0,34028.92565917969,0.00017762474822786268,0.8650727751394279,B
HOBBIES_1_377,HOBBIES,HOBBIES_1,3514.0,34013.709045410156,0.00017754532029596839,0.8652503204597239,B
HOUSEHOLD_2_002,HOUSEHOLD,HOUSEHOLD_2,12729.0,34010.919921875,0.00017753076158287027,0.8654278512213068,B
FOODS_3_660,FOODS,FOODS_3,23332.0,33969.034423828125,0.00017731212696832236,0.8656051633482752,B
FOODS_1_098,FOODS,FOODS_1,6125.0,33944.510314941406,0.000177184115619679,0.8657823474638949,B
FOODS_1_142,FOODS,FOODS_1,23077.0,33942.739990234375,0.00017717487484953192,0.8659595223387445,B
FOODS_3_805,FOODS,FOODS_3,33924.0,33924.0,0.00017707705553896913,0.8661365993942834,B
FOODS_3_206,FOODS,FOODS_3,13422.0,33810.28991699219,0.000176483509769481,0.866313082904053,B
HOUSEHOLD_1_295,HOUSEHOLD,HOUSEHOLD_1,11342.0,33799.060119628906,0.0001764248922877162,0.8664895077963407,B
FOODS_3_498,FOODS,FOODS_3,168354.0,33792.33660888672,0.0001763897967952887,0.866665897593136,B
FOODS_2_069,FOODS,FOODS_2,3630.0,33782.379943847656,0.0001763378248306588,0.8668422354179666,B
HOUSEHOLD_2_122,HOUSEHOLD,HOUSEHOLD_2,4844.0,33737.75927734375,0.00017610491313862077,0.8670183403311051,B
FOODS_3_029,FOODS,FOODS_3,24795.0,33731.10754394531,0.00017607019231075772,0.867194410523416,B
HOUSEHOLD_1_210,HOUSEHOLD,HOUSEHOLD_1,7415.0,33729.188720703125,0.00017606017640550405,0.8673704706998214,B
FOODS_3_320,FOODS,FOODS_3,16786.0,33720.12353515625,0.00017601285780025246,0.8675464835576217,B
FOODS_3_365,FOODS,FOODS_3,7970.0,33693.59655761719,0.00017587439184473525,0.8677223579494664,B
HOUSEHOLD_2_488,HOUSEHOLD,HOUSEHOLD_2,6923.0,33675.02685546875,0.00017577746140673615,0.8678981354108731,B
HOUSEHOLD_2_489,HOUSEHOLD,HOUSEHOLD_2,2326.0,33635.48254394531,0.00017557104735627376,0.8680737064582295,B
FOODS_3_543,FOODS,FOODS_3,8918.0,33634.33203125,0.0001755650418911032,0.8682492715001205,B
FOODS_1_115,FOODS,FOODS_1,9616.0,33626.83642578125,0.00017552591620586893,0.8684247974163264,B
FOODS_3_759,FOODS,FOODS_3,11893.0,33597.995361328125,0.0001753753711412548,0.8686001727874676,B
HOBBIES_1_118,HOBBIES,HOBBIES_1,3028.0,33569.42028808594,0.00017522621450195706,0.8687753990019695,B
HOUSEHOLD_1_499,HOUSEHOLD,HOUSEHOLD_1,8487.0,33553.666748046875,0.0001751439839134524,0.868950542985883,B
HOUSEHOLD_2_466,HOUSEHOLD,HOUSEHOLD_2,4752.0,33548.160400390625,0.00017511524178900531,0.8691256582276721,B
HOBBIES_1_183,HOBBIES,HOBBIES_1,4215.0,33504.68359375,0.0001748883008355753,0.8693005465285076,B
HOUSEHOLD_2_255,HOUSEHOLD,HOUSEHOLD_2,3357.0,33485.41912841797,0.00017478774386123477,0.8694753342723689,B
FOODS_3_686,FOODS,FOODS_3,8997.0,33478.29650878906,0.00017475056509364808,0.8696500848374625,B
HOUSEHOLD_2_128,HOUSEHOLD,HOUSEHOLD_2,5662.0,33351.00793457031,0.00017408614209145465,0.869824170979554,B
FOODS_1_186,FOODS,FOODS_1,5578.0,33335.47120666504,0.00017400504322250714,0.8699981760227765,B
HOUSEHOLD_1_098,HOUSEHOLD,HOUSEHOLD_1,4175.0,33316.44708251953,0.00017390574078506184,0.8701720817635615,B
FOODS_1_041,FOODS,FOODS_1,14930.0,33273.349609375,0.0001736807798828804,0.8703457625434444,B
FOODS_3_005,FOODS,FOODS_3,16072.0,33262.79504394531,0.0001736256869879157,0.8705193882304323,B
FOODS_2_033,FOODS,FOODS_2,14087.0,33259.130126953125,0.00017360655679366467,0.870692994787226,B
FOODS_3_160,FOODS,FOODS_3,13168.0,33223.171630859375,0.0001734188600418108,0.8708664136472678,B
HOUSEHOLD_1_121,HOUSEHOLD,HOUSEHOLD_1,13416.0,33216.570068359375,0.00017338440109683213,0.8710397980483646,B
FOODS_2_275,FOODS,FOODS_2,14323.0,33145.10302734375,0.0001730113562556834,0.8712128094046203,B
HOUSEHOLD_2_207,HOUSEHOLD,HOUSEHOLD_2,4874.0,33128.47998046875,0.00017292458700103445,0.8713857339916213,B
HOUSEHOLD_1_495,HOUSEHOLD,HOUSEHOLD_1,9428.0,33108.96252441406,0.000172822709461541,0.8715585567010828,B
HOBBIES_1_159,HOBBIES,HOBBIES_1,10217.0,33096.669921875,0.0001727585443317648,0.8717313152454146,B
FOODS_2_041,FOODS,FOODS_2,8819.0,33085.97839355469,0.00017270273651564134,0.8719040179819302,B
HOUSEHOLD_1_060,HOUSEHOLD,HOUSEHOLD_1,1105.0,33084.885498046875,0.00017269703180161777,0.8720767150137319,B
HOUSEHOLD_1_134,HOUSEHOLD,HOUSEHOLD_1,8227.0,33073.692138671875,0.00017263860451946606,0.8722493536182513,B
HOUSEHOLD_1_192,HOUSEHOLD,HOUSEHOLD_1,9104.0,33058.41845703125,0.0001725588787037556,0.872421912496955,B
HOUSEHOLD_2_447,HOUSEHOLD,HOUSEHOLD_2,16773.0,33054.8916015625,0.00017254046916532508,0.8725944529661204,B
HOUSEHOLD_2_367,HOUSEHOLD,HOUSEHOLD_2,4643.0,33016.63732910156,0.0001723407888820693,0.8727667937550024,B
FOODS_3_649,FOODS,FOODS_3,5833.0,32938.59313964844,0.0001719334125328686,0.8729387271675353,B
HOUSEHOLD_1_533,HOUSEHOLD,HOUSEHOLD_1,6744.0,32926.466552734375,0.00017187011397419393,0.8731105972815095,B
HOUSEHOLD_1_305,HOUSEHOLD,HOUSEHOLD_1,11073.0,32894.447265625,0.0001717029791704625,0.87328230026068,B
HOUSEHOLD_2_292,HOUSEHOLD,HOUSEHOLD_2,2773.0,32887.848876953125,0.0001716685367922843,0.8734539687974723,B
HOBBIES_1_312,HOBBIES,HOBBIES_1,58877.0,32885.07702636719,0.00017165406824081183,0.8736256228657131,B
HOUSEHOLD_2_490,HOUSEHOLD,HOUSEHOLD_2,9425.0,32798.90173339844,0.00017120424902317493,0.8737968271147363,B
FOODS_2_353,FOODS,FOODS_2,11657.0,32791.651123046875,0.00017116640216750003,0.8739679935169038,B
FOODS_2_072,FOODS,FOODS_2,12117.0,32787.626708984375,0.00017114539546450342,0.8741391389123683,B
FOODS_3_186,FOODS,FOODS_3,14387.0,32783.393310546875,0.0001711232979014143,0.8743102622102696,B
HOUSEHOLD_1_298,HOUSEHOLD,HOUSEHOLD_1,8871.0,32776.91223144531,0.00017108946785766887,0.8744813516781273,B
HOUSEHOLD_2_118,HOUSEHOLD,HOUSEHOLD_2,9572.0,32734.345336914062,0.00017086727647849684,0.8746522189546059,B
HOUSEHOLD_1_396,HOUSEHOLD,HOUSEHOLD_1,8245.0,32692.061401367188,0.00017064656209330524,0.8748228655166992,B
FOODS_3_605,FOODS,FOODS_3,12466.0,32690.730712890625,0.00017063961614361566,0.8749935051328428,B
FOODS_3_781,FOODS,FOODS_3,14448.0,32605.89892578125,0.00017019680978005484,0.8751637019426228,B
HOBBIES_1_244,HOBBIES,HOBBIES_1,69024.0,32603.820678710938,0.00017018596171166982,0.8753338879043345,B
FOODS_3_768,FOODS,FOODS_3,17075.0,32585.647827148438,0.0001700911027609142,0.8755039790070954,B
HOUSEHOLD_2_376,HOUSEHOLD,HOUSEHOLD_2,8695.0,32535.097900390625,0.0001698272414182664,0.8756738062485137,B
HOBBIES_1_248,HOBBIES,HOBBIES_1,34173.0,32512.310638427734,0.00016970829609188438,0.8758435145446055,B
HOUSEHOLD_1_534,HOUSEHOLD,HOUSEHOLD_1,3260.0,32498.669189453125,0.00016963709023120436,0.8760131516348367,B
HOUSEHOLD_2_019,HOUSEHOLD,HOUSEHOLD_2,3444.0,32493.1591796875,0.00016960832899121827,0.876182759963828,B
FOODS_2_313,FOODS,FOODS_2,3590.0,32485.944946289062,0.00016957067201656416,0.8763523306358446,B
FOODS_2_258,FOODS,FOODS_2,11096.0,32467.204193115234,0.0001694728487235974,0.8765218034845682,B
HOBBIES_1_202,HOBBIES,HOBBIES_1,18909.0,32462.186157226562,0.00016944665549698042,0.8766912501400652,B
HOUSEHOLD_1_430,HOUSEHOLD,HOUSEHOLD_1,33758.0,32451.617126464844,0.00016939148709563663,0.8768606416271608,B
FOODS_2_162,FOODS,FOODS_2,11049.0,32445.478454589844,0.00016935944435478813,0.8770300010715156,B
HOUSEHOLD_1_333,HOUSEHOLD,HOUSEHOLD_1,11197.0,32411.808227539062,0.0001691836919474812,0.8771991847634631,B
HOUSEHOLD_1_206,HOUSEHOLD,HOUSEHOLD_1,6647.0,32380.065185546875,0.0001690179990925753,0.8773682027625557,B
HOBBIES_1_154,HOBBIES,HOBBIES_1,11638.0,32358.49609375,0.00016890541239094698,0.8775371081749466,B
HOUSEHOLD_2_261,HOUSEHOLD,HOUSEHOLD_2,4563.0,32358.071533203125,0.00016890319626279172,0.8777060113712094,B
HOBBIES_1_077,HOBBIES,HOBBIES_1,3301.0,32357.415161132812,0.0001688997701210175,0.8778749111413304,B
HOUSEHOLD_1_170,HOUSEHOLD,HOUSEHOLD_1,16473.0,32321.53076171875,0.00016871246014023614,0.8780436236014707,B
FOODS_1_107,FOODS,FOODS_1,5740.0,32291.610961914062,0.00016855628427501595,0.8782121798857457,B
HOUSEHOLD_2_251,HOUSEHOLD,HOUSEHOLD_2,8108.0,32179.619506835938,0.0001679717094279826,0.8783801515951737,B
FOODS_3_761,FOODS,FOODS_3,16075.0,32130.949951171875,0.00016771766327742897,0.8785478692584511,B
HOUSEHOLD_1_167,HOUSEHOLD,HOUSEHOLD_1,11344.0,32113.788208007812,0.00016762808212699245,0.8787154973405781,B
HOUSEHOLD_2_203,HOUSEHOLD,HOUSEHOLD_2,10796.0,32064.035034179688,0.0001673683796884474,0.8788828657202665,B
HOUSEHOLD_2_107,HOUSEHOLD,HOUSEHOLD_2,2676.0,32033.796508789062,0.00016721054013414918,0.8790500762604007,B
FOODS_1_195,FOODS,FOODS_1,14369.0,32033.111877441406,0.0001672069664841323,0.8792172832268847,B
FOODS_2_192,FOODS,FOODS_2,16686.0,32008.203926086426,0.000167076951548233,0.879384360178433,B
HOUSEHOLD_2_220,HOUSEHOLD,HOUSEHOLD_2,4529.0,31998.367553710938,0.00016702560748923536,0.8795513857859223,B
HOUSEHOLD_2_036,HOUSEHOLD,HOUSEHOLD_2,8054.0,31974.2529296875,0.000166899733576445,0.8797182855194987,B
HOUSEHOLD_2_497,HOUSEHOLD,HOUSEHOLD_2,5569.0,31926.550659179688,0.00016665073647692706,0.8798849362559756,B
FOODS_1_168,FOODS,FOODS_1,15133.0,31915.466552734375,0.00016659287947502232,0.8800515291354507,B
HOUSEHOLD_2_233,HOUSEHOLD,HOUSEHOLD_2,2699.0,31905.436645507812,0.00016654052519961233,0.8802180696606503,B
HOBBIES_1_277,HOBBIES,HOBBIES_1,18531.0,31901.103515625,0.00016651790705667763,0.880384587567707,B
HOBBIES_1_025,HOBBIES,HOBBIES_1,8228.0,31822.804077148438,0.00016610919835440832,0.8805506967660613,B
HOUSEHOLD_2_446,HOUSEHOLD,HOUSEHOLD_2,1259.0,31784.300048828125,0.00016590821439139245,0.8807166049804528,B
FOODS_3_618,FOODS,FOODS_3,15221.0,31777.613159179688,0.00016587331005435497,0.8808824782905071,B
FOODS_3_536,FOODS,FOODS_3,11586.0,31744.976501464844,0.0001657029526893397,0.8810481812431965,B
HOUSEHOLD_1_384,HOUSEHOLD,HOUSEHOLD_1,6558.0,31740.753540039062,0.00016568090960553675,0.8812138621528021,B
HOBBIES_1_130,HOBBIES,HOBBIES_1,12023.0,31724.509155273438,0.00016559611689762085,0.8813794582696997,B
HOUSEHOLD_1_353,HOUSEHOLD,HOUSEHOLD_1,9214.0,31692.524780273438,0.0001654291643286946,0.8815448874340284,B
HOUSEHOLD_1_406,HOUSEHOLD,HOUSEHOLD_1,6460.0,31686.755004882812,0.00016539904715980847,0.8817102864811882,B
FOODS_2_176,FOODS,FOODS_2,11931.0,31667.05029296875,0.00016529619217908726,0.8818755826733673,B
HOUSEHOLD_2_235,HOUSEHOLD,HOUSEHOLD_2,4454.0,31629.572143554688,0.00016510056311573118,0.882040683236483,B
FOODS_3_402,FOODS,FOODS_3,5657.0,31624.36474609375,0.0001650733814564515,0.8822057566179394,B
FOODS_1_139,FOODS,FOODS_1,32214.0,31569.5439453125,0.00016478722693503208,0.8823705438448745,B
HOUSEHOLD_2_030,HOUSEHOLD,HOUSEHOLD_2,8137.0,31547.949584960938,0.0001646745083361846,0.8825352183532107,B
HOBBIES_1_398,HOBBIES,HOBBIES_1,56870.0,31503.85418701172,0.00016444433844962445,0.8826996626916603,B
FOODS_2_312,FOODS,FOODS_2,6360.0,31477.763061523438,0.00016430814756184108,0.8828639708392222,B
FOODS_3_506,FOODS,FOODS_3,7908.0,31456.86083984375,0.00016419904179986545,0.8830281698810221,B
FOODS_3_129,FOODS,FOODS_3,12383.0,31449.963623046875,0.00016416303959370447,0.8831923329206157,B
HOUSEHOLD_2_232,HOUSEHOLD,HOUSEHOLD_2,6707.0,31360.671630859375,0.00016369695177800554,0.8833560298723937,B
HOUSEHOLD_2_173,HOUSEHOLD,HOUSEHOLD_2,4526.0,31313.58984375,0.00016345119348797958,0.8835194810658816,B
FOODS_3_624,FOODS,FOODS_3,12625.0,31289.52099609375,0.00016332555851942678,0.883682806624401,B
FOODS_2_372,FOODS,FOODS_2,3491.0,31275.353149414062,0.00016325160495931103,0.8838460582293604,B
FOODS_2_301,FOODS,FOODS_2,10998.0,31260.77914428711,0.00016317553132662354,0.884009233760687,B
HOUSEHOLD_1_156,HOUSEHOLD,HOUSEHOLD_1,11448.0,31252.95556640625,0.00016313469368557524,0.8841723684543725,B
FOODS_2_262,FOODS,FOODS_2,15747.0,31249.43212890625,0.00016311630198831444,0.8843354847563608,B
FOODS_1_050,FOODS,FOODS_1,5224.0,31239.451293945312,0.0001630642038611271,0.884498548960222,B
FOODS_2_077,FOODS,FOODS_2,4967.0,31198.872680664062,0.00016285239094526523,0.8846614013511672,B
HOUSEHOLD_1_450,HOUSEHOLD,HOUSEHOLD_1,9072.0,31178.443969726562,0.00016274575682248286,0.8848241471079897,B
FOODS_3_316,FOODS,FOODS_3,12446.0,31134.018432617188,0.00016251386367008145,0.8849866609716598,B
FOODS_2_009,FOODS,FOODS_2,22061.0,31106.63442993164,0.00016237092420054872,0.8851490318958604,B
FOODS_1_181,FOODS,FOODS_1,23595.0,31086.86767578125,0.00016226774537073755,0.8853112996412311,B
FOODS_2_118,FOODS,FOODS_2,10481.0,31024.966827392578,0.00016194463429987239,0.885473244275531,B
FOODS_2_218,FOODS,FOODS_2,8115.0,31019.174438476562,0.0001619143990925329,0.8856351586746235,B
HOUSEHOLD_1_230,HOUSEHOLD,HOUSEHOLD_1,9594.0,30954.690673828125,0.00016157780567271175,0.8857967364802962,B
HOUSEHOLD_1_371,HOUSEHOLD,HOUSEHOLD_1,6371.0,30929.97003173828,0.00016144876845680848,0.885958185248753,B
FOODS_3_726,FOODS,FOODS_3,12341.0,30889.068603515625,0.00016123527050618337,0.8861194205192592,B
FOODS_3_639,FOODS,FOODS_3,15625.0,30869.234008789062,0.00016113173756101214,0.8862805522568202,B
FOODS_2_264,FOODS,FOODS_2,8180.0,30863.835693359375,0.0001611035593449657,0.8864416558161652,B
HOUSEHOLD_2_047,HOUSEHOLD,HOUSEHOLD_2,9519.0,30812.512329101562,0.00016083566080048016,0.8866024914769657,B
FOODS_2_207,FOODS,FOODS_2,4179.0,30797.189575195312,0.00016075567883654703,0.8867632471558022,B
FOODS_3_325,FOODS,FOODS_3,12308.0,30791.424072265625,0.00016072558396912308,0.8869239727397713,B
FOODS_3_310,FOODS,FOODS_3,30768.0,30766.81005859375,0.00016059710333399718,0.8870845698431054,B
HOUSEHOLD_2_443,HOUSEHOLD,HOUSEHOLD_2,6599.0,30753.298583984375,0.00016052657591565566,0.887245096419021,B
FOODS_3_791,FOODS,FOODS_3,12306.0,30747.47998046875,0.00016049620387291612,0.887405592622894,B
FOODS_3_062,FOODS,FOODS_3,10791.0,30688.533081054688,0.0001601885118737004,0.8875657811347677,B
HOUSEHOLD_2_281,HOUSEHOLD,HOUSEHOLD_2,6156.0,30688.22119140625,0.00016018688386696187,0.8877259680186347,B
HOBBIES_2_130,HOBBIES,HOBBIES_2,4391.0,30683.390502929688,0.0001601616685594611,0.8878861296871942,B
FOODS_3_412,FOODS,FOODS_3,152570.0,30620.025146484375,0.0001598309130252519,0.8880459606002195,B
FOODS_3_200,FOODS,FOODS_3,14851.0,30613.518188476562,0.00015979694789836418,0.8882057575481178,B
FOODS_1_171,FOODS,FOODS_1,5978.0,30609.520629882812,0.00015977608137598693,0.8883655336294938,B
HOUSEHOLD_2_236,HOUSEHOLD,HOUSEHOLD_2,3605.0,30565.84765625,0.00015954811646685095,0.8885250817459607,B
HOUSEHOLD_2_335,HOUSEHOLD,HOUSEHOLD_2,4890.0,30510.831298828125,0.0001592609411756487,0.8886843426871364,B
HOUSEHOLD_2_228,HOUSEHOLD,HOUSEHOLD_2,5928.0,30505.284057617188,0.0001592319855943494,0.8888435746727307,B
HOUSEHOLD_2_089,HOUSEHOLD,HOUSEHOLD_2,9796.0,30461.736083984375,0.0001590046731622781,0.889002579345893,B
FOODS_1_159,FOODS,FOODS_1,5583.0,30454.368896484375,0.00015896621779527823,0.8891615455636883,B
HOUSEHOLD_2_383,HOUSEHOLD,HOUSEHOLD_2,7724.0,30420.860717773438,0.00015879131125057222,0.8893203368749388,B
FOODS_2_257,FOODS,FOODS_2,30422.0,30420.0,0.00015878681846172153,0.8894791236934005,B
FOODS_3_167,FOODS,FOODS_3,15362.0,30416.630126953125,0.00015876922834272964,0.8896378929217432,B
FOODS_2_111,FOODS,FOODS_2,5041.0,30357.324584960938,0.00015845966429506075,0.8897963525860383,B
HOBBIES_1_286,HOBBIES,HOBBIES_1,42975.0,30335.995849609375,0.00015834833220997572,0.8899547009182482,B
FOODS_2_156,FOODS,FOODS_2,21091.0,30335.566116333008,0.00015834608908112165,0.8901130470073294,B
HOBBIES_1_386,HOBBIES,HOBBIES_1,5283.0,30327.182373046875,0.00015830232747943837,0.8902713493348089,B
FOODS_2_332,FOODS,FOODS_2,8505.0,30308.234802246094,0.00015820342463640635,0.8904295527594454,B
HOBBIES_2_053,HOBBIES,HOBBIES_2,6102.0,30306.8037109375,0.00015819595460235574,0.8905877487140477,B
HOUSEHOLD_1_332,HOUSEHOLD,HOUSEHOLD_1,3104.0,30272.615173339844,0.000158017496709095,0.8907457662107567,B
HOBBIES_1_150,HOBBIES,HOBBIES_1,17490.0,30259.700805664062,0.00015795008607938818,0.8909037162968362,B
HOUSEHOLD_1_238,HOUSEHOLD,HOUSEHOLD_1,12215.0,30239.817993164062,0.00015784630144628672,0.8910615625982825,B
FOODS_1_117,FOODS,FOODS_1,14235.0,30229.39111328125,0.00015779187504644867,0.891219354473329,B
HOUSEHOLD_2_268,HOUSEHOLD,HOUSEHOLD_2,5531.0,30214.094116210938,0.00015771202752847322,0.8913770665008575,B
HOUSEHOLD_1_400,HOUSEHOLD,HOUSEHOLD_1,4330.0,30180.079864501953,0.00015753447937557296,0.8915346009802331,B
FOODS_1_064,FOODS,FOODS_1,11559.0,30157.36993408203,0.00015741593770565623,0.8916920169179388,B
FOODS_3_700,FOODS,FOODS_3,11515.0,30085.680786132812,0.00015704173350706687,0.8918490586514458,B
FOODS_3_147,FOODS,FOODS_3,8879.0,30081.606201171875,0.0001570204649211859,0.892006079116367,B
HOUSEHOLD_1_483,HOUSEHOLD,HOUSEHOLD_1,6632.0,30068.432250976562,0.00015695169931835597,0.8921630308156854,B
FOODS_2_209,FOODS,FOODS_2,4965.0,30064.073654174805,0.00015692894824277713,0.8923199597639282,B
FOODS_3_456,FOODS,FOODS_3,7663.0,30037.369384765625,0.00015678955685622786,0.8924767493207845,B
FOODS_2_107,FOODS,FOODS_2,15119.0,30010.625427246094,0.00015664995830502466,0.8926333992790895,B
FOODS_3_266,FOODS,FOODS_3,7949.0,29983.485595703125,0.00015650829336405505,0.8927899075724536,B
FOODS_3_353,FOODS,FOODS_3,3360.0,29974.865478515625,0.00015646329793397713,0.8929463708703875,B
FOODS_2_228,FOODS,FOODS_2,6191.0,29971.232421875,0.00015644433404491545,0.8931028152044325,B
HOUSEHOLD_2_378,HOUSEHOLD,HOUSEHOLD_2,4283.0,29938.580200195312,0.00015627389543885944,0.8932590890998713,B
FOODS_1_114,FOODS,FOODS_1,8925.0,29860.110473632812,0.0001558642978640264,0.8934149533977354,B
HOUSEHOLD_1_422,HOUSEHOLD,HOUSEHOLD_1,8206.0,29799.234008789062,0.00015554653388730926,0.8935704999316226,B
HOUSEHOLD_2_012,HOUSEHOLD,HOUSEHOLD_2,6360.0,29792.304931640625,0.00015551036537595896,0.8937260102969986,B
FOODS_3_237,FOODS,FOODS_3,29808.0,29769.280029296875,0.00015539017961039168,0.893881400476609,B
HOUSEHOLD_2_311,HOUSEHOLD,HOUSEHOLD_2,5050.0,29717.714965820312,0.00015512101944033187,0.8940365214960494,B
HOUSEHOLD_2_454,HOUSEHOLD,HOUSEHOLD_2,3727.0,29702.154907226562,0.00015503979878947124,0.8941915612948389,B
HOUSEHOLD_2_370,HOUSEHOLD,HOUSEHOLD_2,4938.0,29696.4580078125,0.00015501006201981132,0.8943465713568587,B
HOUSEHOLD_2_185,HOUSEHOLD,HOUSEHOLD_2,8883.0,29692.58416748047,0.0001549898412840601,0.8945015611981427,B
HOBBIES_1_303,HOBBIES,HOBBIES_1,3327.0,29659.599487304688,0.0001548176673056548,0.8946563788654484,B
HOBBIES_1_417,HOBBIES,HOBBIES_1,53220.0,29637.178100585938,0.00015470063178091547,0.8948110794972293,B
HOUSEHOLD_1_155,HOUSEHOLD,HOUSEHOLD_1,8539.0,29629.840454101562,0.0001546623306125969,0.8949657418278418,B
HOUSEHOLD_2_305,HOUSEHOLD,HOUSEHOLD_2,5539.0,29585.89208984375,0.00015443292821492777,0.8951201747560568,B
FOODS_3_573,FOODS,FOODS_3,29584.0,29583.280029296875,0.00015441929373814054,0.8952745940497949,B
FOODS_1_095,FOODS,FOODS_1,7902.0,29555.939392089844,0.00015427658062844887,0.8954288706304234,B
HOUSEHOLD_1_485,HOUSEHOLD,HOUSEHOLD_1,9945.0,29536.5419921875,0.00015417532976004245,0.8955830459601835,B
FOODS_2_064,FOODS,FOODS_2,12791.0,29408.775146484375,0.00015350841026845504,0.895736554370452,B
FOODS_1_143,FOODS,FOODS_1,14861.0,29401.193237304688,0.00015346883409368488,0.8958900232045457,B
FOODS_2_161,FOODS,FOODS_2,4087.0,29374.39208984375,0.00015332893702148088,0.8960433521415672,B
FOODS_3_125,FOODS,FOODS_3,5894.0,29352.06201171875,0.0001532123781108474,0.896196564519678,B
HOUSEHOLD_1_523,HOUSEHOLD,HOUSEHOLD_1,1432.0,29327.222412109375,0.00015308271995851882,0.8963496472396365,B
FOODS_3_428,FOODS,FOODS_3,14520.0,29323.662963867188,0.00015306414029179113,0.8965027113799283,B
HOUSEHOLD_1_461,HOUSEHOLD,HOUSEHOLD_1,30224.0,29316.982788085938,0.0001530292709999085,0.8966557406509282,B
HOUSEHOLD_1_492,HOUSEHOLD,HOUSEHOLD_1,7304.0,29276.310913085938,0.00015281697127498664,0.8968085576222032,B
FOODS_2_067,FOODS,FOODS_2,14106.0,29267.294372558594,0.0001527699065878115,0.8969613275287911,B
HOBBIES_1_095,HOBBIES,HOBBIES_1,3812.0,29260.205078125,0.00015273290177162974,0.8971140604305627,B
HOUSEHOLD_1_049,HOUSEHOLD,HOUSEHOLD_1,4927.0,29255.58154296875,0.00015270876776645202,0.8972667691983292,B
HOUSEHOLD_2_240,HOUSEHOLD,HOUSEHOLD_2,5877.0,29239.788818359375,0.00015262633264168,0.8974193955309708,B
HOUSEHOLD_2_083,HOUSEHOLD,HOUSEHOLD_2,2938.0,29239.41229248047,0.000152624367245678,0.8975720198982166,B
HOUSEHOLD_1_174,HOUSEHOLD,HOUSEHOLD_1,5121.0,29196.658325195312,0.00015240119938105518,0.8977244210975976,B
FOODS_3_239,FOODS,FOODS_3,15487.0,29173.492919921875,0.0001522802802159748,0.8978767013778136,B
FOODS_3_051,FOODS,FOODS_3,14731.0,29167.259765625,0.00015224774429421997,0.8980289491221078,B
FOODS_2_234,FOODS,FOODS_2,10598.0,29147.577514648438,0.00015214500655547135,0.8981810941286633,B
HOUSEHOLD_2_198,HOUSEHOLD,HOUSEHOLD_2,3714.0,29144.968994140625,0.00015213139055703846,0.8983332255192203,B
HOUSEHOLD_2_241,HOUSEHOLD,HOUSEHOLD_2,5853.0,29132.26513671875,0.00015206507875223206,0.8984852905979726,B
HOUSEHOLD_1_115,HOUSEHOLD,HOUSEHOLD_1,5876.0,29112.244873046875,0.00015196057664923333,0.8986372511746218,B
HOUSEHOLD_1_012,HOUSEHOLD,HOUSEHOLD_1,7439.0,29110.577392578125,0.00015195187270713998,0.8987892030473289,B
FOODS_2_087,FOODS,FOODS_2,2870.0,29072.955932617188,0.0001517554955890242,0.8989409585429179,B
FOODS_3_589,FOODS,FOODS_3,27380.0,29068.28695678711,0.00015173112439186663,0.8990926896673097,B
FOODS_1_213,FOODS,FOODS_1,12471.0,29049.576049804688,0.00015163345689054276,0.8992443231242002,B
HOBBIES_1_344,HOBBIES,HOBBIES_1,2456.0,29044.112365722656,0.00015160493746212508,0.8993959280616624,B
HOUSEHOLD_2_049,HOUSEHOLD,HOUSEHOLD_2,8488.0,29028.950561523438,0.0001515257956261312,0.8995474538572885,B
HOUSEHOLD_2_459,HOUSEHOLD,HOUSEHOLD_2,1529.0,29010.11407470703,0.00015142747262111565,0.8996988813299096,B
FOODS_1_158,FOODS,FOODS_1,6203.0,29003.539123535156,0.0001513931525823871,0.899850274482492,B
FOODS_1_157,FOODS,FOODS_1,5635.0,28989.319458007812,0.0001513189285373944,0.9000015934110294,B
HOUSEHOLD_2_288,HOUSEHOLD,HOUSEHOLD_2,7450.0,28898.982543945312,0.00015084738642123286,0.9001524407974506,B
FOODS_3_043,FOODS,FOODS_3,11556.0,28879.490966796875,0.00015074564396488173,0.9003031864414155,B
HOBBIES_1_017,HOBBIES,HOBBIES_1,14834.0,28850.915405273438,0.00015059648477684545,0.9004537829261924,B
HOBBIES_1_172,HOBBIES,HOBBIES_1,9822.0,28802.18817138672,0.00015034213755655247,0.900604125063749,B
FOODS_3_391,FOODS,FOODS_3,10316.0,28765.336669921875,0.00015014977948051236,0.9007542748432295,B
HOUSEHOLD_2_508,HOUSEHOLD,HOUSEHOLD_2,1899.0,28754.443359375,0.00015009291839818977,0.9009043677616276,B
FOODS_1_147,FOODS,FOODS_1,5874.0,28706.53936767578,0.00014984286835106498,0.9010542106299787,B
HOBBIES_1_262,HOBBIES,HOBBIES_1,3194.0,28682.078125,0.00014971518515250788,0.9012039258151312,B
HOUSEHOLD_2_402,HOUSEHOLD,HOUSEHOLD_2,3194.0,28650.128173828125,0.00014954841226964827,0.9013534742274009,B
FOODS_2_028,FOODS,FOODS_2,7442.0,28639.7021484375,0.00014949399033010262,0.901502968217731,B
HOUSEHOLD_1_470,HOUSEHOLD,HOUSEHOLD_1,9613.0,28618.919677734375,0.00014938550964625243,0.9016523537273773,B
FOODS_3_198,FOODS,FOODS_3,4929.0,28579.820068359375,0.0001491814168594098,0.9018015351442367,B
HOUSEHOLD_2_299,HOUSEHOLD,HOUSEHOLD_2,23038.0,28557.548095703125,0.00014906516124866187,0.9019506003054854,B
FOODS_2_219,FOODS,FOODS_2,10545.0,28526.059936523438,0.0001489007988352707,0.9020995011043206,B
HOUSEHOLD_1_137,HOUSEHOLD,HOUSEHOLD_1,2198.0,28509.93145751953,0.0001488166111341643,0.9022483177154548,B
HOUSEHOLD_1_213,HOUSEHOLD,HOUSEHOLD_1,6362.0,28501.69482421875,0.00014877361741961245,0.9023970913328744,B
FOODS_1_016,FOODS,FOODS_1,13896.0,28494.701293945312,0.00014873711247477566,0.9025458284453491,B
HOUSEHOLD_1_283,HOUSEHOLD,HOUSEHOLD_1,19158.0,28353.632080078125,0.0001480007570621239,0.9026938292024113,B
HOUSEHOLD_1_131,HOUSEHOLD,HOUSEHOLD_1,5740.0,28314.209350585938,0.00014779497764755647,0.9028416241800589,B
FOODS_3_525,FOODS,FOODS_3,14161.0,28293.75,0.00014768818359143108,0.9029893123636503,B
FOODS_3_544,FOODS,FOODS_3,9525.0,28261.426391601562,0.0001475194602864084,0.9031368318239368,B
FOODS_3_663,FOODS,FOODS_3,15549.0,28261.029907226562,0.00014751739071071886,0.9032843492146475,B
FOODS_3_314,FOODS,FOODS_3,11208.0,28241.954345703125,0.00014741781977959862,0.9034317670344271,B
HOUSEHOLD_2_244,HOUSEHOLD,HOUSEHOLD_2,7109.0,28237.829223632812,0.00014739628739927937,0.9035791633218263,B
FOODS_3_247,FOODS,FOODS_3,5761.0,28223.767456054688,0.00014732288755261013,0.9037264862093789,B
HOUSEHOLD_2_247,HOUSEHOLD,HOUSEHOLD_2,7111.0,28209.72998046875,0.00014724961450568292,0.9038737358238845,B
HOUSEHOLD_2_337,HOUSEHOLD,HOUSEHOLD_2,4298.0,28206.264770507812,0.0001472315267454923,0.90402096735063,B
HOUSEHOLD_1_164,HOUSEHOLD,HOUSEHOLD_1,9789.0,28203.7265625,0.00014721827776540832,0.9041681856283954,B
FOODS_2_220,FOODS,FOODS_2,14213.0,28201.747924804688,0.00014720794963968422,0.9043153935780351,B
FOODS_3_558,FOODS,FOODS_3,9422.0,28192.931274414062,0.0001471619283423464,0.9044625555063774,B
FOODS_3_176,FOODS,FOODS_3,19088.0,28150.644409179688,0.00014694119866472358,0.9046094967050422,B
HOUSEHOLD_2_075,HOUSEHOLD,HOUSEHOLD_2,15210.0,28113.965942382812,0.00014674974379790144,0.9047562464488401,B
FOODS_1_136,FOODS,FOODS_1,6079.0,28089.65576171875,0.00014662284911532827,0.9049028692979555,B
HOUSEHOLD_2_270,HOUSEHOLD,HOUSEHOLD_2,5003.0,28080.097534179688,0.00014657295692134203,0.9050494422548768,B
HOUSEHOLD_1_069,HOUSEHOLD,HOUSEHOLD_1,14255.0,28078.881103515625,0.0001465666073764694,0.9051960088622533,B
FOODS_1_091,FOODS,FOODS_1,12040.0,28032.980895996094,0.0001463270167151032,0.9053423358789684,B
FOODS_1_138,FOODS,FOODS_1,11249.0,28028.988647460938,0.0001463061779102575,0.9054886420568786,B
FOODS_3_716,FOODS,FOODS_3,20515.0,28025.220825195312,0.00014628651056936047,0.905634928567448,B
FOODS_2_167,FOODS,FOODS_2,11232.0,28014.453125,0.00014623030515002573,0.905781158872598,B
FOODS_2_095,FOODS,FOODS_2,6333.0,27989.232055664062,0.0001460986557957175,0.9059272575283938,B
HOBBIES_1_274,HOBBIES,HOBBIES_1,2831.0,27967.30453491211,0.0001459841981607091,0.9060732417265545,B
FOODS_3_580,FOODS,FOODS_3,140032.0,27950.4853515625,0.0001458964051096503,0.9062191381316641,B
FOODS_2_108,FOODS,FOODS_2,9032.0,27920.12237548828,0.00014573791594561824,0.9063648760476097,B
FOODS_2_210,FOODS,FOODS_2,7511.0,27914.421752929688,0.00014570815974182698,0.9065105842073515,B
FOODS_3_384,FOODS,FOODS_3,9405.0,27897.592407226562,0.00014562031364514746,0.9066562045209967,B
HOBBIES_1_170,HOBBIES,HOBBIES_1,1552.0,27889.442169189453,0.00014557777089801996,0.9068017822918948,B
HOBBIES_1_189,HOBBIES,HOBBIES_1,59055.0,27889.334594726562,0.0001455772093790617,0.9069473595012738,B
HOUSEHOLD_1_263,HOUSEHOLD,HOUSEHOLD_1,3663.0,27852.425659179688,0.00014538455150765153,0.9070927440527815,B
FOODS_3_718,FOODS,FOODS_3,21044.0,27840.290954589844,0.00014532121057619874,0.9072380652633577,B
HOBBIES_1_397,HOBBIES,HOBBIES_1,6732.0,27832.916748046875,0.00014528271857108246,0.9073833479819288,B
HOUSEHOLD_2_266,HOUSEHOLD,HOUSEHOLD_2,9358.0,27793.162475585938,0.00014507520856305047,0.9075284231904919,B
HOUSEHOLD_2_218,HOUSEHOLD,HOUSEHOLD_2,2408.0,27782.32470703125,0.0001450186373997361,0.9076734418278916,B
FOODS_2_343,FOODS,FOODS_2,7261.0,27757.6591796875,0.00014488988787269484,0.9078183317157642,B
HOUSEHOLD_2_440,HOUSEHOLD,HOUSEHOLD_2,28581.0,27733.00958251953,0.00014476122149824827,0.9079630929372624,B
HOUSEHOLD_1_435,HOUSEHOLD,HOUSEHOLD_1,3486.0,27707.433837890625,0.00014462772080398747,0.9081077206580664,B
HOUSEHOLD_2_480,HOUSEHOLD,HOUSEHOLD_2,5252.0,27661.505432128906,0.00014438798295297097,0.9082521086410195,B
FOODS_3_684,FOODS,FOODS_3,14655.0,27655.03155517578,0.00014435419050311892,0.9083964628315225,B
HOUSEHOLD_2_373,HOUSEHOLD,HOUSEHOLD_2,5915.0,27643.405639648438,0.00014429350535721846,0.9085407563368798,B
HOUSEHOLD_2_064,HOUSEHOLD,HOUSEHOLD_2,7143.0,27641.52685546875,0.00014428369844852456,0.9086850400353284,B
FOODS_3_046,FOODS,FOODS_3,13989.0,27630.008361816406,0.00014422357402510156,0.9088292636093535,B
HOBBIES_1_180,HOBBIES,HOBBIES_1,1384.0,27627.901245117188,0.00014421257526255074,0.908973476184616,B
HOUSEHOLD_1_026,HOUSEHOLD,HOUSEHOLD_1,9562.0,27600.032592773438,0.00014406710601072695,0.9091175432906268,B
HOUSEHOLD_2_398,HOUSEHOLD,HOUSEHOLD_2,3522.0,27575.467407226562,0.0001439388802494544,0.9092614821708762,B
FOODS_3_246,FOODS,FOODS_3,14072.0,27546.470703125,0.00014378752277443261,0.9094052696936507,B
FOODS_3_027,FOODS,FOODS_3,12156.0,27536.035400390625,0.00014373305240885482,0.9095490027460595,B
FOODS_1_203,FOODS,FOODS_1,12799.0,27486.108276367188,0.00014347244198220706,0.9096924751880417,B
FOODS_1_116,FOODS,FOODS_1,11015.0,27465.810546875,0.0001433664915585364,0.9098358416796003,B
FOODS_3_253,FOODS,FOODS_3,13848.0,27418.90625,0.00014312165973496752,0.9099789633393353,B
HOBBIES_1_218,HOBBIES,HOBBIES_1,2585.0,27410.110717773438,0.00014307574867057128,0.9101220390880058,B
FOODS_3_582,FOODS,FOODS_3,13871.0,27408.304443359375,0.00014306632024954966,0.9102651054082553,B
FOODS_2_186,FOODS,FOODS_2,5133.0,27404.353637695312,0.00014304569776888703,0.9104081511060242,B
HOBBIES_1_009,HOBBIES,HOBBIES_1,15885.0,27400.85284423828,0.00014302742426937573,0.9105511785302937,B
FOODS_1_021,FOODS,FOODS_1,27996.0,27400.361083984375,0.00014302485737107976,0.9106942033876647,B
HOUSEHOLD_2_394,HOUSEHOLD,HOUSEHOLD_2,4444.0,27398.288330078125,0.00014301403797600327,0.9108372174256407,B
FOODS_2_043,FOODS,FOODS_2,10048.0,27383.097900390625,0.00014293474672021284,0.910980152172361,B
HOBBIES_1_353,HOBBIES,HOBBIES_1,26917.0,27381.9853515625,0.0001429289394194633,0.9111230811117804,B
FOODS_3_057,FOODS,FOODS_3,9915.0,27359.88037109375,0.00014281355547729395,0.9112658946672577,B
HOUSEHOLD_2_363,HOUSEHOLD,HOUSEHOLD_2,4474.0,27346.51708984375,0.00014274380160109748,0.9114086384688588,B
FOODS_3_264,FOODS,FOODS_3,6990.0,27342.0361328125,0.00014272041182757163,0.9115513588806864,B
HOUSEHOLD_2_455,HOUSEHOLD,HOUSEHOLD_2,3712.0,27261.772338867188,0.00014230144955018034,0.9116936603302366,B
HOUSEHOLD_2_462,HOUSEHOLD,HOUSEHOLD_2,3263.0,27243.58056640625,0.0001422064918358065,0.9118358668220724,B
FOODS_3_152,FOODS,FOODS_3,10691.0,27242.05841064453,0.0001421985464620193,0.9119780653685344,B
HOUSEHOLD_2_484,HOUSEHOLD,HOUSEHOLD_2,3910.0,27233.6259765625,0.00014215453070331538,0.9121202198992377,B
FOODS_2_303,FOODS,FOODS_2,13005.0,27219.112915039062,0.00014207877518505614,0.9122622986744228,B
FOODS_3_159,FOODS,FOODS_3,9148.0,27205.990966796875,0.00014201028102288005,0.9124043089554457,B
FOODS_3_813,FOODS,FOODS_3,6034.0,27201.107666015625,0.00014198479108880227,0.9125462937465345,B
HOUSEHOLD_2_133,HOUSEHOLD,HOUSEHOLD_2,5477.0,27171.340698242188,0.00014182941297874322,0.9126881231595132,B
HOUSEHOLD_2_293,HOUSEHOLD,HOUSEHOLD_2,3798.0,27169.08740234375,0.00014181765118759378,0.9128299408107008,B
FOODS_3_055,FOODS,FOODS_3,8381.0,27168.312866210938,0.00014181360825109434,0.9129717544189518,B
HOUSEHOLD_1_193,HOUSEHOLD,HOUSEHOLD_1,11216.0,27142.724365234375,0.00014168004097103934,0.9131134344599229,B
HOUSEHOLD_2_329,HOUSEHOLD,HOUSEHOLD_2,9651.0,27112.841278076172,0.00014152405673909768,0.9132549585166619,B
HOUSEHOLD_2_096,HOUSEHOLD,HOUSEHOLD_2,7806.0,27086.69384765625,0.00014138757194990213,0.9133963460886119,B
HOUSEHOLD_1_360,HOUSEHOLD,HOUSEHOLD_1,6816.0,27067.512084960938,0.00014128744666815077,0.9135376335352801,B
HOUSEHOLD_2_214,HOUSEHOLD,HOUSEHOLD_2,3924.0,27064.79248046875,0.00014127325083170144,0.9136789067861117,B
FOODS_3_214,FOODS,FOODS_3,26447.0,27058.724731445312,0.00014124157829512496,0.9138201483644068,B
HOUSEHOLD_2_389,HOUSEHOLD,HOUSEHOLD_2,13730.0,27048.034423828125,0.00014118577685084783,0.9139613341412577,B
FOODS_2_227,FOODS,FOODS_2,6125.0,27022.444580078125,0.00014105220256176187,0.9141023863438195,B
FOODS_2_127,FOODS,FOODS_2,3761.0,27006.590576171875,0.00014096944757030386,0.9142433557913897,B
HOUSEHOLD_2_204,HOUSEHOLD,HOUSEHOLD_2,2083.0,26987.139099121094,0.00014086791442910482,0.9143842237058188,B
HOBBIES_1_142,HOBBIES,HOBBIES_1,28629.0,26931.980422973633,0.000140579996260268,0.9145248037020791,B
HOUSEHOLD_1_152,HOUSEHOLD,HOUSEHOLD_1,2699.0,26919.50439453125,0.0001405148736809319,0.9146653185757601,B
FOODS_2_039,FOODS,FOODS_2,5534.0,26908.584899902344,0.00014045787592250543,0.9148057764516826,B
HOUSEHOLD_1_135,HOUSEHOLD,HOUSEHOLD_1,18173.0,26896.977661132812,0.0001403972882658539,0.9149461737399485,B
HOUSEHOLD_2_416,HOUSEHOLD,HOUSEHOLD_2,8296.0,26895.338012695312,0.00014038872960185698,0.9150865624695503,B
HOUSEHOLD_2_211,HOUSEHOLD,HOUSEHOLD_2,1346.0,26894.289794921875,0.00014038325809740928,0.9152269457276477,B
FOODS_1_121,FOODS,FOODS_1,22185.0,26890.713623046875,0.0001403645911363868,0.9153673103187842,B
FOODS_3_104,FOODS,FOODS_3,8903.0,26829.397705078125,0.00014004453329498912,0.9155073548520791,B
HOBBIES_1_424,HOBBIES,HOBBIES_1,15525.0,26820.409057617188,0.0001399976142045027,0.9156473524662836,B
HOUSEHOLD_2_425,HOUSEHOLD,HOUSEHOLD_2,3212.0,26767.327514648438,0.00013972053828974115,0.9157870730045733,B
HOBBIES_1_168,HOBBIES,HOBBIES_1,5541.0,26763.037353515625,0.00013969814443579745,0.9159267711490091,B
FOODS_2_237,FOODS,FOODS_2,10725.0,26700.66845703125,0.00013937259023975133,0.9160661437392489,B
FOODS_3_341,FOODS,FOODS_3,6851.0,26641.03253173828,0.00013906130165187194,0.9162052050409007,B
FOODS_1_146,FOODS,FOODS_1,11915.0,26620.194213867188,0.0001389525294560519,0.9163441575703568,B
FOODS_1_001,FOODS,FOODS_1,12404.0,26605.16015625,0.00013887405443377697,0.9164830316247906,B
FOODS_3_019,FOODS,FOODS_3,13586.0,26589.522338867188,0.00013879242789630484,0.9166218240526869,B
HOUSEHOLD_2_285,HOUSEHOLD,HOUSEHOLD_2,5691.0,26568.584716796875,0.0001386831373507855,0.9167605071900377,B
HOBBIES_1_126,HOBBIES,HOBBIES_1,2756.0,26399.719970703125,0.00013780169435990538,0.9168983088843976,B
FOODS_2_323,FOODS,FOODS_2,6946.0,26367.3017578125,0.00013763247723679172,0.9170359413616344,B
FOODS_3_010,FOODS,FOODS_3,9416.0,26367.132568359375,0.00013763159409888972,0.9171735729557332,B
FOODS_1_011,FOODS,FOODS_1,10397.0,26364.904418945312,0.0001376199635677748,0.917311192919301,B
HOBBIES_1_188,HOBBIES,HOBBIES_1,2045.0,26316.135498046875,0.0001373653987489295,0.91744855831805,B
HOUSEHOLD_2_234,HOUSEHOLD,HOUSEHOLD_2,4477.0,26309.467895507812,0.0001373305950870641,0.917585888913137,B
HOUSEHOLD_1_015,HOUSEHOLD,HOUSEHOLD_1,5165.0,26302.68389892578,0.00013729518386965069,0.9177231840970066,B
HOUSEHOLD_1_403,HOUSEHOLD,HOUSEHOLD_1,6596.0,26269.690307617188,0.00013712296337676713,0.9178603070603834,B
HOUSEHOLD_1_322,HOUSEHOLD,HOUSEHOLD_1,9180.0,26233.592041015625,0.00013693453704850792,0.9179972415974319,B
HOUSEHOLD_2_473,HOUSEHOLD,HOUSEHOLD_2,3357.0,26218.921264648438,0.00013685795828770222,0.9181340995557196,B
HOUSEHOLD_2_021,HOUSEHOLD,HOUSEHOLD_2,5893.0,26185.314453125,0.00013668253689781237,0.9182707820926174,B
FOODS_1_049,FOODS,FOODS_1,11902.0,26107.140258789062,0.000136274481946977,0.9184070565745643,B
HOUSEHOLD_1_525,HOUSEHOLD,HOUSEHOLD_1,6529.0,26104.077880859375,0.00013625849689607685,0.9185433150714604,B
HOUSEHOLD_1_037,HOUSEHOLD,HOUSEHOLD_1,6570.0,26069.893310546875,0.00013608005971131674,0.9186793951311717,B
FOODS_3_438,FOODS,FOODS_3,26063.0,26060.1201171875,0.00013602904543519095,0.9188154241766069,B
HOUSEHOLD_2_260,HOUSEHOLD,HOUSEHOLD_2,3736.0,26042.479858398438,0.0001359369665209912,0.9189513611431279,B
FOODS_1_141,FOODS,FOODS_1,7809.0,26025.3017578125,0.0001358472999878138,0.9190872084431158,B
HOUSEHOLD_2_237,HOUSEHOLD,HOUSEHOLD_2,4380.0,26015.424194335938,0.0001357957409188264,0.9192230041840346,B
HOUSEHOLD_2_043,HOUSEHOLD,HOUSEHOLD_2,5416.0,26011.328063964844,0.0001357743598698576,0.9193587785439045,B
HOUSEHOLD_1_380,HOUSEHOLD,HOUSEHOLD_1,5681.0,25962.144653320312,0.00013551763149058932,0.919494296175395,B
HOUSEHOLD_1_099,HOUSEHOLD,HOUSEHOLD_1,10948.0,25906.750610351562,0.00013522848475013108,0.9196295246601451,B
FOODS_2_281,FOODS,FOODS_2,3582.0,25906.342681884766,0.00013522635543838213,0.9197647510155835,B
FOODS_3_221,FOODS,FOODS_3,5188.0,25835.183471679688,0.00013485491741758288,0.9198996059330011,B
HOBBIES_1_063,HOBBIES,HOBBIES_1,4860.0,25809.760055541992,0.0001347222118500966,0.9200343281448512,B
HOUSEHOLD_2_479,HOUSEHOLD,HOUSEHOLD_2,4418.0,25778.213256835938,0.00013455754334913713,0.9201688856882003,B
FOODS_3_627,FOODS,FOODS_3,9082.0,25745.177185058594,0.00013438510111600112,0.9203032707893163,B
FOODS_3_130,FOODS,FOODS_3,9955.0,25741.263671875,0.000134364673295244,0.9204376354626115,B
HOBBIES_1_380,HOBBIES,HOBBIES_1,14905.0,25718.793823242188,0.0001342473848082052,0.9205718828474196,B
HOUSEHOLD_1_398,HOUSEHOLD,HOUSEHOLD_1,8915.0,25693.576782226562,0.00013411575648098988,0.9207059986039007,B
HOUSEHOLD_2_312,HOUSEHOLD,HOUSEHOLD_2,6468.0,25677.890625,0.0001340338776184029,0.9208400324815191,B
FOODS_1_097,FOODS,FOODS_1,26199.0,25674.868713378906,0.00013401810379420876,0.9209740505853133,B
HOBBIES_1_199,HOBBIES,HOBBIES_1,6908.0,25614.405395507812,0.0001337024963688836,0.9211077530816822,B
HOUSEHOLD_2_377,HOUSEHOLD,HOUSEHOLD_2,5190.0,25551.719482421875,0.00013337528740434436,0.9212411283690866,B
FOODS_2_200,FOODS,FOODS_2,6059.0,25530.241790771484,0.00013326317779471032,0.9213743915468813,B
HOUSEHOLD_2_405,HOUSEHOLD,HOUSEHOLD_2,4557.0,25493.67803955078,0.0001330723217221475,0.9215074638686034,B
HOBBIES_1_288,HOBBIES,HOBBIES_1,45726.0,25484.955688476562,0.00013302679264993905,0.9216404906612533,B
HOUSEHOLD_2_361,HOUSEHOLD,HOUSEHOLD_2,3603.0,25447.296142578125,0.0001328302167302176,0.9217733208779836,B
HOBBIES_1_019,HOBBIES,HOBBIES_1,54258.0,25427.4669342041,0.00013272671190081833,0.9219060475898844,B
FOODS_3_431,FOODS,FOODS_3,25422.0,25420.880126953125,0.00013269232997553223,0.9220387399198599,B
FOODS_3_361,FOODS,FOODS_3,12835.0,25406.100708007812,0.00013261518412040275,0.9221713551039803,B
HOUSEHOLD_2_061,HOUSEHOLD,HOUSEHOLD_2,8554.0,25397.392944335938,0.000132569731191758,0.9223039248351721,B
FOODS_3_105,FOODS,FOODS_3,8815.0,25386.775451660156,0.00013251430982811471,0.9224364391450002,B
FOODS_3_470,FOODS,FOODS_3,13998.0,25377.164184570312,0.00013246414077740525,0.9225689032857776,B
HOBBIES_1_047,HOBBIES,HOBBIES_1,14712.0,25356.906982421875,0.00013235840189903292,0.9227012616876766,B
FOODS_3_426,FOODS,FOODS_3,8522.0,25275.678466796875,0.0001319344039514832,0.9228331960916281,B
HOUSEHOLD_2_108,HOUSEHOLD,HOUSEHOLD_2,2843.0,25252.224487304688,0.00013181197848192929,0.92296500807011,B
HOBBIES_1_169,HOBBIES,HOBBIES_1,45245.0,25232.697265625,0.00013171004996766518,0.9230967181200777,B
HOUSEHOLD_2_239,HOUSEHOLD,HOUSEHOLD_2,20292.0,25161.93994140625,0.0001313407097179755,0.9232280588297956,B
HOUSEHOLD_2_401,HOUSEHOLD,HOUSEHOLD_2,7554.0,25154.483642578125,0.0001313017892061932,0.9233593606190018,B
HOUSEHOLD_2_182,HOUSEHOLD,HOUSEHOLD_2,3598.0,25145.645751953125,0.00013125565703872913,0.9234906162760406,B
HOUSEHOLD_2_196,HOUSEHOLD,HOUSEHOLD_2,11071.0,25131.281494140625,0.00013118067824853812,0.9236217969542891,B
HOUSEHOLD_1_472,HOUSEHOLD,HOUSEHOLD_1,5205.0,25104.67138671875,0.0001310417783702855,0.9237528387326595,B
HOBBIES_1_362,HOBBIES,HOBBIES_1,2549.0,25093.748474121094,0.00013098476277068928,0.9238838234954302,B
FOODS_3_642,FOODS,FOODS_3,7800.0,25086.556396484375,0.00013094722144504613,0.9240147707168752,B
HOUSEHOLD_2_093,HOUSEHOLD,HOUSEHOLD_2,7839.0,25073.309692382812,0.00013087807608017465,0.9241456487929554,B
HOUSEHOLD_1_455,HOUSEHOLD,HOUSEHOLD_1,8429.0,25034.063598632812,0.00013067321867177184,0.9242763220116271,B
FOODS_3_763,FOODS,FOODS_3,6970.0,25029.612182617188,0.0001306499830969273,0.9244069719947241,B
HOBBIES_1_041,HOBBIES,HOBBIES_1,6405.0,25012.25799560547,0.00013055939742491612,0.924537531392149,B
FOODS_3_344,FOODS,FOODS_3,12160.0,25004.242797851562,0.00013051755956328942,0.9246680489517123,B
HOUSEHOLD_1_148,HOUSEHOLD,HOUSEHOLD_1,4243.0,24973.6630859375,0.00013035793907794065,0.9247984068907902,B
FOODS_3_680,FOODS,FOODS_3,9986.0,24967.847045898438,0.00013032758041607841,0.9249287344712063,B
FOODS_2_125,FOODS,FOODS_2,10166.0,24951.81231689453,0.00013024388207277053,0.925058978353279,B
FOODS_3_401,FOODS,FOODS_3,12579.0,24905.693115234375,0.00013000314830217188,0.9251889815015811,B
HOUSEHOLD_2_070,HOUSEHOLD,HOUSEHOLD_2,8408.0,24888.3759765625,0.00012991275601569694,0.9253188942575968,B
HOBBIES_1_216,HOBBIES,HOBBIES_1,14417.0,24888.2109375,0.0001299118945420725,0.9254488061521389,B
HOUSEHOLD_2_326,HOUSEHOLD,HOUSEHOLD_2,4186.0,24864.731811523438,0.00012978933781248404,0.9255785954899514,B
FOODS_2_145,FOODS,FOODS_2,10517.0,24857.927490234375,0.00012975382050382916,0.9257083493104552,B
FOODS_2_010,FOODS,FOODS_2,9976.0,24846.939331054688,0.00012969646432904632,0.9258380457747842,B
FOODS_3_690,FOODS,FOODS_3,2488.0,24830.209838867188,0.00012960913944939697,0.9259676549142336,B
FOODS_3_001,FOODS,FOODS_3,10045.0,24804.43963623047,0.00012947462372001504,0.9260971295379536,B
FOODS_3_440,FOODS,FOODS_3,5246.0,24793.2548828125,0.00012941624135938,0.9262265457793131,B
FOODS_3_205,FOODS,FOODS_3,22809.0,24781.916900634766,0.00012935705917273377,0.9263559028384858,B
HOUSEHOLD_2_069,HOUSEHOLD,HOUSEHOLD_2,2451.0,24770.34814453125,0.00012929667238853796,0.9264851995108744,B
FOODS_3_123,FOODS,FOODS_3,9637.0,24764.60662841797,0.00012926670272789446,0.9266144662136023,B
FOODS_1_176,FOODS,FOODS_1,8048.0,24690.947021484375,0.00012888221309495146,0.9267433484266973,B
FOODS_1_211,FOODS,FOODS_1,4244.0,24685.446044921875,0.00012885349900662826,0.9268722019257039,B
HOBBIES_1_358,HOBBIES,HOBBIES_1,9513.0,24644.291381835938,0.00012863867921648098,0.9270008406049204,B
FOODS_3_622,FOODS,FOODS_3,9659.0,24638.831665039062,0.0001286101804965639,0.927129450785417,B
HOBBIES_1_383,HOBBIES,HOBBIES_1,8265.0,24620.158569335938,0.00012851271036318026,0.9272579634957802,B
HOUSEHOLD_2_374,HOUSEHOLD,HOUSEHOLD_2,8258.0,24609.099731445312,0.00012845498525849465,0.9273864184810386,B
HOUSEHOLD_2_442,HOUSEHOLD,HOUSEHOLD_2,16620.0,24597.443115234375,0.00012839413986065888,0.9275148126208993,B
HOUSEHOLD_2_357,HOUSEHOLD,HOUSEHOLD_2,3058.0,24595.700622558594,0.00012838504436860825,0.9276431976652679,B
FOODS_1_132,FOODS,FOODS_1,13372.0,24566.297485351562,0.00012823156538734927,0.9277714292306553,B
FOODS_2_006,FOODS,FOODS_2,2401.0,24532.32000732422,0.00012805420918631985,0.9278994834398415,B
HOUSEHOLD_2_158,HOUSEHOLD,HOUSEHOLD_2,2141.0,24505.584533691406,0.00012791465491944866,0.928027398094761,B
FOODS_3_751,FOODS,FOODS_3,4927.0,24499.60711669922,0.000127883453899501,0.9281552815486604,B
FOODS_2_320,FOODS,FOODS_2,13535.0,24491.28448486328,0.00012784001128837485,0.9282831215599489,B
HOUSEHOLD_1_120,HOUSEHOLD,HOUSEHOLD_1,5492.0,24490.101501464844,0.0001278338363320918,0.9284109553962809,B
FOODS_2_331,FOODS,FOODS_2,8887.0,24488.69219970703,0.00012782648003549824,0.9285387818763164,B
HOUSEHOLD_2_252,HOUSEHOLD,HOUSEHOLD_2,3542.0,24476.581787109375,0.00012776326590378752,0.9286665451422202,B
FOODS_2_195,FOODS,FOODS_2,7976.0,24458.202392578125,0.00012766732883663203,0.9287942124710569,B
HOUSEHOLD_1_190,HOUSEHOLD,HOUSEHOLD_1,4942.0,24425.52557373047,0.00012749676183787236,0.9289217092328947,B
FOODS_2_308,FOODS,FOODS_2,9152.0,24372.17657470703,0.00012721828985157882,0.9290489275227464,B
HOUSEHOLD_2_058,HOUSEHOLD,HOUSEHOLD_2,2442.0,24346.691528320312,0.0001270852625855007,0.9291760127853319,B
FOODS_3_568,FOODS,FOODS_3,24338.0,24329.869995117188,0.0001269974572686377,0.9293030102426005,B
HOUSEHOLD_2_111,HOUSEHOLD,HOUSEHOLD_2,3774.0,24328.89288330078,0.000126992356924239,0.9294300025995248,B
HOUSEHOLD_1_480,HOUSEHOLD,HOUSEHOLD_1,8847.0,24317.241577148438,0.0001269315392439348,0.9295569341387687,B
FOODS_3_075,FOODS,FOODS_3,8443.0,24310.539489746094,0.00012689655557741042,0.9296838306943461,B
HOBBIES_1_007,HOBBIES,HOBBIES_1,3079.0,24264.019775390625,0.00012665373120402933,0.9298104844255501,B
FOODS_3_479,FOODS,FOODS_3,24259.0,24257.75,0.00012662100412688448,0.929937105429677,B
FOODS_3_519,FOODS,FOODS_3,24249.0,24218.43994140625,0.00012641581283373373,0.9300635212425107,B
FOODS_2_300,FOODS,FOODS_2,3983.0,24198.12518310547,0.00012630977352280672,0.9301898310160335,B
HOUSEHOLD_2_153,HOUSEHOLD,HOUSEHOLD_2,2546.0,24180.13250732422,0.0001262158550565701,0.93031604687109,B
FOODS_3_049,FOODS,FOODS_3,5163.0,24179.818481445312,0.00012621421589910047,0.9304422610869891,B
HOUSEHOLD_1_261,HOUSEHOLD,HOUSEHOLD_1,4031.0,24179.02816772461,0.00012621009060648716,0.9305684711775957,B
FOODS_1_030,FOODS,FOODS_1,7789.0,24093.138793945312,0.00012576176383455803,0.9306942329414303,B
FOODS_3_354,FOODS,FOODS_3,8103.0,24076.911254882812,0.00012567705905812155,0.9308199100004884,B
HOUSEHOLD_1_035,HOUSEHOLD,HOUSEHOLD_1,5202.0,24076.018127441406,0.00012567239709675068,0.9309455823975851,B
FOODS_3_482,FOODS,FOODS_3,8074.0,24057.55633544922,0.0001255760299299676,0.9310711584275151,B
HOBBIES_1_369,HOBBIES,HOBBIES_1,23586.0,24056.292755126953,0.00012556943427253025,0.9311967278617876,B
HOUSEHOLD_2_265,HOUSEHOLD,HOUSEHOLD_2,4842.0,24050.4609375,0.00012553899325455417,0.9313222668550422,B
FOODS_3_552,FOODS,FOODS_3,12156.0,24041.967407226562,0.00012549465858494117,0.9314477615136271,B
FOODS_2_253,FOODS,FOODS_2,3078.0,24027.626708984375,0.0001254198027713844,0.9315731813163984,B
HOUSEHOLD_2_332,HOUSEHOLD,HOUSEHOLD_2,3679.0,24027.589477539062,0.0001254196084300712,0.9316986009248285,B
HOUSEHOLD_2_188,HOUSEHOLD,HOUSEHOLD_2,3313.0,23999.732971191406,0.00012527420257811843,0.9318238751274066,B
FOODS_3_733,FOODS,FOODS_3,12234.0,23999.337768554688,0.00012527213969286755,0.9319491472670994,B
HOUSEHOLD_2_481,HOUSEHOLD,HOUSEHOLD_2,3013.0,23996.82861328125,0.00012525904236272632,0.9320744063094621,B
FOODS_2_358,FOODS,FOODS_2,9338.0,23995.614868164062,0.00012525270683591563,0.9321996590162981,B
FOODS_3_784,FOODS,FOODS_3,18391.0,23932.73077392578,0.0001249244634021239,0.9323245834797003,B
FOODS_1_073,FOODS,FOODS_1,12118.0,23890.407348632812,0.00012470354288770337,0.932449287022588,B
HOUSEHOLD_1_227,HOUSEHOLD,HOUSEHOLD_1,8749.0,23884.71063232422,0.00012467380707382038,0.9325739608296618,B
FOODS_2_190,FOODS,FOODS_2,8806.0,23860.603759765625,0.00012454797362225427,0.9326985088032841,B
FOODS_3_554,FOODS,FOODS_3,6331.0,23831.076782226562,0.00012439384821718463,0.9328229026515013,B
HOUSEHOLD_2_102,HOUSEHOLD,HOUSEHOLD_2,9538.0,23753.008422851562,0.00012398634570542647,0.9329468889972067,B
HOUSEHOLD_2_156,HOUSEHOLD,HOUSEHOLD_2,3366.0,23731.863159179688,0.00012387597130884557,0.9330707649685155,B
FOODS_2_230,FOODS,FOODS_2,11502.0,23722.330017089844,0.00012382621005630154,0.9331945911785718,B
HOBBIES_1_111,HOBBIES,HOBBIES_1,7711.0,23604.090209960938,0.0001232090199580265,0.9333178001985298,B
FOODS_2_286,FOODS,FOODS_2,15056.0,23597.723754882812,0.00012317578823065192,0.9334409759867605,B
FOODS_3_648,FOODS,FOODS_3,23591.0,23591.0,0.00012314069146385513,0.9335641166782244,B
HOUSEHOLD_2_189,HOUSEHOLD,HOUSEHOLD_2,1629.0,23583.418212890625,0.0001231011159262696,0.9336872177941506,B
HOBBIES_2_115,HOBBIES,HOBBIES_2,9472.0,23571.77294921875,0.00012304032978660475,0.9338102581239373,B
FOODS_1_035,FOODS,FOODS_1,9226.0,23555.9873046875,0.00012295793161854146,0.9339332160555558,B
HOBBIES_1_400,HOBBIES,HOBBIES_1,21404.0,23532.893310546875,0.00012283738520647166,0.9340560534407623,B
FOODS_3_451,FOODS,FOODS_3,16143.0,23514.572143554688,0.00012274175207638633,0.9341787951928386,B
FOODS_3_262,FOODS,FOODS_3,3594.0,23511.26025390625,0.00012272446462009535,0.9343015196574588,B
HOUSEHOLD_1_239,HOUSEHOLD,HOUSEHOLD_1,5917.0,23465.747802734375,0.00012248689797571743,0.9344240065554344,B
FOODS_3_179,FOODS,FOODS_3,5409.0,23439.088134765625,0.00012234773940050363,0.9345463542948349,B
HOUSEHOLD_2_041,HOUSEHOLD,HOUSEHOLD_2,4425.0,23431.18212890625,0.00012230647150053157,0.9346686607663355,B
FOODS_3_050,FOODS,FOODS_3,11625.0,23428.2197265625,0.00012229100830384626,0.9347909517746393,B
HOBBIES_1_240,HOBBIES,HOBBIES_1,8171.0,23415.99725341797,0.000122227209236642,0.9349131789838759,B
FOODS_3_084,FOODS,FOODS_3,11901.0,23404.593505859375,0.00012216768376677447,0.9350353466676428,B
HOUSEHOLD_1_133,HOUSEHOLD,HOUSEHOLD_1,7491.0,23372.07843017578,0.00012199796103765415,0.9351573446286804,B
FOODS_1_135,FOODS,FOODS_1,9301.0,23294.761627197266,0.00012159438151238821,0.9352789390101928,B
FOODS_3_382,FOODS,FOODS_3,12128.0,23294.42041015625,0.00012159260042204147,0.9354005316106148,B
HOBBIES_1_419,HOBBIES,HOBBIES_1,3890.0,23262.152862548828,0.0001214241697440617,0.9355219557803588,B
FOODS_3_550,FOODS,FOODS_3,7838.0,23260.94757080078,0.00012141787834228686,0.9356433736587011,B
FOODS_1_102,FOODS,FOODS_1,13247.0,23253.159790039062,0.00012137722755563234,0.9357647508862568,B
HOUSEHOLD_1_245,HOUSEHOLD,HOUSEHOLD_1,9082.0,23211.350463867188,0.0001211589905442957,0.9358859098768011,B
HOBBIES_1_340,HOBBIES,HOBBIES_1,2923.0,23204.20623779297,0.00012112169899502889,0.9360070315757961,B
FOODS_2_271,FOODS,FOODS_2,2114.0,23202.96142578125,0.00012111520130472896,0.9361281467771009,B
HOBBIES_1_152,HOBBIES,HOBBIES_1,4603.0,23181.18780517578,0.0001210015470002472,0.9362491483241011,B
FOODS_1_066,FOODS,FOODS_1,17002.0,23093.340209960938,0.00012054299867172392,0.9363696913227728,B
FOODS_2_120,FOODS,FOODS_2,8498.0,23078.47119140625,0.00012046538512307345,0.9364901567078959,B
FOODS_1_125,FOODS,FOODS_1,4497.0,23052.646057128906,0.00012033058266060646,0.9366104872905565,B
HOUSEHOLD_1_509,HOUSEHOLD,HOUSEHOLD_1,7496.0,22979.567138671875,0.00011994912411496491,0.9367304364146715,B
HOBBIES_2_078,HOBBIES,HOBBIES_2,3688.0,22965.76141357422,0.0001198770607630644,0.9368503134754346,B
FOODS_3_408,FOODS,FOODS_3,7734.0,22948.057342529297,0.00011978464876059748,0.9369700981241952,B
FOODS_3_060,FOODS,FOODS_3,7715.0,22928.84765625,0.00011968437772286121,0.937089782501918,B
HOUSEHOLD_2_013,HOUSEHOLD,HOUSEHOLD_2,3925.0,22925.846801757812,0.00011966871381301634,0.937209451215731,B
HOUSEHOLD_1_010,HOUSEHOLD,HOUSEHOLD_1,7490.0,22911.68927001953,0.00011959481409500212,0.9373290460298259,B
FOODS_3_189,FOODS,FOODS_3,9149.0,22885.393188476562,0.00011945755337421915,0.9374485035832001,B
FOODS_3_433,FOODS,FOODS_3,22858.0,22857.06005859375,0.00011930965963486495,0.937567813242835,B
FOODS_2_193,FOODS,FOODS_2,4339.0,22856.68243408203,0.00011930768850420128,0.9376871209313392,B
HOUSEHOLD_2_435,HOUSEHOLD,HOUSEHOLD_2,3816.0,22771.94970703125,0.00011886539921597055,0.9378059863305552,B
HOUSEHOLD_2_068,HOUSEHOLD,HOUSEHOLD_2,7905.0,22766.332153320312,0.00011883607661632236,0.9379248224071716,B
HOUSEHOLD_1_189,HOUSEHOLD,HOUSEHOLD_1,4114.0,22727.94384765625,0.00011863569670433904,0.9380434581038759,B
HOUSEHOLD_1_340,HOUSEHOLD,HOUSEHOLD_1,4585.0,22719.117797851562,0.00011858962634378444,0.9381620477302197,B
FOODS_3_643,FOODS,FOODS_3,12748.0,22715.768310546875,0.00011857214263462635,0.9382806198728544,B
FOODS_2_249,FOODS,FOODS_2,7368.0,22711.398864746094,0.0001185493349292632,0.9383991692077837,B
FOODS_3_430,FOODS,FOODS_3,3794.0,22672.641357421875,0.00011834702785235592,0.9385175162356361,B
HOUSEHOLD_2_339,HOUSEHOLD,HOUSEHOLD_2,3271.0,22644.774780273438,0.00011820156943267089,0.9386357178050687,B
FOODS_2_350,FOODS,FOODS_2,4561.0,22618.962890625,0.00011806683610473662,0.9387537846411734,B
HOBBIES_1_220,HOBBIES,HOBBIES_1,7396.0,22588.16619873047,0.00011790608302370182,0.9388716907241972,B
FOODS_2_105,FOODS,FOODS_2,7267.0,22534.732666015625,0.00011762716978704962,0.9389893178939842,B
HOUSEHOLD_2_229,HOUSEHOLD,HOUSEHOLD_2,4805.0,22509.958251953125,0.0001174978518913153,0.9391068157458755,B
FOODS_1_169,FOODS,FOODS_1,7133.0,22501.738037109375,0.00011745494387809667,0.9392242706897536,B
FOODS_2_329,FOODS,FOODS_2,6377.0,22474.055236816406,0.00011731044473987734,0.9393415811344934,B
FOODS_3_078,FOODS,FOODS_3,7832.0,22452.375854492188,0.00011719728234193264,0.9394587784168353,B
FOODS_2_335,FOODS,FOODS_2,6286.0,22445.635131835938,0.0001171620970064718,0.9395759405138419,B
FOODS_3_486,FOODS,FOODS_3,8348.0,22430.044311523438,0.00011708071578508356,0.939693021229627,B
FOODS_3_658,FOODS,FOODS_3,8006.0,22400.137268066406,0.00011692460650565758,0.9398099458361326,B
FOODS_3_106,FOODS,FOODS_3,22327.0,22327.0,0.00011654284338576124,0.9399264886795184,B
FOODS_1_101,FOODS,FOODS_1,11249.0,22293.1875,0.00011636634833976397,0.9400428550278582,B
FOODS_3_773,FOODS,FOODS_3,4478.0,22287.515869140625,0.00011633674346732315,0.9401591917713256,B
HOUSEHOLD_2_031,HOUSEHOLD,HOUSEHOLD_2,3751.0,22280.85791015625,0.00011630199014304382,0.9402754937614686,B
HOUSEHOLD_2_513,HOUSEHOLD,HOUSEHOLD_2,8012.0,22273.405212402344,0.00011626308842820819,0.9403917568498967,B
FOODS_3_762,FOODS,FOODS_3,6190.0,22242.07830810547,0.00011609956773571787,0.9405078564176325,B
HOUSEHOLD_2_451,HOUSEHOLD,HOUSEHOLD_2,6500.0,22230.01416015625,0.00011603659509698322,0.9406238930127294,B
HOUSEHOLD_2_125,HOUSEHOLD,HOUSEHOLD_2,2504.0,22217.66943359375,0.00011597215788936852,0.9407398651706188,B
HOUSEHOLD_2_179,HOUSEHOLD,HOUSEHOLD_2,3761.0,22213.172119140625,0.00011594868273310179,0.9408558138533519,B
FOODS_2_202,FOODS,FOODS_2,7380.0,22130.520263671875,0.00011551725521272571,0.9409713311085647,B
FOODS_3_650,FOODS,FOODS_3,7421.0,22086.2509765625,0.00011528617765665515,0.9410866172862213,B
FOODS_2_001,FOODS,FOODS_2,11551.0,22075.126831054688,0.00011522811165819063,0.9412018453978795,B
FOODS_3_058,FOODS,FOODS_3,11119.0,22015.533081054688,0.00011491704321760209,0.9413167624410972,B
HOUSEHOLD_2_475,HOUSEHOLD,HOUSEHOLD_2,4425.0,21970.797729492188,0.00011468353289060091,0.9414314459739878,B
FOODS_2_180,FOODS,FOODS_2,9523.0,21955.340209960938,0.00011460284747483243,0.9415460488214626,B
HOUSEHOLD_1_195,HOUSEHOLD,HOUSEHOLD_1,5648.0,21910.434448242188,0.0001143684476380829,0.9416604172691008,B
FOODS_3_024,FOODS,FOODS_3,22125.0,21868.025756835938,0.00011414708205019588,0.9417745643511509,B
HOUSEHOLD_1_320,HOUSEHOLD,HOUSEHOLD_1,4907.0,21867.208251953125,0.00011414281482470546,0.9418887071659756,B
FOODS_2_011,FOODS,FOODS_2,8026.0,21800.46649169922,0.00011379443508212647,0.9420025016010577,B
HOUSEHOLD_2_148,HOUSEHOLD,HOUSEHOLD_2,3665.0,21767.570922851562,0.0001136227262485036,0.9421161243273062,B
HOBBIES_1_030,HOBBIES,HOBBIES_1,30543.0,21766.780212402344,0.00011361859888504021,0.9422297429261912,B
FOODS_2_012,FOODS,FOODS_2,7175.0,21760.317291259766,0.00011358486362250903,0.9423433277898138,B
FOODS_3_044,FOODS,FOODS_3,7553.0,21749.883911132812,0.00011353040329258922,0.9424568581931063,B
HOUSEHOLD_2_100,HOUSEHOLD,HOUSEHOLD_2,2582.0,21727.601684570312,0.00011341409415833206,0.9425702722872646,B
FOODS_2_124,FOODS,FOODS_2,8053.0,21725.916717529297,0.00011340529893953995,0.9426836775862042,B
FOODS_2_177,FOODS,FOODS_2,6578.0,21721.038635253906,0.00011337983624510525,0.9427970574224493,B
FOODS_1_119,FOODS,FOODS_1,6516.0,21715.641540527344,0.00011335166440090513,0.9429104090868502,B
FOODS_3_008,FOODS,FOODS_3,28621.0,21703.226684570312,0.0001132868611307185,0.943023695947981,B
FOODS_1_190,FOODS,FOODS_1,22246.0,21694.179809570312,0.00011323963810316193,0.9431369355860841,B
FOODS_2_205,FOODS,FOODS_2,7821.0,21682.06103515625,0.0001131763803243038,0.9432501119664084,B
FOODS_3_780,FOODS,FOODS_3,7271.0,21637.829711914062,0.00011294550093265427,0.9433630574673411,B
HOUSEHOLD_2_433,HOUSEHOLD,HOUSEHOLD_2,3502.0,21560.588745117188,0.00011254231725834187,0.9434755997845994,B
FOODS_3_824,FOODS,FOODS_3,8471.0,21542.599731445312,0.00011244841790764425,0.9435880482025071,B
FOODS_3_717,FOODS,FOODS_3,10866.0,21513.270568847656,0.00011229532506027317,0.9437003435275674,B
HOUSEHOLD_1_444,HOUSEHOLD,HOUSEHOLD_1,4409.0,21512.525939941406,0.00011229143823400892,0.9438126349658014,B
FOODS_2_179,FOODS,FOODS_2,4321.0,21504.731323242188,0.00011225075176501492,0.9439248857175664,B
FOODS_3_465,FOODS,FOODS_3,11707.0,21480.38250732422,0.00011212365541350524,0.9440370093729799,B
HOBBIES_1_080,HOBBIES,HOBBIES_1,38636.0,21475.111389160156,0.00011209614114384689,0.9441491055141237,B
HOBBIES_1_090,HOBBIES,HOBBIES_1,21097.0,21443.32843017578,0.00011193023992956587,0.9442610357540533,B
FOODS_2_284,FOODS,FOODS_2,8703.0,21442.99673461914,0.00011192850853962055,0.9443729642625929,B
HOUSEHOLD_1_311,HOUSEHOLD,HOUSEHOLD_1,5427.0,21391.105041503906,0.00011165764342277768,0.9444846219060157,B
HOUSEHOLD_2_303,HOUSEHOLD,HOUSEHOLD_2,3058.0,21333.437133789062,0.00011135662752555926,0.9445959785335413,B
FOODS_3_345,FOODS,FOODS_3,8386.0,21257.504638671875,0.00011096027383333315,0.9447069388073746,B
FOODS_1_071,FOODS,FOODS_1,10694.0,21226.448486328125,0.00011079816641635989,0.9448177369737909,B
HOUSEHOLD_1_507,HOUSEHOLD,HOUSEHOLD_1,12606.0,21222.671142578125,0.00011077844937506144,0.9449285154231659,B
FOODS_3_297,FOODS,FOODS_3,7365.0,21205.075134277344,0.00011068660144029132,0.9450392020246062,B
HOUSEHOLD_2_231,HOUSEHOLD,HOUSEHOLD_2,5336.0,21204.810913085938,0.00011068522225415215,0.9451498872468603,B
HOBBIES_1_072,HOBBIES,HOBBIES_1,10755.0,21187.192504882812,0.00011059325739600179,0.9452604805042564,B
HOUSEHOLD_1_159,HOUSEHOLD,HOUSEHOLD_1,2670.0,21173.102966308594,0.00011051971258982842,0.9453710002168462,B
FOODS_1_134,FOODS,FOODS_1,10685.0,21156.2265625,0.00011043162085847267,0.9454814318377046,B
HOUSEHOLD_2_028,HOUSEHOLD,HOUSEHOLD_2,3555.0,21114.7392578125,0.00011021506474019915,0.9455916469024448,B
HOUSEHOLD_2_095,HOUSEHOLD,HOUSEHOLD_2,3277.0,21065.14111328125,0.0001099561715261386,0.9457016030739709,B
HOUSEHOLD_2_022,HOUSEHOLD,HOUSEHOLD_2,3726.0,21036.068237304688,0.00010980441644790552,0.9458114074904188,B
HOUSEHOLD_2_074,HOUSEHOLD,HOUSEHOLD_2,21692.0,21031.34405517578,0.00010977975708399747,0.9459211872475028,B
FOODS_2_379,FOODS,FOODS_2,3013.0,21030.724884033203,0.0001097765251242403,0.9460309637726271,B
HOBBIES_1_334,HOBBIES,HOBBIES_1,3510.0,20989.765502929688,0.00010956272467021044,0.9461405264972973,B
HOUSEHOLD_2_471,HOUSEHOLD,HOUSEHOLD_2,6754.0,20969.855346679688,0.00010945879730775109,0.946249985294605,B
HOUSEHOLD_2_298,HOUSEHOLD,HOUSEHOLD_2,6107.0,20886.30584716797,0.00010902268425017269,0.9463590079788552,B
FOODS_2_394,FOODS,FOODS_2,7798.0,20868.412048339844,0.00010892928190348919,0.9464679372607587,B
HOUSEHOLD_1_279,HOUSEHOLD,HOUSEHOLD_1,21496.0,20851.443237304688,0.0001088407078233659,0.9465767779685821,B
HOUSEHOLD_1_022,HOUSEHOLD,HOUSEHOLD_1,4305.0,20836.208618164062,0.00010876118590673816,0.9466855391544888,B
FOODS_2_163,FOODS,FOODS_2,7755.0,20832.901306152344,0.00010874392234487093,0.9467942830768337,B
HOUSEHOLD_2_296,HOUSEHOLD,HOUSEHOLD_2,4466.0,20823.641235351562,0.00010869558647435198,0.946902978663308,B
HOUSEHOLD_1_154,HOUSEHOLD,HOUSEHOLD_1,6534.0,20813.460693359375,0.00010864244591310427,0.9470116211092211,B
FOODS_1_198,FOODS,FOODS_1,8173.0,20775.29360961914,0.00010844322073897298,0.9471200643299601,B
HOUSEHOLD_2_417,HOUSEHOLD,HOUSEHOLD_2,5221.0,20734.326049804688,0.00010822937759357267,0.9472282937075537,B
HOUSEHOLD_1_378,HOUSEHOLD,HOUSEHOLD_1,914.0,20715.468505859375,0.00010813094467420783,0.9473364246522279,B
HOBBIES_2_024,HOBBIES,HOBBIES_2,4340.0,20701.84262084961,0.00010805982005456859,0.9474444844722825,B
FOODS_3_243,FOODS,FOODS_3,13772.0,20637.687377929688,0.00010772494145789228,0.9475522094137404,B
FOODS_3_454,FOODS,FOODS_3,102575.0,20599.31182861328,0.00010752462813170317,0.9476597340418721,B
FOODS_2_354,FOODS,FOODS_2,4149.0,20598.995544433594,0.00010752297718631782,0.9477672570190584,B
HOUSEHOLD_2_184,HOUSEHOLD,HOUSEHOLD_2,10487.0,20576.634033203125,0.00010740625420064122,0.9478746632732591,B
FOODS_3_538,FOODS,FOODS_3,14490.0,20570.645385742188,0.00010737499455970725,0.9479820382678188,B
HOUSEHOLD_1_076,HOUSEHOLD,HOUSEHOLD_1,4139.0,20552.643432617188,0.00010728102766743848,0.9480893192954862,B
FOODS_3_749,FOODS,FOODS_3,11473.0,20551.86102294922,0.00010727694363253018,0.9481965962391188,B
HOUSEHOLD_2_046,HOUSEHOLD,HOUSEHOLD_2,2913.0,20540.929931640625,0.00010721988534156351,0.9483038161244604,B
HOUSEHOLD_2_470,HOUSEHOLD,HOUSEHOLD_2,21243.0,20525.216674804688,0.00010713786502398789,0.9484109539894844,B
FOODS_2_129,FOODS,FOODS_2,2163.0,20498.168426513672,0.00010699667813078956,0.9485179506676151,B
FOODS_3_061,FOODS,FOODS_3,6907.0,20474.384033203125,0.00010687252796172894,0.9486248231955768,B
FOODS_2_097,FOODS,FOODS_2,2722.0,20454.604248046875,0.00010676928111245816,0.9487315924766893,B
FOODS_3_153,FOODS,FOODS_3,11208.0,20364.803466796875,0.00010630053751120686,0.9488378930142005,B
FOODS_3_040,FOODS,FOODS_3,8121.0,20320.85711669922,0.00010607114562708418,0.9489439641598276,B
HOBBIES_1_002,HOBBIES,HOBBIES_1,5115.0,20303.501953125,0.00010598055485759593,0.9490499447146852,B
HOBBIES_1_395,HOBBIES,HOBBIES_1,2714.0,20288.881469726562,0.00010590423861685923,0.9491558489533021,B
HOBBIES_1_186,HOBBIES,HOBBIES_1,1251.0,20237.708282470703,0.00010563712396876903,0.9492614860772708,B
FOODS_3_197,FOODS,FOODS_3,10253.0,20221.873931884766,0.00010555447156403699,0.9493670405488348,B
HOUSEHOLD_2_010,HOUSEHOLD,HOUSEHOLD_2,2899.0,20196.09796142578,0.00010541992572768113,0.9494724604745625,B
FOODS_2_121,FOODS,FOODS_2,12387.0,20181.219116210938,0.00010534226088566766,0.9495778027354481,B
HOBBIES_1_289,HOBBIES,HOBBIES_1,4057.0,20163.25274658203,0.00010524847973271957,0.9496830512151808,B
FOODS_1_145,FOODS,FOODS_1,20573.0,20161.429626464844,0.00010523896338021852,0.949788290178561,B
FOODS_3_293,FOODS,FOODS_3,10172.0,20099.979614257812,0.00010491820559150095,0.9498932083841526,B
FOODS_3_579,FOODS,FOODS_3,10432.0,20098.12957763672,0.00010490854873978822,0.9499981169328924,B
HOUSEHOLD_1_530,HOUSEHOLD,HOUSEHOLD_1,10245.0,20097.373046875,0.00010490459978802222,0.9501030215326804,C
HOUSEHOLD_2_342,HOUSEHOLD,HOUSEHOLD_2,20702.0,20080.82682800293,0.00010481823156145196,0.950207839764242,C
FOODS_3_419,FOODS,FOODS_3,7384.0,20072.85968017578,0.00010477664451162662,0.9503126164087535,C
FOODS_3_312,FOODS,FOODS_3,6958.0,20034.84161376953,0.00010457819718063665,0.9504171946059342,C
HOUSEHOLD_1_020,HOUSEHOLD,HOUSEHOLD_1,2873.0,20024.788833618164,0.00010452572351275595,0.9505217203294469,C
HOUSEHOLD_2_300,HOUSEHOLD,HOUSEHOLD_2,2508.0,19966.833129882812,0.00010422320537311602,0.95062594353482,C
FOODS_3_340,FOODS,FOODS_3,6519.0,19965.46484375,0.00010421606317055933,0.9507301595979906,C
FOODS_2_113,FOODS,FOODS_2,7315.0,19964.32861328125,0.00010421013225599089,0.9508343697302466,C
HOUSEHOLD_2_079,HOUSEHOLD,HOUSEHOLD_2,4460.0,19955.004333496094,0.00010416146122635472,0.950938531191473,C
FOODS_1_188,FOODS,FOODS_1,6684.0,19910.348022460938,0.00010392836347640372,0.9510424595549494,C
HOUSEHOLD_1_330,HOUSEHOLD,HOUSEHOLD_1,8231.0,19907.6796875,0.00010391443525750046,0.9511463739902069,C
FOODS_3_004,FOODS,FOODS_3,3881.0,19906.360900878906,0.00010390755143331263,0.9512502815416402,C
HOUSEHOLD_1_363,HOUSEHOLD,HOUSEHOLD_1,6706.0,19898.640258789062,0.00010386725109820653,0.9513541487927384,C
HOUSEHOLD_2_345,HOUSEHOLD,HOUSEHOLD_2,3407.0,19896.899780273438,0.00010385816611970235,0.9514580069588581,C
HOBBIES_1_165,HOBBIES,HOBBIES_1,3995.0,19843.160400390625,0.00010357765641695095,0.9515615846152751,C
HOUSEHOLD_2_249,HOUSEHOLD,HOUSEHOLD_2,2362.0,19791.43212890625,0.00010330764433103615,0.9516648922596062,C
HOUSEHOLD_2_168,HOUSEHOLD,HOUSEHOLD_2,2870.0,19785.211303710938,0.0001032751727649293,0.9517681674323711,C
HOUSEHOLD_2_359,HOUSEHOLD,HOUSEHOLD_2,2083.0,19728.155212402344,0.0001029773504370939,0.9518711447828082,C
FOODS_2_223,FOODS,FOODS_2,9484.0,19703.86932373047,0.00010285058255426278,0.9519739953653624,C
HOUSEHOLD_2_073,HOUSEHOLD,HOUSEHOLD_2,960.0,19700.811889648438,0.0001028346233093403,0.9520768299886717,C
HOUSEHOLD_2_164,HOUSEHOLD,HOUSEHOLD_2,2326.0,19698.174255371094,0.00010282085534237234,0.9521796508440141,C
FOODS_3_251,FOODS,FOODS_3,6618.0,19683.63623046875,0.00010274496951985556,0.952282395813534,C
FOODS_1_163,FOODS,FOODS_1,20168.0,19657.14959716797,0.00010260671415385973,0.9523850025276879,C
HOBBIES_1_214,HOBBIES,HOBBIES_1,1986.0,19591.208984375,0.00010226251625403028,0.9524872650439419,C
HOBBIES_1_061,HOBBIES,HOBBIES_1,7015.0,19589.635009765625,0.00010225430039536618,0.9525895193443372,C
HOUSEHOLD_2_482,HOUSEHOLD,HOUSEHOLD_2,3320.0,19529.613647460938,0.00010194099989700655,0.9526914603442342,C
FOODS_2_235,FOODS,FOODS_2,7278.0,19513.216796875,0.00010185541134548344,0.9527933157555797,C
FOODS_2_296,FOODS,FOODS_2,6266.0,19511.195190429688,0.00010184485893076834,0.9528951606145104,C
FOODS_3_070,FOODS,FOODS_3,96308.0,19501.217407226562,0.00010179277673319685,0.9529969533912436,C
FOODS_3_747,FOODS,FOODS_3,19480.0,19479.5,0.00010167941585223881,0.9530986328070958,C
FOODS_2_336,FOODS,FOODS_2,7630.0,19411.004516601562,0.00010132188199662291,0.9531999546890925,C
HOBBIES_1_056,HOBBIES,HOBBIES_1,20623.0,19385.5304107666,0.00010118891183821757,0.9533011436009307,C
FOODS_2_238,FOODS,FOODS_2,11878.0,19376.16522216797,0.00010114002727208112,0.9534022836282028,C
HOBBIES_1_038,HOBBIES,HOBBIES_1,6036.0,19347.927978515625,0.00010099263404125652,0.9535032762622441,C
FOODS_2_213,FOODS,FOODS_2,4965.0,19346.370849609375,0.00010098450611407184,0.9536042607683581,C
HOUSEHOLD_2_056,HOUSEHOLD,HOUSEHOLD_2,3284.0,19345.828002929688,0.00010098167255400675,0.9537052424409121,C
HOUSEHOLD_2_283,HOUSEHOLD,HOUSEHOLD_2,3420.0,19314.00762939453,0.00010081557604263558,0.9538060580169548,C
HOBBIES_1_279,HOBBIES,HOBBIES_1,4982.0,19309.188598632812,0.00010079042158626731,0.9539068484385411,C
FOODS_3_445,FOODS,FOODS_3,7771.0,19249.368774414062,0.00010047817307973758,0.9540073266116209,C
HOUSEHOLD_1_312,HOUSEHOLD,HOUSEHOLD_1,8129.0,19219.303283691406,0.00010032123673465733,0.9541076478483556,C
FOODS_3_531,FOODS,FOODS_3,7740.0,19183.082641601562,0.00010013217162880306,0.9542077800199844,C
HOUSEHOLD_2_032,HOUSEHOLD,HOUSEHOLD_2,2331.0,19143.18133544922,9.992389413188005e-05,0.9543077039141162,C
FOODS_3_816,FOODS,FOODS_3,95426.0,19139.828887939453,9.990639497099459e-05,0.9544076103090873,C
FOODS_3_583,FOODS,FOODS_3,12826.0,19089.244018554688,9.964235123424546e-05,0.9545072526603215,C
FOODS_1_109,FOODS,FOODS_1,8551.0,19038.646850585938,9.93782433011445e-05,0.9546066309036227,C
FOODS_1_202,FOODS,FOODS_1,19462.0,18990.79119873047,9.912844557913459e-05,0.9547057593492019,C
HOUSEHOLD_2_015,HOUSEHOLD,HOUSEHOLD_2,4312.0,18973.196838378906,9.903660624635702e-05,0.9548047959554482,C
HOUSEHOLD_1_296,HOUSEHOLD,HOUSEHOLD_1,3848.0,18973.093627929688,9.903606750674941e-05,0.9549038320229549,C
HOUSEHOLD_1_144,HOUSEHOLD,HOUSEHOLD_1,6639.0,18961.815673828125,9.89771986556467e-05,0.9550028092216105,C
HOBBIES_1_114,HOBBIES,HOBBIES_1,3170.0,18920.37225341797,9.876087160524892e-05,0.9551015700932157,C
FOODS_1_212,FOODS,FOODS_1,3101.0,18900.05160522461,9.865480155016334e-05,0.9552002248947659,C
FOODS_2_132,FOODS,FOODS_2,7016.0,18879.424926757812,9.854713407320161e-05,0.9552987720288391,C
HOUSEHOLD_2_126,HOUSEHOLD,HOUSEHOLD_2,2704.0,18834.335815429688,9.83117771851326e-05,0.9553970838060242,C
HOBBIES_1_418,HOBBIES,HOBBIES_1,4851.0,18819.074981689453,9.823211843310483e-05,0.9554953159244572,C
HOUSEHOLD_1_337,HOUSEHOLD,HOUSEHOLD_1,3787.0,18816.886474609375,9.822069482769961e-05,0.9555935366192849,C
FOODS_2_188,FOODS,FOODS_2,6884.0,18809.576782226562,9.818253957466211e-05,0.9556917191588595,C
HOUSEHOLD_2_379,HOUSEHOLD,HOUSEHOLD_2,4298.0,18800.900329589844,9.813725008387585e-05,0.9557898564089434,C
FOODS_1_029,FOODS,FOODS_1,4691.0,18785.83268737793,9.805859975617863e-05,0.9558879150086996,C
FOODS_2_328,FOODS,FOODS_2,4244.0,18758.494567871094,9.791589978842001e-05,0.9559858309084881,C
FOODS_3_691,FOODS,FOODS_3,2505.0,18737.373779296875,9.780565314735813e-05,0.9560836365616354,C
FOODS_1_105,FOODS,FOODS_1,9895.0,18733.5341796875,9.77856111418966e-05,0.9561814221727774,C
FOODS_3_373,FOODS,FOODS_3,10277.0,18727.046997070312,9.77517492389195e-05,0.9562791739220162,C
FOODS_3_564,FOODS,FOODS_3,10229.0,18721.150634765625,9.772097130956845e-05,0.9563768948933258,C
FOODS_2_290,FOODS,FOODS_2,6993.0,18711.88623046875,9.767261281899501e-05,0.9564745675061448,C
HOBBIES_2_089,HOBBIES,HOBBIES_2,6289.0,18676.266845703125,9.748668616605295e-05,0.9565720541923108,C
FOODS_3_204,FOODS,FOODS_3,7518.0,18641.70751953125,9.730629282446805e-05,0.9566693604851353,C
FOODS_2_027,FOODS,FOODS_2,8683.0,18630.027404785156,9.724532476859032e-05,0.9567666058099039,C
FOODS_3_216,FOODS,FOODS_3,7442.0,18612.106567382812,9.715178128551051e-05,0.9568637575911895,C
FOODS_3_068,FOODS,FOODS_3,8135.0,18570.921813964844,9.693680442935109e-05,0.9569606943956188,C
FOODS_3_170,FOODS,FOODS_3,9369.0,18549.07684326172,9.682277769045106e-05,0.9570575171733092,C
HOBBIES_1_139,HOBBIES,HOBBIES_1,7171.0,18506.06866455078,9.6598282888829e-05,0.9571541154561981,C
HOBBIES_1_208,HOBBIES,HOBBIES_1,5711.0,18501.646759033203,9.657520135336962e-05,0.9572506906575515,C
FOODS_2_172,FOODS,FOODS_2,7478.0,18485.468505859375,9.649075384022891e-05,0.9573471814113917,C
FOODS_3_518,FOODS,FOODS_3,6416.0,18473.438720703125,9.642796056896858e-05,0.9574436093719607,C
HOUSEHOLD_1_314,HOUSEHOLD,HOUSEHOLD_1,2313.0,18457.71612548828,9.63458915067685e-05,0.9575399552634675,C
FOODS_2_239,FOODS,FOODS_2,1447.0,18434.639709472656,9.622543684928592e-05,0.9576361807003168,C
HOBBIES_1_271,HOBBIES,HOBBIES_1,3192.0,18417.87139892578,9.613790934492312e-05,0.9577323186096617,C
HOUSEHOLD_2_014,HOUSEHOLD,HOUSEHOLD_2,3080.0,18368.503479003906,9.588021786108132e-05,0.9578281988275228,C
FOODS_2_148,FOODS,FOODS_2,6808.0,18345.449584960938,9.575988076416362e-05,0.957923958708287,C
FOODS_3_157,FOODS,FOODS_3,6033.0,18331.61505126953,9.568766703668959e-05,0.9580196463753237,C
HOUSEHOLD_1_187,HOUSEHOLD,HOUSEHOLD_1,2817.0,18324.631591796875,9.565121465958507e-05,0.9581152975899833,C
HOUSEHOLD_2_048,HOUSEHOLD,HOUSEHOLD_2,4949.0,18323.191467285156,9.564369747387156e-05,0.9582109412874571,C
HOBBIES_1_385,HOBBIES,HOBBIES_1,1868.0,18307.132080078125,9.55598704192677e-05,0.9583065011578764,C
FOODS_3_223,FOODS,FOODS_3,9227.0,18269.384155273438,9.536283317787164e-05,0.9584018639910543,C
HOUSEHOLD_2_009,HOUSEHOLD,HOUSEHOLD_2,3110.0,18234.362915039062,9.518002872963363e-05,0.958497044019784,C
FOODS_3_374,FOODS,FOODS_3,7763.0,18222.351501464844,9.511733135466065e-05,0.9585921613511387,C
HOBBIES_1_333,HOBBIES,HOBBIES_1,3669.0,18219.838989257812,9.510421650194201e-05,0.9586872655676406,C
FOODS_3_527,FOODS,FOODS_3,3658.0,18210.856323242188,9.505732863350266e-05,0.9587823228962741,C
FOODS_3_623,FOODS,FOODS_3,6130.0,18177.288024902344,9.488210827536467e-05,0.9588772050045494,C
HOUSEHOLD_2_114,HOUSEHOLD,HOUSEHOLD_2,3059.0,18165.260498046875,9.481932679202007e-05,0.9589720243313414,C
HOUSEHOLD_2_150,HOUSEHOLD,HOUSEHOLD_2,2606.0,18163.777404785156,9.481158531731558e-05,0.9590668359166588,C
HOUSEHOLD_2_351,HOUSEHOLD,HOUSEHOLD_2,3062.0,18161.580169677734,9.480011615320908e-05,0.959161636032812,C
HOBBIES_2_120,HOBBIES,HOBBIES_2,7503.0,18148.304443359375,9.473081929769098e-05,0.9592563668521097,C
HOUSEHOLD_2_371,HOUSEHOLD,HOUSEHOLD_2,23229.0,18118.695770263672,9.457626745680537e-05,0.9593509431195665,C
FOODS_3_018,FOODS,FOODS_3,4007.0,18056.370727539062,9.425094216933886e-05,0.9594451940617358,C
FOODS_2_319,FOODS,FOODS_2,6727.0,18033.655364990234,9.413237214470595e-05,0.9595393264338805,C
FOODS_1_068,FOODS,FOODS_1,5038.0,18022.814361572266,9.407578409599879e-05,0.9596334022179765,C
HOUSEHOLD_1_493,HOUSEHOLD,HOUSEHOLD_1,6560.0,18020.341064453125,9.406287393884366e-05,0.9597274650919154,C
HOBBIES_1_176,HOBBIES,HOBBIES_1,3126.0,17994.851684570312,9.392982405271105e-05,0.9598213949159682,C
FOODS_2_260,FOODS,FOODS_2,6755.0,17983.467407226562,9.387040021379257e-05,0.959915265316182,C
HOBBIES_1_408,HOBBIES,HOBBIES_1,30023.0,17975.399353027344,9.382828645121958e-05,0.9600090936026332,C
HOBBIES_1_234,HOBBIES,HOBBIES_1,59908.0,17967.598999023438,9.37875700345478e-05,0.9601028811726677,C
FOODS_1_156,FOODS,FOODS_1,7615.0,17949.502380371094,9.369310900559577e-05,0.9601965742816734,C
FOODS_1_148,FOODS,FOODS_1,3643.0,17925.064514160156,9.356554782789598e-05,0.9602901398295013,C
FOODS_1_017,FOODS,FOODS_1,7748.0,17892.192443847656,9.339396165231505e-05,0.9603835337911536,C
FOODS_2_110,FOODS,FOODS_2,7591.0,17868.532470703125,9.32704609336921e-05,0.9604768042520873,C
FOODS_1_009,FOODS,FOODS_1,7422.0,17860.98846435547,9.323108260475064e-05,0.960570035334692,C
HOBBIES_2_117,HOBBIES,HOBBIES_2,6373.0,17852.87582397461,9.318873611049026e-05,0.9606632240708025,C
HOUSEHOLD_2_213,HOUSEHOLD,HOUSEHOLD_2,18471.0,17838.931274414062,9.31159481203653e-05,0.9607563400189228,C
HOBBIES_1_352,HOBBIES,HOBBIES_1,6894.0,17813.607971191406,9.298376512392655e-05,0.9608493237840467,C
HOBBIES_1_292,HOBBIES,HOBBIES_1,2701.0,17772.569915771484,9.27695540044004e-05,0.9609420933380511,C
FOODS_1_155,FOODS,FOODS_1,18126.0,17763.39288330078,9.272165157872839e-05,0.9610348149896298,C
FOODS_3_149,FOODS,FOODS_3,7141.0,17731.56982421875,9.255554104929528e-05,0.9611273705306791,C
HOBBIES_1_382,HOBBIES,HOBBIES_1,8996.0,17721.990112304688,9.250553671081357e-05,0.9612198760673899,C
HOUSEHOLD_2_410,HOUSEHOLD,HOUSEHOLD_2,12821.0,17711.462951660156,9.245058686379908e-05,0.9613123266542537,C
FOODS_3_599,FOODS,FOODS_3,9865.0,17677.4794921875,9.227319944072262e-05,0.9614045998536944,C
HOUSEHOLD_1_201,HOUSEHOLD,HOUSEHOLD_1,3651.0,17670.85186767578,9.22386044568247e-05,0.9614968384581513,C
FOODS_3_553,FOODS,FOODS_3,7052.0,17664.724975585938,9.220662320429331e-05,0.9615890450813556,C
HOUSEHOLD_2_187,HOUSEHOLD,HOUSEHOLD_2,5284.0,17594.590759277344,9.184053546356525e-05,0.9616808856168191,C
HOUSEHOLD_2_091,HOUSEHOLD,HOUSEHOLD_2,2003.0,17563.37353515625,9.167758728146811e-05,0.9617725632041005,C
FOODS_3_637,FOODS,FOODS_3,5902.0,17528.710205078125,9.149665105857548e-05,0.9618640598551591,C
FOODS_3_539,FOODS,FOODS_3,6575.0,17510.64990234375,9.14023795920519e-05,0.9619554622347511,C
FOODS_3_608,FOODS,FOODS_3,9771.0,17481.245971679688,9.124889646909281e-05,0.9620467111312202,C
HOUSEHOLD_2_034,HOUSEHOLD,HOUSEHOLD_2,1533.0,17416.51251220703,9.091099968810386e-05,0.9621376221309083,C
HOUSEHOLD_2_506,HOUSEHOLD,HOUSEHOLD_2,2549.0,17405.010284423828,9.085096016953329e-05,0.9622284730910778,C
HOUSEHOLD_2_272,HOUSEHOLD,HOUSEHOLD_2,3178.0,17379.64892578125,9.071857853078504e-05,0.9623191916696087,C
FOODS_3_707,FOODS,FOODS_3,15924.0,17369.350860595703,9.066482452003144e-05,0.9624098564941287,C
HOBBIES_2_076,HOBBIES,HOBBIES_2,6247.0,17366.369506835938,9.064926240043178e-05,0.9625005057565291,C
FOODS_3_145,FOODS,FOODS_3,6150.0,17356.58447265625,9.059818631739654e-05,0.9625911039428465,C
FOODS_3_667,FOODS,FOODS_3,8577.0,17343.46307373047,9.052969502255131e-05,0.9626816336378691,C
HOUSEHOLD_2_407,HOUSEHOLD,HOUSEHOLD_2,3498.0,17326.693969726562,9.044216337648839e-05,0.9627720758012456,C
HOUSEHOLD_1_052,HOUSEHOLD,HOUSEHOLD_1,4344.0,17311.176879882812,9.036116701461878e-05,0.9628624369682602,C
HOUSEHOLD_2_434,HOUSEHOLD,HOUSEHOLD_2,9197.0,17290.373291015625,9.025257609782698e-05,0.9629526895443581,C
HOBBIES_1_326,HOBBIES,HOBBIES_1,8770.0,17288.99969482422,9.024540617773873e-05,0.9630429349505358,C
HOUSEHOLD_2_323,HOUSEHOLD,HOUSEHOLD_2,4350.0,17269.444091796875,9.014332951804734e-05,0.9631330782800539,C
HOUSEHOLD_1_297,HOUSEHOLD,HOUSEHOLD_1,2138.0,17264.583557128906,9.01179584189037e-05,0.9632231962384729,C
HOBBIES_1_406,HOBBIES,HOBBIES_1,4441.0,17231.056243896484,8.99429519955064e-05,0.9633131391904683,C
FOODS_1_078,FOODS,FOODS_1,5129.0,17225.00762939453,8.991137933762124e-05,0.963403050569806,C
FOODS_2_133,FOODS,FOODS_2,6393.0,17216.587677001953,8.986742873104607e-05,0.9634929179985371,C
HOUSEHOLD_2_112,HOUSEHOLD,HOUSEHOLD_2,4336.0,17211.38232421875,8.984025774460899e-05,0.9635827582562817,C
HOUSEHOLD_1_244,HOUSEHOLD,HOUSEHOLD_1,5537.0,17140.8857421875,8.947227852129644e-05,0.963672230534803,C
FOODS_3_600,FOODS,FOODS_3,6837.0,17101.19403076172,8.926509507038912e-05,0.9637614956298733,C
FOODS_3_056,FOODS,FOODS_3,9281.0,17091.07550048828,8.921227819893521e-05,0.9638507079080723,C
HOUSEHOLD_2_080,HOUSEHOLD,HOUSEHOLD_2,1903.0,17078.943359375,8.914895064835972e-05,0.9639398568587206,C
HOUSEHOLD_1_367,HOUSEHOLD,HOUSEHOLD_1,4295.0,17051.081176757812,8.90035151673215e-05,0.9640288603738879,C
FOODS_3_190,FOODS,FOODS_3,17030.0,17030.0,8.889347529267317e-05,0.9641177538491806,C
FOODS_2_278,FOODS,FOODS_2,6882.0,16998.962524414062,8.873146536494883e-05,0.9642064853145456,C
HOBBIES_1_239,HOBBIES,HOBBIES_1,5712.0,16964.560119628906,8.855189112421026e-05,0.9642950372056698,C
HOUSEHOLD_2_038,HOUSEHOLD,HOUSEHOLD_2,2855.0,16952.705841064453,8.849001396515672e-05,0.9643835272196349,C
HOUSEHOLD_2_287,HOUSEHOLD,HOUSEHOLD_2,8906.0,16947.056579589844,8.84605258568e-05,0.9644719877454917,C
HOUSEHOLD_2_127,HOUSEHOLD,HOUSEHOLD_2,2887.0,16928.26824951172,8.836245422112235e-05,0.9645603501997129,C
HOBBIES_1_185,HOBBIES,HOBBIES_1,5357.0,16921.468994140625,8.832696335562976e-05,0.9646486771630685,C
FOODS_2_091,FOODS,FOODS_2,6601.0,16903.110778808594,8.823113684000817e-05,0.9647369082999084,C
FOODS_3_416,FOODS,FOODS_3,6343.0,16895.931640625,8.819366305593618e-05,0.9648251019629643,C
FOODS_2_050,FOODS,FOODS_2,16803.0,16803.0,8.770857694320536e-05,0.9649128105399075,C
HOUSEHOLD_2_420,HOUSEHOLD,HOUSEHOLD_2,2972.0,16784.64666748047,8.761277591496912e-05,0.9650004233158225,C
HOBBIES_1_191,HOBBIES,HOBBIES_1,1872.0,16783.869995117188,8.760872182773859e-05,0.9650880320376503,C
FOODS_3_111,FOODS,FOODS_3,3366.0,16762.652099609375,8.749796830630076e-05,0.9651755300059566,C
FOODS_3_630,FOODS,FOODS_3,6597.0,16761.77392578125,8.74933844000475e-05,0.9652630233903566,C
HOUSEHOLD_1_504,HOUSEHOLD,HOUSEHOLD_1,5449.0,16747.626831054688,8.741953916131944e-05,0.965350442929518,C
FOODS_2_366,FOODS,FOODS_2,6232.0,16738.06768798828,8.736964218844847e-05,0.9654378125717065,C
FOODS_2_123,FOODS,FOODS_2,5645.0,16693.876220703125,8.713897083758176e-05,0.965524951542544,C
HOBBIES_1_044,HOBBIES,HOBBIES_1,11257.0,16674.27978515625,8.703668103963046e-05,0.9656119882235836,C
FOODS_2_292,FOODS,FOODS_2,5422.0,16626.451293945312,8.678702509120149e-05,0.9656987752486749,C
HOUSEHOLD_1_382,HOUSEHOLD,HOUSEHOLD_1,7279.0,16596.165588378906,8.662893926504245e-05,0.9657854041879399,C
HOBBIES_1_265,HOBBIES,HOBBIES_1,4179.0,16590.56578063965,8.659970929611036e-05,0.965872003897236,C
HOUSEHOLD_2_499,HOUSEHOLD,HOUSEHOLD_2,8403.0,16553.88427734375,8.640823857932046e-05,0.9659584121358153,C
FOODS_3_478,FOODS,FOODS_3,9228.0,16546.79443359375,8.637123089580786e-05,0.9660447833667112,C
HOUSEHOLD_2_106,HOUSEHOLD,HOUSEHOLD_2,1972.0,16508.126220703125,8.616938991945997e-05,0.9661309527566306,C
HOUSEHOLD_2_105,HOUSEHOLD,HOUSEHOLD_2,3315.0,16497.14129638672,8.611205063006994e-05,0.9662170648072607,C
HOBBIES_1_283,HOBBIES,HOBBIES_1,1561.0,16445.155883789062,8.584069631472472e-05,0.9663029055035753,C
FOODS_3_390,FOODS,FOODS_3,9272.0,16432.926330566406,8.577686029081169e-05,0.9663886823638661,C
FOODS_2_337,FOODS,FOODS_2,2610.0,16417.310470581055,8.569534836692552e-05,0.966474377712233,C
FOODS_3_119,FOODS,FOODS_3,3830.0,16392.435302734375,8.556550455492434e-05,0.966559943216788,C
FOODS_3_323,FOODS,FOODS_3,6608.0,16387.314453125,8.55387746595498e-05,0.9666454819914475,C
HOBBIES_2_022,HOBBIES,HOBBIES_2,3297.0,16386.033630371094,8.5532088999783e-05,0.9667310140804473,C
FOODS_2_386,FOODS,FOODS_2,5981.0,16354.94400024414,8.5369806834924e-05,0.9668163838872822,C
FOODS_3_720,FOODS,FOODS_3,3745.0,16352.458801269531,8.535683455226711e-05,0.9669017407218344,C
HOUSEHOLD_1_172,HOUSEHOLD,HOUSEHOLD_1,8301.0,16348.67138671875,8.53370649432364e-05,0.9669870777867777,C
HOBBIES_2_070,HOBBIES,HOBBIES_2,1640.0,16343.19515991211,8.530848004409764e-05,0.9670723862668218,C
HOUSEHOLD_1_237,HOUSEHOLD,HOUSEHOLD_1,2777.0,16321.997314453125,8.519783118023586e-05,0.967157584098002,C
HOBBIES_2_128,HOBBIES,HOBBIES_2,3594.0,16315.266296386719,8.516269650095338e-05,0.967242746794503,C
FOODS_2_269,FOODS,FOODS_2,5923.0,16313.653533935547,8.515427817687198e-05,0.9673279010726799,C
FOODS_3_172,FOODS,FOODS_3,9160.0,16304.845153808594,8.510830004879308e-05,0.9674130093727287,C
HOUSEHOLD_2_494,HOUSEHOLD,HOUSEHOLD_2,2743.0,16239.509674072266,8.476726083248796e-05,0.9674977766335612,C
HOUSEHOLD_1_454,HOUSEHOLD,HOUSEHOLD_1,5457.0,16207.214660644531,8.459868678796564e-05,0.9675823753203492,C
HOBBIES_1_412,HOBBIES,HOBBIES_1,7908.0,16193.353805541992,8.452633566755503e-05,0.9676669016560168,C
FOODS_2_187,FOODS,FOODS_2,3182.0,16182.15673828125,8.446788903092008e-05,0.9677513695450477,C
HOUSEHOLD_2_210,HOUSEHOLD,HOUSEHOLD_2,1808.0,16158.023071289062,8.434191571732691e-05,0.9678357114607651,C
HOBBIES_1_088,HOBBIES,HOBBIES_1,6287.0,16157.566833496094,8.433953423975928e-05,0.9679200509950049,C
HOBBIES_1_125,HOBBIES,HOBBIES_1,1377.0,16157.12728881836,8.433723989719026e-05,0.9680043882349021,C
FOODS_3_425,FOODS,FOODS_3,6520.0,16145.276245117188,8.427537962352951e-05,0.9680886636145256,C
HOBBIES_1_363,HOBBIES,HOBBIES_1,5655.0,16111.024871826172,8.409659373947873e-05,0.968172760208265,C
FOODS_3_826,FOODS,FOODS_3,12548.0,16060.966491699219,8.38352981800538e-05,0.968256595506445,C
HOBBIES_1_368,HOBBIES,HOBBIES_1,3791.0,15995.8408203125,8.349535412483747e-05,0.9683400908605699,C
HOBBIES_1_290,HOBBIES,HOBBIES_1,2907.0,15965.702514648438,8.333803769912336e-05,0.968423428898269,C
FOODS_3_709,FOODS,FOODS_3,7024.0,15945.471923828125,8.323243772700112e-05,0.968506661335996,C
HOUSEHOLD_2_474,HOUSEHOLD,HOUSEHOLD_2,2220.0,15920.702087402344,8.310314372569056e-05,0.9685897644797218,C
HOBBIES_1_207,HOBBIES,HOBBIES_1,5940.0,15915.818603515625,8.307765283583582e-05,0.9686728421325577,C
HOBBIES_1_092,HOBBIES,HOBBIES_1,6821.0,15904.943542480469,8.302088701261592e-05,0.9687558630195703,C
HOUSEHOLD_2_386,HOUSEHOLD,HOUSEHOLD_2,3996.0,15864.067932128906,8.280752382654079e-05,0.9688386705433968,C
HOUSEHOLD_1_064,HOUSEHOLD,HOUSEHOLD_1,2743.0,15846.02001953125,8.271331703425752e-05,0.968921383860431,C
HOBBIES_1_018,HOBBIES,HOBBIES_1,1332.0,15823.575073242188,8.259615853288393e-05,0.9690039800189639,C
HOBBIES_1_051,HOBBIES,HOBBIES_1,2646.0,15823.05517578125,8.259344476352993e-05,0.9690865734637275,C
FOODS_3_575,FOODS,FOODS_3,2410.0,15805.871032714844,8.250374668971319e-05,0.9691690772104172,C
FOODS_1_022,FOODS,FOODS_1,3081.0,15805.626281738281,8.250246913452305e-05,0.9692515796795518,C
HOUSEHOLD_1_163,HOUSEHOLD,HOUSEHOLD_1,1584.0,15805.325012207031,8.250089656284762e-05,0.9693340805761146,C
FOODS_2_090,FOODS,FOODS_2,1769.0,15794.569915771484,8.244475693282627e-05,0.9694165253330475,C
FOODS_3_114,FOODS,FOODS_3,6100.0,15792.683380126953,8.243490956290814e-05,0.9694989602426104,C
HOBBIES_1_285,HOBBIES,HOBBIES_1,1451.0,15786.884643554688,8.240464122196771e-05,0.9695813648838324,C
HOUSEHOLD_1_433,HOUSEHOLD,HOUSEHOLD_1,1766.0,15784.791870117188,8.23937173286113e-05,0.969663758601161,C
HOUSEHOLD_2_372,HOUSEHOLD,HOUSEHOLD_2,1794.0,15734.023315429688,8.212871478828494e-05,0.9697458873159494,C
HOUSEHOLD_1_500,HOUSEHOLD,HOUSEHOLD_1,3543.0,15730.380340576172,8.210969912797179e-05,0.9698279970150773,C
HOBBIES_1_138,HOBBIES,HOBBIES_1,2673.0,15717.237976074219,8.204109839666577e-05,0.969910038113474,C
FOODS_1_033,FOODS,FOODS_1,2678.0,15705.438415527344,8.197950685562419e-05,0.9699920176203296,C
FOODS_3_803,FOODS,FOODS_3,15698.0,15696.019958496094,8.19303442380433e-05,0.9700739479645677,C
HOUSEHOLD_2_104,HOUSEHOLD,HOUSEHOLD_2,3159.0,15681.84359741211,8.185634623429937e-05,0.970155804310802,C
FOODS_3_447,FOODS,FOODS_3,8751.0,15642.611389160156,8.165156130564863e-05,0.9702374558721076,C
HOBBIES_1_293,HOBBIES,HOBBIES_1,4310.0,15636.817626953125,8.162131892998203e-05,0.9703190771910376,C
FOODS_2_084,FOODS,FOODS_2,5087.0,15605.4072265625,8.145736240320241e-05,0.9704005345534408,C
FOODS_2_203,FOODS,FOODS_2,4638.0,15559.534362792969,8.121791447119413e-05,0.970481752467912,C
FOODS_2_363,FOODS,FOODS_2,6208.0,15510.900024414062,8.096405214840723e-05,0.9705627165200604,C
HOUSEHOLD_2_322,HOUSEHOLD,HOUSEHOLD_2,6977.0,15488.860778808594,8.084901133016302e-05,0.9706435655313906,C
HOUSEHOLD_2_099,HOUSEHOLD,HOUSEHOLD_2,2607.0,15485.538940429688,8.083167194332441e-05,0.9707243972033339,C
FOODS_2_377,FOODS,FOODS_2,5793.0,15449.42138671875,8.06431449398931e-05,0.9708050403482739,C
FOODS_3_268,FOODS,FOODS_3,7092.0,15441.893798828125,8.060385231228485e-05,0.9708856442005861,C
FOODS_3_085,FOODS,FOODS_3,5181.0,15439.346374511719,8.059055522476104e-05,0.9709662347558109,C
FOODS_3_072,FOODS,FOODS_3,6175.0,15421.440185546875,8.049708820383724e-05,0.9710467318440147,C
FOODS_2_068,FOODS,FOODS_2,2116.0,15357.83154296875,8.01650627606535e-05,0.9711268969067753,C
FOODS_3_698,FOODS,FOODS_3,15351.0,15351.0,8.012940335982535e-05,0.9712070263101351,C
HOUSEHOLD_2_343,HOUSEHOLD,HOUSEHOLD_2,5520.0,15345.624694824219,8.010134525308232e-05,0.9712871276553882,C
HOUSEHOLD_2_516,HOUSEHOLD,HOUSEHOLD_2,2587.0,15331.326416015625,8.00267108611857e-05,0.9713671543662493,C
HOUSEHOLD_1_476,HOUSEHOLD,HOUSEHOLD_1,3164.0,15313.770446777344,7.993507192297536e-05,0.9714470894381723,C
HOUSEHOLD_1_496,HOUSEHOLD,HOUSEHOLD_1,1931.0,15313.588439941406,7.993412188068684e-05,0.9715270235600529,C
HOBBIES_2_145,HOBBIES,HOBBIES_2,5457.0,15258.923217773438,7.96487794510828e-05,0.971606672339504,C
FOODS_3_603,FOODS,FOODS_3,15191.0,15185.599975585938,7.926604558039735e-05,0.9716859383850844,C
FOODS_3_275,FOODS,FOODS_3,6100.0,15172.4267578125,7.91972838006752e-05,0.9717651356688851,C
HOUSEHOLD_1_264,HOUSEHOLD,HOUSEHOLD_1,2092.0,15167.038787841797,7.916915958602644e-05,0.9718443048284712,C
HOUSEHOLD_2_460,HOUSEHOLD,HOUSEHOLD_2,2546.0,15133.153015136719,7.899228206995293e-05,0.9719232971105412,C
HOBBIES_1_167,HOBBIES,HOBBIES_1,22562.0,15132.028991699219,7.898641487384783e-05,0.972002283525415,C
HOUSEHOLD_1_024,HOUSEHOLD,HOUSEHOLD_1,10267.0,15092.430450439453,7.877971775411202e-05,0.9720810632431691,C
FOODS_3_802,FOODS,FOODS_3,8970.0,15069.635498046875,7.866073228509809e-05,0.9721597239754542,C
HOBBIES_1_402,HOBBIES,HOBBIES_1,1540.0,15059.77294921875,7.86092515898206e-05,0.9722383332270441,C
FOODS_3_161,FOODS,FOODS_3,7517.0,15010.175659179688,7.835036283605248e-05,0.9723166835898802,C
FOODS_2_265,FOODS,FOODS_2,4152.0,14996.201904296875,7.827742239950396e-05,0.9723949610122797,C
HOUSEHOLD_2_170,HOUSEHOLD,HOUSEHOLD_2,10135.0,14984.24951171875,7.821503310330128e-05,0.9724731760453831,C
HOBBIES_2_113,HOBBIES,HOBBIES_2,2599.0,14919.367919921875,7.78763630987596e-05,0.9725510524084818,C
FOODS_3_484,FOODS,FOODS_3,7490.0,14891.368408203125,7.77302107850087e-05,0.9726287826192669,C
FOODS_3_457,FOODS,FOODS_3,5998.0,14890.339813232422,7.772484170799084e-05,0.9727065074609749,C
HOUSEHOLD_2_271,HOUSEHOLD,HOUSEHOLD_2,3230.0,14856.072204589844,7.754597107838379e-05,0.9727840534320532,C
HOUSEHOLD_1_229,HOUSEHOLD,HOUSEHOLD_1,5129.0,14844.158325195312,7.748378281393296e-05,0.9728615372148671,C
HOUSEHOLD_2_109,HOUSEHOLD,HOUSEHOLD_2,3844.0,14841.48828125,7.746984567444482e-05,0.9729390070605416,C
HOBBIES_1_149,HOBBIES,HOBBIES_1,9641.0,14840.143905639648,7.746282828042821e-05,0.9730164698888221,C
HOUSEHOLD_2_445,HOUSEHOLD,HOUSEHOLD_2,2694.0,14819.22055053711,7.735361220586288e-05,0.9730938235010279,C
FOODS_2_214,FOODS,FOODS_2,5938.0,14816.660034179688,7.734024678028714e-05,0.9731711637478082,C
FOODS_3_453,FOODS,FOODS_3,5265.0,14812.74038696289,7.731978694100221e-05,0.9732484835347492,C
FOODS_3_595,FOODS,FOODS_3,7485.0,14812.458023071289,7.731831305329689e-05,0.9733258018478025,C
FOODS_3_235,FOODS,FOODS_3,8266.0,14789.120483398438,7.719649537823522e-05,0.9734029983431807,C
HOUSEHOLD_2_129,HOUSEHOLD,HOUSEHOLD_2,2528.0,14768.081909179688,7.708667788102396e-05,0.9734800850210616,C
FOODS_3_641,FOODS,FOODS_3,7149.0,14752.544250488281,7.700557415354361e-05,0.9735570905952152,C
FOODS_3_710,FOODS,FOODS_3,4987.0,14748.717163085938,7.698559745950702e-05,0.9736340761926747,C
FOODS_3_343,FOODS,FOODS_3,4216.0,14734.749481201172,7.691268872289402e-05,0.9737109888813976,C
FOODS_3_193,FOODS,FOODS_3,6106.0,14693.344604492188,7.669656286354427e-05,0.9737876854442612,C
FOODS_3_522,FOODS,FOODS_3,5713.0,14667.560363769531,7.656197385792948e-05,0.9738642474181192,C
FOODS_3_701,FOODS,FOODS_3,7401.0,14659.663879394531,7.652075565835884e-05,0.9739407681737775,C
HOBBIES_2_029,HOBBIES,HOBBIES_2,5250.0,14646.573669433594,7.645242716418746e-05,0.9740172206009416,C
HOUSEHOLD_2_113,HOUSEHOLD,HOUSEHOLD_2,7783.0,14637.536041259766,7.640525240336688e-05,0.974093625853345,C
FOODS_2_178,FOODS,FOODS_2,5858.0,14635.760131835938,7.639598248202284e-05,0.974170021835827,C
HOUSEHOLD_2_317,HOUSEHOLD,HOUSEHOLD_2,3330.0,14629.081848144531,7.636112306650203e-05,0.9742463829588935,C
FOODS_2_089,FOODS,FOODS_2,3718.0,14572.823303222656,7.606746378446946e-05,0.9743224504226781,C
HOUSEHOLD_2_387,HOUSEHOLD,HOUSEHOLD_2,2440.0,14572.6005859375,7.606630124110568e-05,0.9743985167239192,C
HOBBIES_1_261,HOBBIES,HOBBIES_1,30902.0,14556.60757446289,7.598282065564627e-05,0.9744744995445749,C
HOBBIES_2_016,HOBBIES,HOBBIES_2,2927.0,14553.575744628906,7.596699506020066e-05,0.9745504665396351,C
HOUSEHOLD_2_424,HOUSEHOLD,HOUSEHOLD_2,5052.0,14546.394226074219,7.592950885102831e-05,0.9746263960484861,C
FOODS_2_270,FOODS,FOODS_2,4287.0,14539.568420410156,7.589387939787794e-05,0.974702289927884,C
FOODS_3_556,FOODS,FOODS_3,5783.0,14536.890747070312,7.587990243435021e-05,0.9747781698303183,C
HOUSEHOLD_1_108,HOUSEHOLD,HOUSEHOLD_1,2999.0,14535.318725585938,7.587169677064023e-05,0.9748540415270889,C
FOODS_2_280,FOODS,FOODS_2,3715.0,14530.311096191406,7.584555786401325e-05,0.9749298870849529,C
HOBBIES_1_221,HOBBIES,HOBBIES_1,4919.0,14426.938354492188,7.530597111943454e-05,0.9750051930560724,C
HOUSEHOLD_1_200,HOUSEHOLD,HOUSEHOLD_1,7238.0,14417.606567382812,7.525726090294342e-05,0.9750804503169753,C
HOBBIES_1_269,HOBBIES,HOBBIES_1,1225.0,14382.489776611328,7.507395769843355e-05,0.9751555242746738,C
FOODS_3_777,FOODS,FOODS_3,4807.0,14320.874694824219,7.475233827679536e-05,0.9752302766129506,C
HOUSEHOLD_2_414,HOUSEHOLD,HOUSEHOLD_2,2440.0,14302.127563476562,7.465448169093152e-05,0.9753049310946416,C
FOODS_3_309,FOODS,FOODS_3,7207.0,14269.807739257812,7.448577813863246e-05,0.9753794168727802,C
HOUSEHOLD_2_274,HOUSEHOLD,HOUSEHOLD_2,2320.0,14242.704833984375,7.434430594601449e-05,0.9754537611787262,C
FOODS_3_529,FOODS,FOODS_3,3569.0,14204.596618652344,7.414538805417269e-05,0.9755279065667803,C
HOUSEHOLD_1_317,HOUSEHOLD,HOUSEHOLD_1,7220.0,14150.581024169922,7.386343656189188e-05,0.9756017700033423,C
HOUSEHOLD_2_154,HOUSEHOLD,HOUSEHOLD_2,7517.0,14130.172668457031,7.375690868964714e-05,0.9756755269120319,C
HOBBIES_2_072,HOBBIES,HOBBIES_2,1961.0,14124.144714355469,7.37254438752612e-05,0.9757492523559071,C
HOUSEHOLD_2_098,HOUSEHOLD,HOUSEHOLD_2,4315.0,14110.040435791016,7.365182212904334e-05,0.9758229041780362,C
HOUSEHOLD_2_165,HOUSEHOLD,HOUSEHOLD_2,2414.0,14109.483215332031,7.364891354048765e-05,0.9758965530915766,C
HOBBIES_2_083,HOBBIES,HOBBIES_2,5108.0,14106.11801147461,7.3631347793808e-05,0.9759701844393704,C
HOUSEHOLD_2_205,HOUSEHOLD,HOUSEHOLD_2,2409.0,14080.47509765625,7.349749648870263e-05,0.9760436819358591,C
HOUSEHOLD_1_501,HOUSEHOLD,HOUSEHOLD_1,3550.0,14079.626953125,7.34930693298692e-05,0.976117175005189,C
HOUSEHOLD_2_063,HOUSEHOLD,HOUSEHOLD_2,3051.0,14047.80810546875,7.332698078330594e-05,0.9761905019859723,C
HOBBIES_2_036,HOBBIES,HOBBIES_2,14769.0,14013.311401367188,7.314691431743801e-05,0.9762636489002898,C
HOUSEHOLD_2_171,HOUSEHOLD,HOUSEHOLD_2,3625.0,14010.75634765625,7.313357740587461e-05,0.9763367824776957,C
HOBBIES_2_103,HOBBIES,HOBBIES_2,5133.0,14010.050689697266,7.312989400080462e-05,0.9764099123716965,C
FOODS_3_417,FOODS,FOODS_3,3108.0,13991.583129882812,7.303349672704759e-05,0.9764829458684235,C
FOODS_3_442,FOODS,FOODS_3,5630.0,13961.887817382812,7.287849264436838e-05,0.9765558243610679,C
HOUSEHOLD_1_231,HOUSEHOLD,HOUSEHOLD_1,4699.0,13960.485961914062,7.287117521603748e-05,0.976628695536284,C
FOODS_2_008,FOODS,FOODS_2,5584.0,13957.260009765625,7.285433633772846e-05,0.9767015498726217,C
FOODS_2_355,FOODS,FOODS_2,5488.0,13947.966796875,7.280582747158154e-05,0.9767743557000933,C
HOBBIES_2_102,HOBBIES,HOBBIES_2,2334.0,13936.349426269531,7.274518692860543e-05,0.9768471008870219,C
FOODS_3_375,FOODS,FOODS_3,7691.0,13922.301940917969,7.267186163253829e-05,0.9769197727486544,C
HOBBIES_1_206,HOBBIES,HOBBIES_1,4684.0,13900.155822753906,7.255626295914747e-05,0.9769923290116135,C
HOBBIES_1_313,HOBBIES,HOBBIES_1,11273.0,13865.717041015625,7.237649883738813e-05,0.9770647055104509,C
HOUSEHOLD_2_382,HOUSEHOLD,HOUSEHOLD_2,3983.0,13860.819458007812,7.235093435270822e-05,0.9771370564448036,C
HOBBIES_1_272,HOBBIES,HOBBIES_1,1640.0,13841.575866699219,7.225048633693999e-05,0.9772093069311406,C
FOODS_1_111,FOODS,FOODS_1,2307.0,13795.840911865234,7.20117582642714e-05,0.9772813186894049,C
HOBBIES_2_118,HOBBIES,HOBBIES_2,3471.0,13772.8310546875,7.189165103171022e-05,0.9773532103404367,C
FOODS_3_122,FOODS,FOODS_3,5489.0,13709.510009765625,7.156112679552296e-05,0.9774247714672322,C
HOBBIES_2_062,HOBBIES,HOBBIES_2,2399.0,13693.284362792969,7.14764318954483e-05,0.9774962478991276,C
HOBBIES_2_013,HOBBIES,HOBBIES_2,1921.0,13685.482299804688,7.143570655819166e-05,0.9775676836056858,C
FOODS_3_358,FOODS,FOODS_3,4753.0,13676.162139892578,7.138705703353688e-05,0.9776390706627194,C
HOUSEHOLD_2_279,HOUSEHOLD,HOUSEHOLD_2,3095.0,13624.341735839844,7.111656403251996e-05,0.9777101872267518,C
HOBBIES_1_250,HOBBIES,HOBBIES_1,2791.0,13615.371765136719,7.106974243128249e-05,0.9777812569691832,C
FOODS_3_427,FOODS,FOODS_3,5486.0,13602.331909179688,7.100167677577242e-05,0.9778522586459589,C
FOODS_1_014,FOODS,FOODS_1,13857.0,13579.813232421875,7.088413341488021e-05,0.9779231427793738,C
FOODS_2_254,FOODS,FOODS_2,2173.0,13574.741668701172,7.085766078280144e-05,0.9779940004401566,C
HOUSEHOLD_2_117,HOUSEHOLD,HOUSEHOLD_2,6179.0,13559.031921386719,7.077565878428403e-05,0.9780647760989409,C
HOBBIES_1_131,HOBBIES,HOBBIES_1,20262.0,13558.702453613281,7.077393902295826e-05,0.9781355500379639,C
HOBBIES_2_088,HOBBIES,HOBBIES_2,4920.0,13549.935791015625,7.072817865272786e-05,0.9782062782166167,C
HOUSEHOLD_2_004,HOUSEHOLD,HOUSEHOLD_2,2390.0,13547.22900390625,7.071404972066503e-05,0.9782769922663374,C
HOUSEHOLD_2_354,HOUSEHOLD,HOUSEHOLD_2,13940.0,13519.909240722656,7.05714455695457e-05,0.9783475637119069,C
HOBBIES_1_375,HOBBIES,HOBBIES_1,1367.0,13499.958862304688,7.046730825474961e-05,0.9784180310201617,C
FOODS_1_008,FOODS,FOODS_1,4018.0,13470.646301269531,7.031430206448869e-05,0.9784883453222262,C
HOBBIES_2_039,HOBBIES,HOBBIES_2,2708.0,13451.82568359375,7.021606189347547e-05,0.9785585613841197,C
HOUSEHOLD_1_043,HOUSEHOLD,HOUSEHOLD_1,4713.0,13438.654846191406,7.014731253885369e-05,0.9786287086966585,C
FOODS_2_221,FOODS,FOODS_2,12860.0,13393.510009765625,6.99116647759995e-05,0.9786986203614345,C
HOBBIES_1_229,HOBBIES,HOBBIES_1,2073.0,13375.659454345703,6.98184881519724e-05,0.9787684388495865,C
HOBBIES_1_115,HOBBIES,HOBBIES_1,19953.0,13375.167175292969,6.981591854564174e-05,0.9788382547681321,C
HOUSEHOLD_2_456,HOUSEHOLD,HOUSEHOLD_2,1521.0,13323.718139648438,6.954736401957603e-05,0.9789078021321517,C
FOODS_3_379,FOODS,FOODS_3,6330.0,13306.03695678711,6.945507148922789e-05,0.9789772572036409,C
HOUSEHOLD_2_400,HOUSEHOLD,HOUSEHOLD_2,3429.0,13304.530883789062,6.944721006451616e-05,0.9790467044137054,C
HOBBIES_1_399,HOBBIES,HOBBIES_1,6757.0,13302.300689697266,6.943556886055861e-05,0.979116139982566,C
HOUSEHOLD_2_503,HOUSEHOLD,HOUSEHOLD_2,1952.0,13297.057189941406,6.940819875392358e-05,0.9791855481813199,C
HOBBIES_1_006,HOBBIES,HOBBIES_1,13300.0,13272.841815948486,6.92817989447784e-05,0.9792548299802647,C
FOODS_2_273,FOODS,FOODS_2,4846.0,13246.734954833984,6.914552591991338e-05,0.9793239755061847,C
HOBBIES_1_190,HOBBIES,HOBBIES_1,1328.0,13235.151000976562,6.908505980623068e-05,0.9793930605659908,C
HOUSEHOLD_2_146,HOUSEHOLD,HOUSEHOLD_2,2045.0,13210.275024414062,6.895521177288131e-05,0.9794620157777637,C
HOUSEHOLD_1_216,HOUSEHOLD,HOUSEHOLD_1,1103.0,13202.894012451172,6.891668424472172e-05,0.9795309324620084,C
HOBBIES_1_315,HOBBIES,HOBBIES_1,3213.0,13168.994812011719,6.873973663833851e-05,0.9795996721986467,C
FOODS_3_397,FOODS,FOODS_3,6630.0,13168.105102539062,6.873509251813738e-05,0.9796684072911649,C
HOBBIES_1_053,HOBBIES,HOBBIES_1,3317.0,13167.463134765625,6.87317415641499e-05,0.9797371390327291,C
HOUSEHOLD_2_116,HOUSEHOLD,HOUSEHOLD_2,2326.0,13141.977966308594,6.859871366088715e-05,0.97980573774639,C
HOBBIES_2_133,HOBBIES,HOBBIES_2,4696.0,13136.351257324219,6.856934327239146e-05,0.9798743070896624,C
FOODS_3_597,FOODS,FOODS_3,4693.0,13112.993957519531,6.844742245306723e-05,0.9799427545121154,C
HOBBIES_2_048,HOBBIES,HOBBIES_2,4729.0,13105.27001953125,6.840710491397602e-05,0.9800111616170294,C
HOUSEHOLD_2_291,HOUSEHOLD,HOUSEHOLD_2,2671.0,13061.25668334961,6.817736337478571e-05,0.9800793389804042,C
FOODS_2_324,FOODS,FOODS_2,5209.0,13048.080261230469,6.810858486896694e-05,0.9801474475652732,C
FOODS_3_218,FOODS,FOODS_3,6533.0,13031.992248535156,6.802460839456654e-05,0.9802154721736678,C
HOUSEHOLD_2_428,HOUSEHOLD,HOUSEHOLD_2,1641.0,13029.517639160156,6.80116913876766e-05,0.9802834838650555,C
FOODS_2_369,FOODS,FOODS_2,2679.0,13018.019897460938,6.795167528564132e-05,0.9803514355403411,C
HOBBIES_1_122,HOBBIES,HOBBIES_1,7494.0,13011.21469116211,6.791615335739783e-05,0.9804193516936985,C
FOODS_3_003,FOODS,FOODS_3,3311.0,12987.416870117188,6.779193309802753e-05,0.9804871436267966,C
FOODS_1_052,FOODS,FOODS_1,13212.0,12947.715026855469,6.758469676079563e-05,0.9805547283235574,C
FOODS_3_038,FOODS,FOODS_3,2598.0,12936.523620605469,6.752627967359807e-05,0.9806222546032309,C
FOODS_1_149,FOODS,FOODS_1,13199.0,12934.984802246094,6.75182473241084e-05,0.980689772850555,C
HOUSEHOLD_2_422,HOUSEHOLD,HOUSEHOLD_2,2594.0,12871.95376586914,6.718923687931413e-05,0.9807569620874343,C
HOUSEHOLD_2_360,HOUSEHOLD,HOUSEHOLD_2,1615.0,12871.527282714844,6.718701071550091e-05,0.9808241490981499,C
HOUSEHOLD_1_463,HOUSEHOLD,HOUSEHOLD_1,4312.0,12847.275085449219,6.706041869562864e-05,0.9808912095168455,C
HOBBIES_1_107,HOBBIES,HOBBIES_1,3205.0,12753.716369628906,6.657205936543561e-05,0.9809577815762109,C
FOODS_3_778,FOODS,FOODS_3,6159.0,12743.665760040283,6.651959702749418e-05,0.9810243011732385,C
FOODS_3_669,FOODS,FOODS_3,18153.0,12721.287353515625,6.64027858514819e-05,0.9810907039590899,C
FOODS_2_130,FOODS,FOODS_2,8119.0,12684.167572021484,6.620902740291356e-05,0.9811569129864929,C
FOODS_1_084,FOODS,FOODS_1,2163.0,12672.955017089844,6.615049992347825e-05,0.9812230634864163,C
FOODS_3_016,FOODS,FOODS_3,4243.0,12641.12142944336,6.59843344368705e-05,0.9812890478208531,C
HOBBIES_1_255,HOBBIES,HOBBIES_1,6696.0,12567.085388183594,6.559787988581399e-05,0.9813546457007389,C
HOUSEHOLD_2_137,HOUSEHOLD,HOUSEHOLD_2,4272.0,12528.727233886719,6.539765735843514e-05,0.9814200433580974,C
HOBBIES_1_411,HOBBIES,HOBBIES_1,9393.0,12510.822998046875,6.530420053246548e-05,0.9814853475586298,C
FOODS_3_545,FOODS,FOODS_3,12485.0,12485.0,6.516940922072957e-05,0.9815505169678506,C
FOODS_2_160,FOODS,FOODS_2,4397.0,12481.5556640625,6.515143041911125e-05,0.9816156683982696,C
HOBBIES_2_003,HOBBIES,HOBBIES_2,6323.0,12456.244384765625,6.501931018535889e-05,0.981680687708455,C
FOODS_2_362,FOODS,FOODS_2,1677.0,12439.707641601562,6.493299142024581e-05,0.9817456206998753,C
FOODS_3_437,FOODS,FOODS_3,12393.0,12393.0,6.468918610112147e-05,0.9818103098859764,C
FOODS_2_226,FOODS,FOODS_2,1634.0,12391.5986328125,6.46818712215291e-05,0.981874991757198,C
HOUSEHOLD_2_264,HOUSEHOLD,HOUSEHOLD_2,3555.0,12371.379638671875,6.457633178194705e-05,0.9819395680889799,C
FOODS_2_246,FOODS,FOODS_2,6192.0,12359.17837524414,6.451264342557284e-05,0.9820040807324054,C
FOODS_3_421,FOODS,FOODS_3,4983.0,12357.819854736328,6.450555219778682e-05,0.9820685862846033,C
HOBBIES_2_136,HOBBIES,HOBBIES_2,4447.0,12338.208709716797,6.44031856190872e-05,0.9821329894702223,C
HOUSEHOLD_2_327,HOUSEHOLD,HOUSEHOLD_2,4121.0,12321.769287109375,6.431737484942315e-05,0.9821973068450718,C
HOUSEHOLD_2_278,HOUSEHOLD,HOUSEHOLD_2,1120.0,12297.805206298828,6.419228674458206e-05,0.9822614991318164,C
HOUSEHOLD_1_390,HOUSEHOLD,HOUSEHOLD_1,6575.0,12292.361999511719,6.416387420388664e-05,0.9823256630060203,C
HOBBIES_1_316,HOBBIES,HOBBIES_1,13026.0,12244.427551269531,6.391366517919582e-05,0.9823895766711995,C
HOBBIES_2_018,HOBBIES,HOBBIES_2,3640.0,12235.38656616211,6.386647289579781e-05,0.9824534431440953,C
HOUSEHOLD_2_476,HOUSEHOLD,HOUSEHOLD_2,3080.0,12224.613647460938,6.381024023681997e-05,0.9825172533843322,C
FOODS_3_567,FOODS,FOODS_3,6725.0,12180.129577636719,6.357804155438681e-05,0.9825808314258866,C
HOUSEHOLD_1_286,HOUSEHOLD,HOUSEHOLD_1,2466.0,12144.660705566406,6.339290055009782e-05,0.9826442243264367,C
FOODS_3_827,FOODS,FOODS_3,12142.0,12133.0,6.333203380657684e-05,0.9827075563602433,C
FOODS_3_188,FOODS,FOODS_3,6077.0,12032.125366210938,6.280548672693e-05,0.9827703618469702,C
HOUSEHOLD_2_333,HOUSEHOLD,HOUSEHOLD_2,2411.0,12009.114776611328,6.268537567126103e-05,0.9828330472226414,C
FOODS_2_040,FOODS,FOODS_2,4809.0,12008.580017089844,6.268258432467791e-05,0.982895729806966,C
HOUSEHOLD_2_221,HOUSEHOLD,HOUSEHOLD_2,4327.0,11985.806335449219,6.256370988508636e-05,0.9829582935168512,C
HOUSEHOLD_2_215,HOUSEHOLD,HOUSEHOLD_2,6259.0,11935.675567626953,6.230203647517377e-05,0.9830205955533263,C
HOBBIES_1_389,HOBBIES,HOBBIES_1,998.0,11921.476104736328,6.222791788423795e-05,0.9830828234712106,C
HOBBIES_1_391,HOBBIES,HOBBIES_1,3071.0,11912.856170654297,6.218292340993698e-05,0.9831450063946205,C
HOUSEHOLD_2_020,HOUSEHOLD,HOUSEHOLD_2,1401.0,11866.451599121094,6.194070006096142e-05,0.9832069470946815,C
FOODS_3_670,FOODS,FOODS_3,5955.0,11844.66049194336,6.182695447978091e-05,0.9832687740491612,C
FOODS_3_621,FOODS,FOODS_3,7893.0,11843.399963378906,6.182037475195943e-05,0.9833305944239132,C
HOBBIES_1_322,HOBBIES,HOBBIES_1,2982.0,11837.500671386719,6.178958153017718e-05,0.9833923840054434,C
HOUSEHOLD_2_024,HOUSEHOLD,HOUSEHOLD_2,5325.0,11820.733337402344,6.170205912329144e-05,0.9834540860645666,C
FOODS_2_390,FOODS,FOODS_2,1710.0,11803.394592285156,6.161155405513638e-05,0.9835156976186218,C
FOODS_2_114,FOODS,FOODS_2,4416.0,11768.242919921875,6.14280687751175e-05,0.9835771256873969,C
HOUSEHOLD_2_224,HOUSEHOLD,HOUSEHOLD_2,2964.0,11767.043151855469,6.142180620594733e-05,0.9836385474936028,C
FOODS_2_215,FOODS,FOODS_2,6354.0,11765.310302734375,6.141276105148275e-05,0.9836999602546543,C
FOODS_3_640,FOODS,FOODS_3,7842.0,11761.47998046875,6.139276747205337e-05,0.9837613530221264,C
FOODS_1_039,FOODS,FOODS_1,4731.0,11732.311004638672,6.124051077021757e-05,0.9838225935328966,C
HOUSEHOLD_2_167,HOUSEHOLD,HOUSEHOLD_2,4061.0,11695.694427490234,6.10493789560046e-05,0.9838836429118526,C
HOUSEHOLD_1_308,HOUSEHOLD,HOUSEHOLD_1,1691.0,11664.551940917969,6.0886820890199314e-05,0.9839445297327428,C
HOUSEHOLD_2_340,HOUSEHOLD,HOUSEHOLD_2,2334.0,11636.605712890625,6.074094670754094e-05,0.9840052706794503,C
HOUSEHOLD_2_280,HOUSEHOLD,HOUSEHOLD_2,1941.0,11587.745849609375,6.048590718614369e-05,0.9840657565866364,C
FOODS_3_315,FOODS,FOODS_3,6607.0,11539.594482421875,6.023456588435917e-05,0.9841259911525208,C
HOUSEHOLD_2_072,HOUSEHOLD,HOUSEHOLD_2,4471.0,11535.169647216797,6.0211469056468576e-05,0.9841862026215772,C
HOUSEHOLD_2_290,HOUSEHOLD,HOUSEHOLD_2,1846.0,11519.028198242188,6.0127213654494855e-05,0.9842463298352316,C
HOUSEHOLD_2_016,HOUSEHOLD,HOUSEHOLD_2,6367.0,11510.956909179688,6.008508300652907e-05,0.9843064149182381,C
HOUSEHOLD_2_319,HOUSEHOLD,HOUSEHOLD_2,5809.0,11501.796264648438,6.0037266122894095e-05,0.984366452184361,C
FOODS_3_602,FOODS,FOODS_3,4336.0,11461.16032409668,5.9825153969198716e-05,0.9844262773383302,C
HOBBIES_1_346,HOBBIES,HOBBIES_1,2892.0,11458.220947265625,5.980981096146488e-05,0.9844860871492916,C
HOBBIES_1_045,HOBBIES,HOBBIES_1,1082.0,11447.558044433594,5.975415256513797e-05,0.9845458413018567,C
HOBBIES_2_096,HOBBIES,HOBBIES_2,4192.0,11398.292846679688,5.949699727216525e-05,0.9846053382991289,C
HOUSEHOLD_2_253,HOUSEHOLD,HOUSEHOLD_2,1943.0,11377.863952636719,5.9390362193605923e-05,0.9846647286613225,C
FOODS_1_122,FOODS,FOODS_1,5739.0,11363.208251953125,5.931386212510247e-05,0.9847240425234476,C
HOBBIES_2_139,HOBBIES,HOBBIES_2,2285.0,11355.921325683594,5.927582570699911e-05,0.9847833183491546,C
HOUSEHOLD_2_404,HOUSEHOLD,HOUSEHOLD_2,3812.0,11321.606201171875,5.909670705327348e-05,0.9848424150562078,C
HOUSEHOLD_2_302,HOUSEHOLD,HOUSEHOLD_2,3753.0,11309.164031982422,5.90317612130251e-05,0.9849014468174209,C
HOBBIES_1_205,HOBBIES,HOBBIES_1,1920.0,11289.606018066406,5.892967196893719e-05,0.9849603764893898,C
HOUSEHOLD_2_180,HOUSEHOLD,HOUSEHOLD_2,3970.0,11274.807434082031,5.885242607582025e-05,0.9850192289154657,C
FOODS_3_703,FOODS,FOODS_3,5686.0,11258.259231567383,5.876604749499969e-05,0.9850779949629607,C
HOBBIES_1_036,HOBBIES,HOBBIES_1,10670.0,11230.10595703125,5.8619092567554854e-05,0.9851366140555282,C
HOBBIES_2_116,HOBBIES,HOBBIES_2,3767.0,11190.152465820312,5.841054267420104e-05,0.9851950245982024,C
HOUSEHOLD_2_007,HOUSEHOLD,HOUSEHOLD_2,4336.0,11186.867401123047,5.8393395239233264e-05,0.9852534179934417,C
FOODS_3_662,FOODS,FOODS_3,4500.0,11180.791870117188,5.836168208213642e-05,0.9853117796755239,C
FOODS_1_079,FOODS,FOODS_1,1734.0,11105.369674682617,5.7967992060622496e-05,0.9853697476675845,C
FOODS_2_158,FOODS,FOODS_2,8678.0,11097.781169891357,5.792838145797011e-05,0.9854276760490425,C
HOBBIES_1_082,HOBBIES,HOBBIES_1,2888.0,11080.853057861328,5.784001981918602e-05,0.9854855160688617,C
FOODS_3_036,FOODS,FOODS_3,3836.0,11046.171508789062,5.7658988496486836e-05,0.9855431750573582,C
HOBBIES_1_224,HOBBIES,HOBBIES_1,2783.0,11034.474884033203,5.759793426138744e-05,0.9856007729916196,C
FOODS_3_758,FOODS,FOODS_3,4457.0,11014.709930419922,5.7494764830049624e-05,0.9856582677564497,C
HOBBIES_1_110,HOBBIES,HOBBIES_1,3000.0,11010.01513671875,5.747025886834209e-05,0.9857157380153181,C
HOUSEHOLD_2_463,HOUSEHOLD,HOUSEHOLD_2,2012.0,11002.60173034668,5.743156224731037e-05,0.9857731695775654,C
HOUSEHOLD_2_362,HOUSEHOLD,HOUSEHOLD_2,2954.0,11000.41064453125,5.742012518137978e-05,0.9858305897027468,C
HOBBIES_2_110,HOBBIES,HOBBIES_2,1841.0,10987.813278198242,5.7354369240518e-05,0.9858879440719873,C
FOODS_3_137,FOODS,FOODS_3,4378.0,10970.085021972656,5.726183099584559e-05,0.9859452059029832,C
FOODS_3_815,FOODS,FOODS_3,4425.0,10966.769927978516,5.724452681345797e-05,0.9860024504297966,C
HOUSEHOLD_2_304,HOUSEHOLD,HOUSEHOLD_2,1812.0,10917.895568847656,5.6989411626385496e-05,0.986059439841423,C
FOODS_3_806,FOODS,FOODS_3,4402.0,10917.433471679688,5.698699956395545e-05,0.9861164268409869,C
FOODS_1_189,FOODS,FOODS_1,4603.0,10907.824096679688,5.6936840389607796e-05,0.9861733636813765,C
HOUSEHOLD_2_487,HOUSEHOLD,HOUSEHOLD_2,1096.0,10892.212646484375,5.6855351484016504e-05,0.9862302190328606,C
HOUSEHOLD_2_225,HOUSEHOLD,HOUSEHOLD_2,11234.0,10843.871948242188,5.660302190886545e-05,0.9862868220547695,C
FOODS_2_268,FOODS,FOODS_2,3012.0,10842.264434814453,5.6594630983723286e-05,0.9863434166857532,C
HOUSEHOLD_2_206,HOUSEHOLD,HOUSEHOLD_2,3768.0,10816.41030883789,5.645967718990584e-05,0.9863998763629431,C
FOODS_2_015,FOODS,FOODS_2,4211.0,10799.835205078125,5.637315818952168e-05,0.9864562495211326,C
HOUSEHOLD_2_161,HOUSEHOLD,HOUSEHOLD_2,985.0,10793.497039794922,5.6340074129685896e-05,0.9865125895952623,C
FOODS_2_046,FOODS,FOODS_2,2767.0,10777.952453613281,5.625893424197759e-05,0.9865688485295043,C
HOUSEHOLD_2_277,HOUSEHOLD,HOUSEHOLD_2,3229.0,10751.240936279297,5.6119505022590725e-05,0.9866249680345269,C
FOODS_2_310,FOODS,FOODS_2,2747.0,10745.32698059082,5.608863525900437e-05,0.9866810566697859,C
HOBBIES_1_119,HOBBIES,HOBBIES_1,6189.0,10740.277954101562,5.606228026713855e-05,0.986737118950053,C
FOODS_3_549,FOODS,FOODS_3,4397.0,10736.007385253906,5.603998868132852e-05,0.9867931589387343,C
HOBBIES_1_171,HOBBIES,HOBBIES_1,3770.0,10714.288696289062,5.592662110993184e-05,0.9868490855598443,C
FOODS_1_089,FOODS,FOODS_1,3170.0,10696.246978759766,5.5832446654768716e-05,0.986904918006499,C
FOODS_3_210,FOODS,FOODS_3,5224.0,10636.630065917969,5.552125730839598e-05,0.9869604392638074,C
FOODS_2_096,FOODS,FOODS_2,1336.0,10633.555419921875,5.550520822044017e-05,0.9870159444720278,C
FOODS_3_143,FOODS,FOODS_3,4284.0,10630.214538574219,5.548776943279873e-05,0.9870714322414605,C
HOUSEHOLD_2_502,HOUSEHOLD,HOUSEHOLD_2,1220.0,10618.89974975586,5.5428708311232867e-05,0.9871268609497718,C
HOUSEHOLD_1_253,HOUSEHOLD,HOUSEHOLD_1,3006.0,10609.667938232422,5.538051994895657e-05,0.9871822414697207,C
HOBBIES_1_318,HOBBIES,HOBBIES_1,2531.0,10601.970642089844,5.5340341475411616e-05,0.987237581811196,C
HOBBIES_1_106,HOBBIES,HOBBIES_1,4117.0,10573.727111816406,5.5192915429578396e-05,0.9872927747266256,C
HOBBIES_2_074,HOBBIES,HOBBIES_2,2657.0,10552.460693359375,5.508190862724876e-05,0.9873478566352528,C
HOUSEHOLD_1_402,HOUSEHOLD,HOUSEHOLD_1,1513.0,10536.333450317383,5.499772737763676e-05,0.9874028543626304,C
HOUSEHOLD_1_242,HOUSEHOLD,HOUSEHOLD_1,2163.0,10534.7119140625,5.4989263255909834e-05,0.9874578436258863,C
FOODS_2_165,FOODS,FOODS_2,2675.0,10514.121551513672,5.488178534137658e-05,0.9875127254112277,C
HOBBIES_2_092,HOBBIES,HOBBIES_2,2115.0,10511.529357910156,5.486825456638844e-05,0.987567593665794,C
HOUSEHOLD_2_352,HOUSEHOLD,HOUSEHOLD_2,3561.0,10453.36361694336,5.456464007093853e-05,0.987622158305865,C
FOODS_1_118,FOODS,FOODS_1,10660.0,10446.776550292969,5.453025679163508e-05,0.9876766885626566,C
FOODS_3_713,FOODS,FOODS_3,2902.0,10438.870147705078,5.448898682081297e-05,0.9877311775494774,C
HOUSEHOLD_2_085,HOUSEHOLD,HOUSEHOLD_2,1312.0,10410.357666015625,5.4340156897936034e-05,0.9877855177063753,C
HOUSEHOLD_2_267,HOUSEHOLD,HOUSEHOLD_2,5267.0,10406.11083984375,5.431798924453722e-05,0.9878398356956198,C
HOUSEHOLD_2_334,HOUSEHOLD,HOUSEHOLD_2,3465.0,10340.80500793457,5.397710478444995e-05,0.9878938128004043,C
HOUSEHOLD_2_092,HOUSEHOLD,HOUSEHOLD_2,1740.0,10329.504791259766,5.391811972679971e-05,0.9879477309201311,C
HOUSEHOLD_2_478,HOUSEHOLD,HOUSEHOLD_2,2091.0,10328.175262451172,5.391117983036415e-05,0.9880016420999614,C
HOUSEHOLD_2_364,HOUSEHOLD,HOUSEHOLD_2,1818.0,10323.821044921875,5.3888451613784024e-05,0.9880555305515752,C
HOUSEHOLD_1_065,HOUSEHOLD,HOUSEHOLD_1,10530.0,10319.38168334961,5.386527896092205e-05,0.9881093958305361,C
HOBBIES_2_069,HOBBIES,HOBBIES_2,3449.0,10249.899841308594,5.350259649417147e-05,0.9881628984270303,C
HOBBIES_1_039,HOBBIES,HOBBIES_1,1739.0,10223.436340332031,5.336446187466368e-05,0.988216262888905,C
HOUSEHOLD_2_202,HOUSEHOLD,HOUSEHOLD_2,1161.0,10193.951141357422,5.3210554546034845e-05,0.988269473443451,C
HOBBIES_1_365,HOBBIES,HOBBIES_1,2567.0,10190.957458496094,5.319492807078719e-05,0.9883226683715217,C
HOUSEHOLD_2_441,HOUSEHOLD,HOUSEHOLD_2,2086.0,10178.724853515625,5.313107611725834e-05,0.988375799447639,C
HOUSEHOLD_2_276,HOUSEHOLD,HOUSEHOLD_2,1860.0,10174.179290771484,5.310734911376524e-05,0.9884289067967528,C
FOODS_3_619,FOODS,FOODS_3,3607.0,10168.021759033203,5.307520792789085e-05,0.9884819820046806,C
FOODS_3_209,FOODS,FOODS_3,2553.0,10160.928344726562,5.3038181606727726e-05,0.9885350201862874,C
FOODS_3_165,FOODS,FOODS_3,2912.0,10123.41342163086,5.2842360591500805e-05,0.9885878625468789,C
HOUSEHOLD_1_139,HOUSEHOLD,HOUSEHOLD_1,2030.0,10109.388977050781,5.276915556403324e-05,0.988640631702443,C
HOBBIES_1_304,HOBBIES,HOBBIES_1,2543.0,10085.084930419922,5.2642292899987896e-05,0.988693273995343,C
FOODS_3_380,FOODS,FOODS_3,5063.0,10078.913146972656,5.261007732280755e-05,0.9887458840726658,C
HOUSEHOLD_1_271,HOUSEHOLD,HOUSEHOLD_1,3383.0,10076.425598144531,5.2597092774346465e-05,0.9887984811654402,C
HOBBIES_1_366,HOBBIES,HOBBIES_1,2536.0,10067.892791748047,5.2552553090577645e-05,0.9888510337185308,C
HOBBIES_1_325,HOBBIES,HOBBIES_1,1559.0,10033.293670654297,5.237195202680222e-05,0.9889034056705576,C
FOODS_3_436,FOODS,FOODS_3,4088.0,10032.269897460938,5.236660811857737e-05,0.9889557722786761,C
HOUSEHOLD_1_405,HOUSEHOLD,HOUSEHOLD_1,3362.0,10018.742904663086,5.229599969813932e-05,0.9890080682783743,C
FOODS_3_696,FOODS,FOODS_3,2221.0,10015.54443359375,5.227930426602092e-05,0.9890603475826403,C
FOODS_3_576,FOODS,FOODS_3,4001.0,10001.5,5.220599489956962e-05,0.9891125535775398,C
FOODS_3_722,FOODS,FOODS_3,3985.0,9986.165893554688,5.21259536774656e-05,0.9891646795312172,C
HOUSEHOLD_2_430,HOUSEHOLD,HOUSEHOLD_2,2498.0,9902.357727050781,5.1688490425648846e-05,0.9892163680216429,C
HOBBIES_1_102,HOBBIES,HOBBIES_1,1979.0,9855.40853881836,5.144342427743101e-05,0.9892678114459204,C
FOODS_3_033,FOODS,FOODS_3,3941.0,9850.5,5.141780260543024e-05,0.9893192292485258,C
HOUSEHOLD_2_429,HOUSEHOLD,HOUSEHOLD_2,1635.0,9822.050750732422,5.126930274419345e-05,0.98937049855127,C
HOUSEHOLD_2_081,HOUSEHOLD,HOUSEHOLD_2,3805.0,9778.858001708984,5.104384451940557e-05,0.9894215423957894,C
HOUSEHOLD_2_023,HOUSEHOLD,HOUSEHOLD_2,2455.0,9746.327514648438,5.087404134572528e-05,0.9894724164371351,C
HOUSEHOLD_2_263,HOUSEHOLD,HOUSEHOLD_2,1778.0,9725.642395019531,5.0766068816620284e-05,0.9895231825059517,C
FOODS_3_270,FOODS,FOODS_3,3263.0,9721.289245605469,5.07433461754057e-05,0.9895739258521271,C
HOBBIES_1_284,HOBBIES,HOBBIES_1,1990.0,9709.947448730469,5.068414407673968e-05,0.9896246099962038,C
HOUSEHOLD_1_388,HOUSEHOLD,HOUSEHOLD_1,2755.0,9695.73941040039,5.060998072358336e-05,0.9896752199769274,C
HOBBIES_2_140,HOBBIES,HOBBIES_2,3748.0,9686.842071533203,5.056353824720281e-05,0.9897257835151746,C
HOUSEHOLD_2_138,HOUSEHOLD,HOUSEHOLD_2,1623.0,9604.083038330078,5.0131551278718514e-05,0.9897759150664533,C
FOODS_2_395,FOODS,FOODS_2,2440.0,9563.627868652344,4.9920382715817245e-05,0.9898258354491691,C
HOUSEHOLD_2_144,HOUSEHOLD,HOUSEHOLD_2,2173.0,9556.743560791016,4.988444789193127e-05,0.989875719897061,C
FOODS_3_743,FOODS,FOODS_3,3205.0,9548.973266601562,4.984388838197549e-05,0.989925563785443,C
HOUSEHOLD_2_393,HOUSEHOLD,HOUSEHOLD_2,1793.0,9493.212280273438,4.9552826264509005e-05,0.9899751166117076,C
HOUSEHOLD_2_169,HOUSEHOLD,HOUSEHOLD_2,1625.0,9490.003356933594,4.953607627345636e-05,0.990024652687981,C
HOUSEHOLD_2_066,HOUSEHOLD,HOUSEHOLD_2,1367.0,9486.972198486328,4.952025418252623e-05,0.9900741729421635,C
FOODS_3_613,FOODS,FOODS_3,3292.0,9480.290954589844,4.948537931527805e-05,0.9901236583214788,C
HOUSEHOLD_2_338,HOUSEHOLD,HOUSEHOLD_2,1922.0,9456.246932983398,4.93598739341501e-05,0.9901730181954129,C
HOUSEHOLD_2_186,HOUSEHOLD,HOUSEHOLD_2,947.0,9451.055694580078,4.933277662218627e-05,0.9902223509720351,C
HOBBIES_2_020,HOBBIES,HOBBIES_2,2498.0,9449.146697998047,4.932281201029557e-05,0.9902716737840455,C
HOUSEHOLD_1_526,HOUSEHOLD,HOUSEHOLD_1,1903.0,9400.819580078125,4.907055332193499e-05,0.9903207443373674,C
HOBBIES_2_044,HOBBIES,HOBBIES_2,2103.0,9398.886352539062,4.906046222889455e-05,0.9903698047995962,C
FOODS_3_779,FOODS,FOODS_3,3783.0,9368.311920166016,4.890086930178116e-05,0.990418705668898,C
HOUSEHOLD_1_274,HOUSEHOLD,HOUSEHOLD_1,1900.0,9362.398986816406,4.887000487461612e-05,0.9904675756737726,C
HOUSEHOLD_2_018,HOUSEHOLD,HOUSEHOLD_2,1178.0,9348.635833740234,4.879816374085652e-05,0.9905163738375135,C
HOBBIES_1_263,HOBBIES,HOBBIES_1,1884.0,9343.310729980469,4.8770367676294e-05,0.9905651442051897,C
FOODS_2_393,FOODS,FOODS_2,2367.0,9288.795867919922,4.848581009886225e-05,0.9906136300152886,C
FOODS_2_159,FOODS,FOODS_2,2343.0,9266.490966796875,4.836938260755943e-05,0.9906619993978961,C
FOODS_3_745,FOODS,FOODS_3,4565.0,9247.941223144531,4.827255634924792e-05,0.9907102719542453,C
HOUSEHOLD_1_209,HOUSEHOLD,HOUSEHOLD_1,2612.0,9241.253448486328,4.823764739262185e-05,0.9907585096016379,C
HOBBIES_1_245,HOBBIES,HOBBIES_1,1851.0,9174.640197753906,4.788993844616576e-05,0.9908063995400841,C
FOODS_2_147,FOODS,FOODS_2,2467.0,9174.249053955078,4.788789674730393e-05,0.9908542874368313,C
HOUSEHOLD_2_174,HOUSEHOLD,HOUSEHOLD_2,2309.0,9166.705047607422,4.7848518418362465e-05,0.9909021359552497,C
HOBBIES_1_422,HOBBIES,HOBBIES_1,2745.0,9162.6806640625,4.782751187466201e-05,0.9909499634671244,C
HOBBIES_1_070,HOBBIES,HOBBIES_1,1545.0,9083.605590820312,4.741475450123155e-05,0.9909973782216256,C
HOBBIES_2_077,HOBBIES,HOBBIES_2,909.0,9045.570892333984,4.7216220353835266e-05,0.9910445944419795,C
HOBBIES_2_008,HOBBIES,HOBBIES_2,2377.0,9023.74658203125,4.710230145843446e-05,0.9910916967434379,C
HOBBIES_2_046,HOBBIES,HOBBIES_2,3304.0,9014.351379394531,4.705326022452625e-05,0.9911387500036624,C
HOBBIES_2_001,HOBBIES,HOBBIES_2,1591.0,9000.753387451172,4.698228120157575e-05,0.991185732284864,C
FOODS_2_185,FOODS,FOODS_2,4562.0,9000.218383789062,4.697948858062336e-05,0.9912327117734446,C
HOBBIES_1_127,HOBBIES,HOBBIES_1,8514.0,8997.345291137695,4.696449156414551e-05,0.9912796762650088,C
HOBBIES_1_305,HOBBIES,HOBBIES_1,3129.0,8980.218353271484,4.687509209097762e-05,0.9913265513570998,C
HOUSEHOLD_2_432,HOUSEHOLD,HOUSEHOLD_2,1642.0,8974.226165771484,4.6843813971689284e-05,0.9913733951710715,C
FOODS_1_057,FOODS,FOODS_1,3951.0,8965.784545898438,4.679975026484167e-05,0.9914201949213364,C
HOBBIES_1_307,HOBBIES,HOBBIES_1,2250.0,8932.476470947266,4.662588822504611e-05,0.9914668208095614,C
FOODS_3_180,FOODS,FOODS_3,3026.0,8919.386878967285,4.655756295662194e-05,0.991513378372518,C
FOODS_1_070,FOODS,FOODS_1,9098.0,8903.910766601562,4.6476780489668975e-05,0.9915598551530076,C
HOBBIES_1_013,HOBBIES,HOBBIES_1,4512.0,8888.606384277344,4.6396894422023195e-05,0.9916062520474296,C
HOUSEHOLD_2_313,HOUSEHOLD,HOUSEHOLD_2,4500.0,8862.778427124023,4.6262077224661546e-05,0.9916525141246543,C
HOUSEHOLD_2_498,HOUSEHOLD,HOUSEHOLD_2,2973.0,8851.69580078125,4.620422794862048e-05,0.9916987183526029,C
FOODS_2_259,FOODS,FOODS_2,2494.0,8830.336364746094,4.6092735611600135e-05,0.9917448110882146,C
HOBBIES_2_006,HOBBIES,HOBBIES_2,2254.0,8826.789245605469,4.6074220300520434e-05,0.9917908853085151,C
HOBBIES_1_156,HOBBIES,HOBBIES_1,4760.0,8820.803466796875,4.604297563342536e-05,0.9918369282841485,C
HOBBIES_1_314,HOBBIES,HOBBIES_1,2221.0,8817.349426269531,4.602494617562868e-05,0.9918829532303242,C
HOUSEHOLD_1_466,HOUSEHOLD,HOUSEHOLD_1,2219.0,8794.0830078125,4.590349974026409e-05,0.9919288567300645,C
HOBBIES_1_162,HOBBIES,HOBBIES_1,2208.0,8785.841705322266,4.5860481653400017e-05,0.9919747172117179,C
FOODS_3_626,FOODS,FOODS_3,2194.0,8731.612060546875,4.55774128578644e-05,0.9920202946245757,C
FOODS_3_548,FOODS,FOODS_3,3407.0,8726.298217773438,4.554967557358432e-05,0.9920658443001493,C
HOUSEHOLD_2_094,HOUSEHOLD,HOUSEHOLD_2,1471.0,8711.155990600586,4.547063592607604e-05,0.9921113149360754,C
FOODS_3_047,FOODS,FOODS_3,8709.0,8709.0,4.5459382050727575e-05,0.9921567743181261,C
HOUSEHOLD_2_310,HOUSEHOLD,HOUSEHOLD_2,6120.0,8689.968231201172,4.536003970959461e-05,0.9922021343578357,C
FOODS_2_007,FOODS,FOODS_2,3171.0,8643.20620727539,4.511595052471605e-05,0.9922472503083604,C
HOBBIES_2_054,HOBBIES,HOBBIES_2,2017.0,8633.532836914062,4.5065457306324295e-05,0.9922923157656667,C
HOBBIES_1_227,HOBBIES,HOBBIES_1,4384.0,8632.4912109375,4.5060020209846795e-05,0.9923373757858766,C
FOODS_2_168,FOODS,FOODS_2,2200.0,8626.476959228516,4.5028626919435964e-05,0.992382404412796,C
FOODS_3_364,FOODS,FOODS_3,3099.0,8614.332214355469,4.4965233579547056e-05,0.9924273696463756,C
HOUSEHOLD_1_116,HOUSEHOLD,HOUSEHOLD_1,2895.0,8596.046875,4.4869787463151666e-05,0.9924722394338387,C
FOODS_3_409,FOODS,FOODS_3,3096.0,8592.725555419922,4.485245078434775e-05,0.992517091884623,C
HOBBIES_2_134,HOBBIES,HOBBIES_2,1482.0,8580.52392578125,4.478876051641964e-05,0.9925618806451394,C
FOODS_2_023,FOODS,FOODS_2,6698.0,8563.65219116211,4.4700693157376124e-05,0.9926065813382968,C
FOODS_2_057,FOODS,FOODS_2,2173.0,8528.653652191162,4.451800720556793e-05,0.9926510993455024,C
FOODS_1_077,FOODS,FOODS_1,2765.0,8521.41226196289,4.448020847724489e-05,0.9926955795539797,C
HOBBIES_2_146,HOBBIES,HOBBIES_2,4264.0,8399.082946777344,4.3841671897267434e-05,0.992739421225877,C
HOUSEHOLD_2_087,HOUSEHOLD,HOUSEHOLD_2,1057.0,8389.638854980469,4.379237547091351e-05,0.9927832136013479,C
HOBBIES_1_294,HOBBIES,HOBBIES_1,2158.0,8373.047760009766,4.370577299934237e-05,0.9928269193743473,C
FOODS_1_179,FOODS,FOODS_1,2339.0,8370.034362792969,4.369004361877641e-05,0.9928706094179661,C
FOODS_3_443,FOODS,FOODS_3,3351.0,8349.939880371094,4.3585154107520504e-05,0.9929141945720736,C
FOODS_3_647,FOODS,FOODS_3,7267.0,8334.102409362793,4.3502485414756274e-05,0.9929576970574884,C
HOUSEHOLD_2_413,HOUSEHOLD,HOUSEHOLD_2,2259.0,8313.109313964844,4.339290530864504e-05,0.993001089962797,C
HOUSEHOLD_2_227,HOUSEHOLD,HOUSEHOLD_2,2092.0,8310.903930664062,4.338139361246425e-05,0.9930444713564095,C
FOODS_3_735,FOODS,FOODS_3,4115.0,8230.0,4.2959089938854975e-05,0.9930874304463484,C
HOUSEHOLD_2_396,HOUSEHOLD,HOUSEHOLD_2,945.0,8227.275146484375,4.29448667034664e-05,0.9931303753130518,C
HOUSEHOLD_2_120,HOUSEHOLD,HOUSEHOLD_2,1036.0,8225.83871459961,4.293736879258807e-05,0.9931733126818444,C
FOODS_3_278,FOODS,FOODS_3,8218.0,8214.25,4.287687782870467e-05,0.9932161895596731,C
FOODS_1_131,FOODS,FOODS_1,2896.0,8212.081573486328,4.286555904017167e-05,0.9932590551187133,C
FOODS_2_017,FOODS,FOODS_2,2225.0,8163.164642333984,4.2610221634958264e-05,0.9933016653403482,C
FOODS_3_337,FOODS,FOODS_3,2046.0,8137.156280517578,4.247446275835641e-05,0.9933441398031067,C
FOODS_2_155,FOODS,FOODS_2,3238.0,8085.100006103516,4.220273855733145e-05,0.993386342541664,C
HOBBIES_2_004,HOBBIES,HOBBIES_2,3267.0,8071.968475341797,4.213419437616164e-05,0.9934284767360402,C
FOODS_3_736,FOODS,FOODS_3,4455.0,8043.586181640625,4.198604401069631e-05,0.9934704627800509,C
HOUSEHOLD_2_254,HOUSEHOLD,HOUSEHOLD_2,1824.0,8019.874114990234,4.1862271373531035e-05,0.9935123250514244,C
HOUSEHOLD_2_399,HOUSEHOLD,HOUSEHOLD_2,2996.0,7999.323791503906,4.1755002455557556e-05,0.9935540800538799,C
HOUSEHOLD_2_053,HOUSEHOLD,HOUSEHOLD_2,4095.0,7998.082580566406,4.1748523562204314e-05,0.9935958285774421,C
HOBBIES_2_032,HOBBIES,HOBBIES_2,8072.0,7922.781051635742,4.135546339770059e-05,0.9936371840408398,C
HOBBIES_2_066,HOBBIES,HOBBIES_2,1594.0,7921.167205810547,4.134703941860557e-05,0.9936785310802584,C
FOODS_3_471,FOODS,FOODS_3,3166.0,7909.5,4.128613874500284e-05,0.9937198172190034,C
FOODS_3_796,FOODS,FOODS_3,2749.0,7907.7969970703125,4.127724938218114e-05,0.9937610944683856,C
HOUSEHOLD_2_134,HOUSEHOLD,HOUSEHOLD_2,1327.0,7877.5357666015625,4.111929131154112e-05,0.9938022137596971,C
HOBBIES_1_230,HOBBIES,HOBBIES_1,1754.0,7854.682769775391,4.100000286123396e-05,0.9938432137625584,C
HOUSEHOLD_2_194,HOUSEHOLD,HOUSEHOLD_2,1253.0,7854.312530517578,4.099807028024061e-05,0.9938842118328386,C
HOBBIES_1_252,HOBBIES,HOBBIES_1,11491.0,7799.6905517578125,4.071295357329298e-05,0.9939249247864119,C
HOBBIES_1_145,HOBBIES,HOBBIES_1,6061.0,7776.196319580078,4.059031799210615e-05,0.993965515104404,C
FOODS_1_126,FOODS,FOODS_1,3329.0,7742.085968017578,4.041226821560318e-05,0.9940059273726196,C
HOUSEHOLD_2_464,HOUSEHOLD,HOUSEHOLD_2,2685.0,7730.899688720703,4.0353877890160216e-05,0.9940462812505098,C
FOODS_3_240,FOODS,FOODS_3,7694.0,7689.760009765625,4.01391363144267e-05,0.9940864203868242,C
HOBBIES_1_174,HOBBIES,HOBBIES_1,1572.0,7671.365661621094,4.004312119215361e-05,0.9941264635080163,C
HOUSEHOLD_1_208,HOUSEHOLD,HOUSEHOLD_1,8200.0,7645.268051147461,3.99068964539366e-05,0.9941663704044702,C
FOODS_3_164,FOODS,FOODS_3,2750.0,7604.400177001953,3.969357364943762e-05,0.9942060639781196,C
HOBBIES_2_105,HOBBIES,HOBBIES_2,2979.0,7599.43603515625,3.9667661739836306e-05,0.9942457316398594,C
HOUSEHOLD_2_306,HOUSEHOLD,HOUSEHOLD_2,1627.0,7565.761535644531,3.949188703106718e-05,0.9942852235268905,C
HOUSEHOLD_2_258,HOUSEHOLD,HOUSEHOLD_2,1895.0,7539.864715576172,3.935671038192417e-05,0.9943245802372724,C
HOUSEHOLD_2_097,HOUSEHOLD,HOUSEHOLD_2,1373.0,7519.756591796875,3.925174966528548e-05,0.9943638319869377,C
FOODS_3_521,FOODS,FOODS_3,2948.0,7486.843322753906,3.907994843989075e-05,0.9944029119353776,C
HOUSEHOLD_2_040,HOUSEHOLD,HOUSEHOLD_2,1878.0,7455.64599609375,3.8917104118888865e-05,0.9944418290394964,C
FOODS_3_510,FOODS,FOODS_3,3687.0,7454.42822265625,3.8910747564985255e-05,0.9944807397870614,C
HOBBIES_2_061,HOBBIES,HOBBIES_2,3763.0,7413.091522216797,3.86949775732533e-05,0.9945194347646347,C
HOBBIES_2_002,HOBBIES,HOBBIES_2,4020.0,7338.5777587890625,3.830602940013367e-05,0.9945577407940348,C
FOODS_2_277,FOODS,FOODS_2,5737.0,7336.146270751953,3.829333747871551e-05,0.9945960341315135,C
HOUSEHOLD_2_397,HOUSEHOLD,HOUSEHOLD_2,1047.0,7309.755798339844,3.81555840549147e-05,0.9946341897155685,C
FOODS_3_563,FOODS,FOODS_3,1928.0,7284.965118408203,3.802618125432798e-05,0.9946722158968229,C
FOODS_3_009,FOODS,FOODS_3,3197.0,7284.890411376953,3.802579129733229e-05,0.9947102416881202,C
HOUSEHOLD_2_436,HOUSEHOLD,HOUSEHOLD_2,3702.0,7253.617156982422,3.786255064748838e-05,0.9947481042387677,C
HOBBIES_1_212,HOBBIES,HOBBIES_1,967.0,7217.131912231445,3.767210436429296e-05,0.994785776343132,C
HOBBIES_2_031,HOBBIES,HOBBIES_2,1035.0,7211.854522705078,3.764455735927405e-05,0.9948234209004914,C
FOODS_1_056,FOODS,FOODS_1,3248.0,7206.139129638672,3.761472405614214e-05,0.9948610356245475,C
FOODS_3_359,FOODS,FOODS_3,2582.0,7175.970916748047,3.745725152019282e-05,0.9948984928760677,C
FOODS_2_341,FOODS,FOODS_2,2867.0,7159.820007324219,3.737294673641001e-05,0.9949358658228041,C
HOUSEHOLD_2_141,HOUSEHOLD,HOUSEHOLD_2,1489.0,7116.396789550781,3.714628550703412e-05,0.9949730121083111,C
HOUSEHOLD_2_008,HOUSEHOLD,HOUSEHOLD_2,2864.0,7092.795104980469,3.702308904407366e-05,0.9950100351973552,C
HOUSEHOLD_1_266,HOUSEHOLD,HOUSEHOLD_1,7076.0,7079.760009765625,3.695504823876431e-05,0.995046990245594,C
HOBBIES_1_065,HOBBIES,HOBBIES_1,1436.0,7007.684997558594,3.657882989954852e-05,0.9950835690754936,C
FOODS_3_633,FOODS,FOODS_3,2425.0,6982.486801147461,3.6447299937711e-05,0.9951200163754312,C
HOBBIES_2_137,HOBBIES,HOBBIES_2,2328.0,6912.146942138672,3.6080138779819756e-05,0.9951560965142111,C
FOODS_3_166,FOODS,FOODS_3,6893.0,6893.0,3.598019525498509e-05,0.9951920767094661,C
HOBBIES_2_043,HOBBIES,HOBBIES_2,7071.0,6858.860382080078,3.580199271346625e-05,0.9952278787021795,C
FOODS_3_798,FOODS,FOODS_3,3454.0,6838.916687011719,3.569789028452886e-05,0.9952635765924641,C
HOUSEHOLD_2_412,HOUSEHOLD,HOUSEHOLD_2,1127.0,6785.641021728516,3.541980108690389e-05,0.995298996393551,C
FOODS_3_371,FOODS,FOODS_3,2711.0,6776.750244140625,3.5373392859197385e-05,0.9953343697864102,C
FOODS_2_073,FOODS,FOODS_2,1127.0,6709.698089599609,3.5023392915391615e-05,0.9953693931793256,C
HOBBIES_2_007,HOBBIES,HOBBIES_2,6902.0,6706.518035888672,3.500679361850479e-05,0.995404399972944,C
HOBBIES_2_005,HOBBIES,HOBBIES_2,1496.0,6687.108932495117,3.490548166002165e-05,0.9954393054546041,C
HOUSEHOLD_2_060,HOUSEHOLD,HOUSEHOLD_2,837.0,6668.450225830078,3.480808663477668e-05,0.9954741135412389,C
FOODS_3_799,FOODS,FOODS_3,3189.0,6660.212951660156,3.476508957500552e-05,0.9955088786308139,C
FOODS_3_338,FOODS,FOODS_3,1800.0,6620.633285522461,3.4558490979943656e-05,0.9955434371217939,C
FOODS_2_287,FOODS,FOODS_2,2649.0,6607.769958496094,3.449134677306169e-05,0.995577928468567,C
HOBBIES_2_019,HOBBIES,HOBBIES_2,1963.0,6601.613830566406,3.445921291481059e-05,0.9956123876814817,C
FOODS_3_693,FOODS,FOODS_3,1893.0,6590.856460571289,3.440306141722544e-05,0.995646790742899,C
HOUSEHOLD_1_036,HOUSEHOLD,HOUSEHOLD_1,2193.0,6529.197052001953,3.408121061791721e-05,0.9956808719535168,C
FOODS_3_088,FOODS,FOODS_3,2344.0,6513.971527099609,3.4001736171544665e-05,0.9957148736896884,C
HOUSEHOLD_1_054,HOUSEHOLD,HOUSEHOLD_1,1657.0,6495.440887451172,3.3905009632628294e-05,0.995748778699321,C
HOUSEHOLD_2_130,HOUSEHOLD,HOUSEHOLD_2,813.0,6479.605026245117,3.3822349342736416e-05,0.9957826010486637,C
HOBBIES_2_093,HOBBIES,HOBBIES_2,3284.0,6469.470153808594,3.3769447168189706e-05,0.9958163704958318,C
HOUSEHOLD_2_065,HOUSEHOLD,HOUSEHOLD_2,1182.0,6464.942474365234,3.3745813512245405e-05,0.9958501163093441,C
FOODS_3_790,FOODS,FOODS_3,2654.0,6452.411071777344,3.368040189002995e-05,0.9958837967112341,C
HOBBIES_2_068,HOBBIES,HOBBIES_2,3265.0,6430.078063964844,3.356382768696527e-05,0.995917360538921,C
HOUSEHOLD_2_121,HOUSEHOLD,HOUSEHOLD_2,3251.0,6366.661865234375,3.323280676535622e-05,0.9959505933456864,C
HOBBIES_1_035,HOBBIES,HOBBIES_1,3105.0,6247.621398925781,3.261143737307018e-05,0.9959832047830595,C
HOBBIES_2_104,HOBBIES,HOBBIES_2,2104.0,6246.872497558594,3.260752824534377e-05,0.9960158123113048,C
HOUSEHOLD_2_458,HOUSEHOLD,HOUSEHOLD_2,1571.0,6244.518295288086,3.259523974144668e-05,0.9960484075510462,C
HOBBIES_2_051,HOBBIES,HOBBIES_2,3426.0,6191.706237792969,3.2319570491411605e-05,0.9960807271215376,C
FOODS_3_466,FOODS,FOODS_3,1629.0,6148.283233642578,3.209291037710882e-05,0.9961128200319147,C
HOBBIES_2_080,HOBBIES,HOBBIES_2,1544.0,6138.310897827148,3.204085661390159e-05,0.9961448608885286,C
HOUSEHOLD_2_496,HOUSEHOLD,HOUSEHOLD_2,4146.0,6136.077499389648,3.202919868384741e-05,0.9961768900872124,C
HOUSEHOLD_2_103,HOUSEHOLD,HOUSEHOLD_2,3104.0,6115.802398681641,3.19233663782782e-05,0.9962088134535907,C
FOODS_3_017,FOODS,FOODS_3,3029.0,6104.617370605469,3.186498258397773e-05,0.9962406784361747,C
FOODS_3_284,FOODS,FOODS_3,3076.0,6088.51806640625,3.178094716999872e-05,0.9962724593833447,C
HOUSEHOLD_2_216,HOUSEHOLD,HOUSEHOLD_2,874.0,6064.560943603516,3.165589538468172e-05,0.9963041152787294,C
HOUSEHOLD_2_177,HOUSEHOLD,HOUSEHOLD_2,2035.0,6064.299255371094,3.16545294201237e-05,0.9963357698081495,C
HOBBIES_1_136,HOBBIES,HOBBIES_1,1242.0,6060.964111328125,3.163712058016004e-05,0.9963674069287297,C
FOODS_3_350,FOODS,FOODS_3,1805.0,6057.65869140625,3.161986689465463e-05,0.9963990267956244,C
HOUSEHOLD_2_469,HOUSEHOLD,HOUSEHOLD_2,2037.0,6048.891052246094,3.157410142694715e-05,0.9964306008970514,C
HOUSEHOLD_1_057,HOUSEHOLD,HOUSEHOLD_1,3580.0,6012.182434082031,3.138248917552053e-05,0.9964619833862269,C
HOUSEHOLD_2_026,HOUSEHOLD,HOUSEHOLD_2,1505.0,5971.873123168945,3.11720819686082e-05,0.9964931554681955,C
FOODS_3_737,FOODS,FOODS_3,1716.0,5971.679748535156,3.1171072588500684e-05,0.996524326540784,C
HOBBIES_2_028,HOBBIES,HOBBIES_2,7034.0,5959.002746582031,3.1104900964313645e-05,0.9965554314417484,C
HOBBIES_1_217,HOBBIES,HOBBIES_1,1689.0,5860.8188400268555,3.059239898712629e-05,0.9965860238407356,C
HOBBIES_2_085,HOBBIES,HOBBIES_2,6022.0,5849.530654907227,3.053347673198648e-05,0.9966165573174676,C
FOODS_3_507,FOODS,FOODS_3,2951.0,5842.974258422852,3.04992535453222e-05,0.9966470565710129,C
FOODS_1_060,FOODS,FOODS_1,3477.0,5841.348251342773,3.049076608670807e-05,0.9966775473370997,C
HOUSEHOLD_1_300,HOUSEHOLD,HOUSEHOLD_1,1194.0,5820.853515625,3.0383787326687062e-05,0.9967079311244263,C
HOUSEHOLD_2_006,HOUSEHOLD,HOUSEHOLD_2,1584.0,5778.139984130859,3.0160830529474074e-05,0.9967380919549558,C
HOBBIES_2_112,HOBBIES,HOBBIES_2,2462.0,5758.613555908203,3.005890615691008e-05,0.9967681508611127,C
HOBBIES_2_049,HOBBIES,HOBBIES_2,2091.0,5757.4188232421875,3.0052669871606037e-05,0.9967982035309844,C
FOODS_3_366,FOODS,FOODS_3,3280.0,5707.195220947266,2.979051188277969e-05,0.9968279940428671,C
HOUSEHOLD_2_157,HOUSEHOLD,HOUSEHOLD_2,1037.0,5672.385467529297,2.9608811356919196e-05,0.9968576028542241,C
HOBBIES_2_142,HOBBIES,HOBBIES_2,24963.0,5670.393005371094,2.9598411070035355e-05,0.9968872012652942,C
HOUSEHOLD_2_190,HOUSEHOLD,HOUSEHOLD_2,5780.0,5633.59162902832,2.940631463793537e-05,0.9969166075799321,C
HOUSEHOLD_2_381,HOUSEHOLD,HOUSEHOLD_2,948.0,5629.121795654297,2.9382982927859264e-05,0.9969459905628599,C
HOUSEHOLD_2_017,HOUSEHOLD,HOUSEHOLD_2,1504.0,5594.875671386719,2.920422444274771e-05,0.9969751947873027,C
HOUSEHOLD_2_027,HOUSEHOLD,HOUSEHOLD_2,1123.0,5581.306060791016,2.9133393565224495e-05,0.9970043281808679,C
HOUSEHOLD_2_318,HOUSEHOLD,HOUSEHOLD_2,1404.0,5573.873748779297,2.9094598260222666e-05,0.9970334227791281,C
HOUSEHOLD_2_419,HOUSEHOLD,HOUSEHOLD_2,1019.0,5569.425598144531,2.907137973006708e-05,0.9970624941588582,C
FOODS_2_252,FOODS,FOODS_2,1429.0,5562.850784301758,2.903706040817122e-05,0.9970915312192663,C
FOODS_3_255,FOODS,FOODS_3,1394.0,5548.121490478516,2.8960176196981854e-05,0.9971204913954633,C
FOODS_3_256,FOODS,FOODS_3,2174.0,5536.440521240234,2.8899203680811704e-05,0.9971493905991441,C
HOUSEHOLD_2_151,HOUSEHOLD,HOUSEHOLD_2,1246.0,5531.772399902344,2.8874836943946586e-05,0.997178265436088,C
FOODS_2_071,FOODS,FOODS_2,1229.0,5505.917671203613,2.8739880004030004e-05,0.9972070053160921,C
HOUSEHOLD_1_199,HOUSEHOLD,HOUSEHOLD_1,3264.0,5485.381439208984,2.8632684641057652e-05,0.9972356380007331,C
HOBBIES_1_140,HOBBIES,HOBBIES_1,5167.0,5454.8758544921875,2.8473451086077552e-05,0.9972641114518191,C
HOUSEHOLD_2_057,HOUSEHOLD,HOUSEHOLD_2,1093.0,5432.208206176758,2.835513012098826e-05,0.9972924665819402,C
FOODS_3_517,FOODS,FOODS_3,1872.0,5410.444122314453,2.8241525596555996e-05,0.9973207081075367,C
HOBBIES_1_052,HOBBIES,HOBBIES_1,920.0,5408.602920532227,2.8231914861081116e-05,0.9973489400223978,C
HOUSEHOLD_1_250,HOUSEHOLD,HOUSEHOLD_1,2014.0,5397.510650634766,2.817401524745401e-05,0.9973771140376453,C
HOBBIES_2_091,HOBBIES,HOBBIES_2,5552.0,5385.436187744141,2.8110988766617834e-05,0.9974052250264119,C
HOBBIES_2_052,HOBBIES,HOBBIES_2,2158.0,5327.313079833984,2.7807596807901167e-05,0.9974330326232198,C
HOBBIES_1_011,HOBBIES,HOBBIES_1,1529.0,5320.91862487793,2.7774218926301277e-05,0.9974608068421461,C
HOBBIES_2_050,HOBBIES,HOBBIES_2,2697.0,5320.281768798828,2.7770894654420324e-05,0.9974885777368006,C
HOBBIES_1_223,HOBBIES,HOBBIES_1,4962.0,5275.315338134766,2.753617813690796e-05,0.9975161139149374,C
HOUSEHOLD_2_415,HOUSEHOLD,HOUSEHOLD_2,2122.0,5259.74006652832,2.745487807691241e-05,0.9975435687930143,C
FOODS_3_500,FOODS,FOODS_3,2115.0,5237.9300537109375,2.73410338117618e-05,0.9975709098268261,C
HOBBIES_1_267,HOBBIES,HOBBIES_1,1794.0,5166.725433349609,2.6969358758278895e-05,0.9975978791855843,C
HOUSEHOLD_1_502,HOUSEHOLD,HOUSEHOLD_1,1247.0,5165.669860839844,2.6963848863457023e-05,0.9976248430344478,C
HOBBIES_2_035,HOBBIES,HOBBIES_2,1155.0,5159.345626831055,2.6930837522317542e-05,0.9976517738719701,C
HOBBIES_1_175,HOBBIES,HOBBIES_1,2604.0,5132.363357543945,2.678999502741361e-05,0.9976785638669975,C
HOUSEHOLD_1_423,HOUSEHOLD,HOUSEHOLD_1,1731.0,5125.140739440918,2.6752294286139983e-05,0.9977053161612837,C
HOBBIES_2_056,HOBBIES,HOBBIES_2,1579.0,5123.828628540039,2.674544530798681e-05,0.9977320616065917,C
HOUSEHOLD_2_162,HOUSEHOLD,HOUSEHOLD_2,1288.0,5113.058746337891,2.668922849897673e-05,0.9977587508350907,C
HOUSEHOLD_2_358,HOUSEHOLD,HOUSEHOLD_2,1034.0,5111.796966552734,2.668264224001275e-05,0.9977854334773307,C
HOBBIES_2_059,HOBBIES,HOBBIES_2,22113.0,5000.134185791016,2.6099783012605057e-05,0.9978115332603433,C
HOUSEHOLD_2_365,HOUSEHOLD,HOUSEHOLD_2,1025.0,4991.747024536133,2.6056003569752057e-05,0.9978375892639131,C
HOBBIES_2_045,HOBBIES,HOBBIES_2,1927.0,4983.188781738281,2.6011331112635234e-05,0.9978636005950258,C
HOUSEHOLD_2_307,HOUSEHOLD,HOUSEHOLD_2,831.0,4969.379653930664,2.593924999921305e-05,0.9978895398450249,C
HOUSEHOLD_2_243,HOUSEHOLD,HOUSEHOLD_2,1890.0,4929.044891357422,2.572870993930463e-05,0.9979152685549643,C
FOODS_1_160,FOODS,FOODS_1,2193.0,4912.316848754883,2.56413926262228e-05,0.9979409099475904,C
HOUSEHOLD_2_286,HOUSEHOLD,HOUSEHOLD_2,2286.0,4892.049179077148,2.553559910926815e-05,0.9979664455466997,C
HOUSEHOLD_2_448,HOUSEHOLD,HOUSEHOLD_2,984.0,4882.517059326172,2.548584319314541e-05,0.9979919313898928,C
HOBBIES_2_100,HOBBIES,HOBBIES_2,5738.0,4874.151626586914,2.5442177169157168e-05,0.998017373567062,C
FOODS_2_094,FOODS,FOODS_2,3806.0,4844.5001220703125,2.52874017561133e-05,0.9980426609688181,C
HOBBIES_2_081,HOBBIES,HOBBIES_2,2436.0,4840.816970825195,2.526817638240766e-05,0.9980679291452005,C
HOBBIES_2_084,HOBBIES,HOBBIES_2,786.0,4829.718185424805,2.5210242759050743e-05,0.9980931393879595,C
HOBBIES_2_057,HOBBIES,HOBBIES_2,2449.0,4829.126129150391,2.5207152333930278e-05,0.9981183465402934,C
HOUSEHOLD_2_493,HOUSEHOLD,HOUSEHOLD_2,2489.0,4828.66455078125,2.520474297953493e-05,0.9981435512832729,C
HOBBIES_2_034,HOBBIES,HOBBIES_2,1723.0,4745.2994384765625,2.47695923893454e-05,0.9981683208756623,C
HOUSEHOLD_2_418,HOUSEHOLD,HOUSEHOLD_2,1705.0,4739.901351928711,2.4741415368020143e-05,0.9981930622910303,C
HOUSEHOLD_2_042,HOUSEHOLD,HOUSEHOLD_2,1104.0,4730.252380371094,2.4691049506907e-05,0.9982177533405372,C
HOBBIES_1_121,HOBBIES,HOBBIES_1,4471.0,4721.31623840332,2.464440448546108e-05,0.9982423977450227,C
HOBBIES_1_112,HOBBIES,HOBBIES_1,1775.0,4694.771865844727,2.4505847731133606e-05,0.9982669035927538,C
HOBBIES_2_114,HOBBIES,HOBBIES_2,2345.0,4671.17822265625,2.438269324271088e-05,0.9982912862859965,C
HOBBIES_1_331,HOBBIES,HOBBIES_1,4967.0,4668.987762451172,2.4371259442351535e-05,0.9983156575454388,C
HOBBIES_1_299,HOBBIES,HOBBIES_1,3659.0,4645.048004150391,2.4246298296548654e-05,0.9983399038437354,C
HOUSEHOLD_2_147,HOUSEHOLD,HOUSEHOLD_2,1170.0,4642.8153076171875,2.423464403030612e-05,0.9983641384877657,C
HOUSEHOLD_2_123,HOUSEHOLD,HOUSEHOLD_2,2342.0,4636.752777099609,2.4202998733372743e-05,0.9983883414864991,C
HOBBIES_2_060,HOBBIES,HOBBIES_2,4736.0,4598.617004394531,2.400393699709994e-05,0.9984123454234962,C
HOUSEHOLD_2_330,HOUSEHOLD,HOUSEHOLD_2,1240.0,4585.31755065918,2.39345162888187e-05,0.998436279939785,C
HOBBIES_2_127,HOBBIES,HOBBIES_2,1152.0,4573.438949584961,2.3872512170726943e-05,0.9984601524519557,C
HOUSEHOLD_2_392,HOUSEHOLD,HOUSEHOLD_2,916.0,4552.519714355469,2.3763317601143006e-05,0.9984839157695569,C
HOBBIES_2_011,HOBBIES,HOBBIES_2,4689.0,4548.33039855957,2.3741450141354637e-05,0.9985076572196983,C
HOBBIES_2_041,HOBBIES,HOBBIES_2,2299.0,4532.8262939453125,2.3660521560000406e-05,0.9985313177412583,C
HOUSEHOLD_2_175,HOUSEHOLD,HOUSEHOLD_2,759.0,4527.249496459961,2.3631411700371732e-05,0.9985549491529586,C
HOBBIES_1_396,HOBBIES,HOBBIES_1,2399.0,4507.366149902344,2.3527624279587514e-05,0.9985784767772382,C
HOBBIES_2_067,HOBBIES,HOBBIES_2,1513.0,4493.608947753906,2.34558142085788e-05,0.9986019325914468,C
HOBBIES_1_003,HOBBIES,HOBBIES_1,1510.0,4475.63916015625,2.336201521446096e-05,0.9986252946066613,C
FOODS_3_254,FOODS,FOODS_3,2550.0,4436.99836730957,2.316031736571136e-05,0.998648454924027,C
HOUSEHOLD_1_104,HOUSEHOLD,HOUSEHOLD_1,1492.0,4431.238311767578,2.3130250932651672e-05,0.9986715851749597,C
HOBBIES_2_098,HOBBIES,HOBBIES_2,5173.0,4426.4884033203125,2.310545728208212e-05,0.9986946906322418,C
HOBBIES_2_121,HOBBIES,HOBBIES_2,4562.0,4425.139511108398,2.309841631223407e-05,0.998717789048554,C
HOUSEHOLD_2_149,HOUSEHOLD,HOUSEHOLD_2,1106.0,4394.439163208008,2.293816612917125e-05,0.9987407272146832,C
HOBBIES_1_302,HOBBIES,HOBBIES_1,1521.0,4380.484359741211,2.2865324615537086e-05,0.9987635925392987,C
HOUSEHOLD_1_260,HOUSEHOLD,HOUSEHOLD_1,1444.0,4288.6796875,2.2386121070990637e-05,0.9987859786603697,C
HOUSEHOLD_2_005,HOUSEHOLD,HOUSEHOLD_2,782.0,4277.539245605469,2.2327970008377544e-05,0.998808306630378,C
HOBBIES_1_192,HOBBIES,HOBBIES_1,1229.0,4258.61848449707,2.2229207107020644e-05,0.998830535837485,C
HOUSEHOLD_1_092,HOUSEHOLD,HOUSEHOLD_1,2470.0,4152.093444824219,2.167316594541115e-05,0.9988522090034304,C
FOODS_3_022,FOODS,FOODS_3,2096.0,4150.082458496094,2.1662668965759178e-05,0.9988738716723962,C
HOUSEHOLD_2_067,HOUSEHOLD,HOUSEHOLD_2,4260.0,4132.197494506836,2.156931273531353e-05,0.9988954409851315,C
HOBBIES_2_042,HOBBIES,HOBBIES_2,4909.0,4112.477645874023,2.1466378743697782e-05,0.9989169073638752,C
HOUSEHOLD_1_258,HOUSEHOLD,HOUSEHOLD_1,1349.0,4004.948699951172,2.0905097375662537e-05,0.9989378124612508,C
HOBBIES_1_232,HOBBIES,HOBBIES_1,8413.0,4003.262252807617,2.0896294431006754e-05,0.9989587087556818,C
HOBBIES_2_097,HOBBIES,HOBBIES_2,2032.0,3999.1004638671875,2.0874570656353237e-05,0.9989795833263382,C
FOODS_3_512,FOODS,FOODS_3,2011.0,3981.7778930664062,2.0784150015162113e-05,0.9990003674763533,C
HOBBIES_2_063,HOBBIES,HOBBIES_2,4112.0,3967.518814086914,2.070972023918092e-05,0.9990210771965925,C
HOBBIES_2_055,HOBBIES,HOBBIES_2,1440.0,3953.949775695801,2.0638892348460675e-05,0.999041716088941,C
HOUSEHOLD_2_086,HOUSEHOLD,HOUSEHOLD_2,977.0,3878.6898803710938,2.0246049503741003e-05,0.9990619621384448,C
HOBBIES_1_259,HOBBIES,HOBBIES_1,3817.0,3875.5736083984375,2.0229783135825173e-05,0.9990821919215807,C
HOBBIES_2_132,HOBBIES,HOBBIES_2,1338.0,3851.5618743896484,2.0104446290032774e-05,0.9991022963678707,C
HOBBIES_1_066,HOBBIES,HOBBIES_1,3046.0,3806.5,1.986923157378511e-05,0.9991221655994446,C
HOUSEHOLD_2_331,HOUSEHOLD,HOUSEHOLD_2,952.0,3774.9681396484375,1.9704641048295172e-05,0.9991418702404928,C
HOBBIES_1_401,HOBBIES,HOBBIES_1,1909.0,3757.700897216797,1.9614509211039175e-05,0.9991614847497039,C
HOUSEHOLD_1_512,HOUSEHOLD,HOUSEHOLD_1,1913.0,3577.306442260742,1.8672883255397878e-05,0.9991801576329593,C
HOBBIES_2_094,HOBBIES,HOBBIES_2,1801.0,3575.570846557617,1.866382376427904e-05,0.9991988214567236,C
HOUSEHOLD_2_504,HOUSEHOLD,HOUSEHOLD_2,1824.0,3560.45743560791,1.8584934532168305e-05,0.9992174063912558,C
FOODS_3_296,FOODS,FOODS_3,1797.0,3557.239990234375,1.8568140057663437e-05,0.9992359745313134,C
HOBBIES_2_149,HOBBIES,HOBBIES_2,3123.0,3517.8431549072266,1.8362495805886376e-05,0.9992543370271193,C
HOUSEHOLD_2_077,HOUSEHOLD,HOUSEHOLD_2,871.0,3458.5392150878906,1.8052940121265805e-05,0.9992723899672405,C
HOUSEHOLD_2_192,HOUSEHOLD,HOUSEHOLD_2,1754.0,3427.879104614258,1.7892899970187794e-05,0.9992902828672108,C
HOUSEHOLD_2_314,HOUSEHOLD,HOUSEHOLD_2,1732.0,3413.280746459961,1.781669921916592e-05,0.99930809956643,C
HOBBIES_1_359,HOBBIES,HOBBIES_1,2320.0,3409.400604248047,1.7796445588758e-05,0.9993258960120187,C
HOBBIES_1_113,HOBBIES,HOBBIES_1,2281.0,3351.600540161133,1.7494739859525762e-05,0.9993433907518783,C
HOBBIES_2_122,HOBBIES,HOBBIES_2,3832.0,3271.943946838379,1.7078947057973515e-05,0.9993604696989362,C
HOBBIES_2_148,HOBBIES,HOBBIES_2,3817.0,3235.2439880371094,1.6887380006831838e-05,0.999377357078943,C
HOBBIES_2_147,HOBBIES,HOBBIES_2,3312.0,3212.6430053710938,1.6769407024200505e-05,0.9993941264859673,C
HOBBIES_2_129,HOBBIES,HOBBIES_2,13879.0,3170.3637466430664,1.6548717051145163e-05,0.9994106752030184,C
HOBBIES_2_111,HOBBIES,HOBBIES_2,796.0,3160.1206970214844,1.6495250211541072e-05,0.9994271704532299,C
FOODS_3_601,FOODS,FOODS_3,1558.0,3084.8399353027344,1.6102298448073112e-05,0.999443272751678,C
FOODS_3_260,FOODS,FOODS_3,1558.0,3063.6200942993164,1.5991534771505185e-05,0.9994592642864495,C
HOBBIES_1_219,HOBBIES,HOBBIES_1,1743.0,3032.8202590942383,1.583076528296608e-05,0.9994750950517325,C
HOBBIES_1_161,HOBBIES,HOBBIES_1,4293.0,2972.460739135742,1.5515699663699596e-05,0.9994906107513962,C
HOBBIES_1_054,HOBBIES,HOBBIES_1,1001.0,2970.9803161621094,1.5507972127408973e-05,0.9995061187235237,C
HOBBIES_2_015,HOBBIES,HOBBIES_2,1170.0,2926.9011154174805,1.527788678728487e-05,0.9995213966103109,C
HOBBIES_2_108,HOBBIES,HOBBIES_2,965.0,2866.0508728027344,1.4960259685791794e-05,0.9995363568699968,C
HOBBIES_1_091,HOBBIES,HOBBIES_1,4089.0,2832.120834350586,1.478315111064056e-05,0.9995511400211073,C
FOODS_3_171,FOODS,FOODS_3,1142.0,2830.881118774414,1.4776680022799082e-05,0.9995659167011302,C
HOUSEHOLD_2_132,HOUSEHOLD,HOUSEHOLD_2,1435.0,2826.481231689453,1.4753713419517958e-05,0.9995806704145497,C
FOODS_3_220,FOODS,FOODS_3,885.0,2786.520133972168,1.4545123821596667e-05,0.9995952155383713,C
HOUSEHOLD_2_101,HOUSEHOLD,HOUSEHOLD_2,593.0,2662.5693740844727,1.389812359778076e-05,0.999609113661969,C
HOBBIES_2_107,HOBBIES,HOBBIES_2,5047.0,2655.7099609375,1.3862318719735976e-05,0.9996229759806887,C
HOBBIES_2_079,HOBBIES,HOBBIES_2,1125.0,2621.9010009765625,1.3685842152093077e-05,0.9996366618228408,C
HOBBIES_2_090,HOBBIES,HOBBIES_2,1601.0,2551.3726654052734,1.3317697181127736e-05,0.999649979520022,C
HOBBIES_2_071,HOBBIES,HOBBIES_2,2577.0,2499.692253112793,1.3047934911413305e-05,0.9996630274549334,C
HOBBIES_1_336,HOBBIES,HOBBIES_1,1309.0,2454.4019927978516,1.2811528062540435e-05,0.999675838982996,C
HOUSEHOLD_2_230,HOUSEHOLD,HOUSEHOLD_2,980.0,2421.4510192871094,1.2639530026742038e-05,0.9996884785130227,C
HOUSEHOLD_2_309,HOUSEHOLD,HOUSEHOLD_2,975.0,2413.840995788574,1.259980710038598e-05,0.999701078320123,C
FOODS_3_472,FOODS,FOODS_3,1183.0,2330.510871887207,1.2164839143242022e-05,0.9997132431592662,C
HOBBIES_2_124,HOBBIES,HOBBIES_2,9943.0,2286.891487121582,1.1937153958160126e-05,0.9997251803132244,C
HOBBIES_2_143,HOBBIES,HOBBIES_2,2269.0,2283.561363220215,1.1919771322414517e-05,0.9997371000845469,C
HOUSEHOLD_2_515,HOUSEHOLD,HOUSEHOLD_2,1153.0,2270.4210052490234,1.1851181064830901e-05,0.9997489512656117,C
HOBBIES_2_087,HOBBIES,HOBBIES_2,2261.0,2193.1718978881836,1.1447954898268254e-05,0.99976039922051,C
HOBBIES_2_126,HOBBIES,HOBBIES_2,4381.0,2190.5,1.1434008081538495e-05,0.9997718332285915,C
HOBBIES_2_125,HOBBIES,HOBBIES_2,2271.0,2187.381950378418,1.1417732434621441e-05,0.9997832509610262,C
HOBBIES_2_119,HOBBIES,HOBBIES_2,673.0,2044.6105194091797,1.067249176102405e-05,0.9997939234527872,C
HOBBIES_2_012,HOBBIES,HOBBIES_2,1036.0,2040.9208297729492,1.0653232258116481e-05,0.9998045766850453,C
HOBBIES_2_027,HOBBIES,HOBBIES_2,1019.0,2039.7306938171387,1.0647019966796296e-05,0.9998152237050121,C
HOBBIES_2_109,HOBBIES,HOBBIES_2,1977.0,1917.6916809082031,1.0009998711437359e-05,0.9998252337037236,C
HOBBIES_1_181,HOBBIES,HOBBIES_1,969.0,1903.810890197754,9.937543530811283e-06,0.9998351712472544,C
HOBBIES_2_038,HOBBIES,HOBBIES_2,1861.0,1805.1715278625488,9.42266415802035e-06,0.9998445939114124,C
HOUSEHOLD_2_245,HOUSEHOLD,HOUSEHOLD_2,798.0,1572.0606155395508,8.205867967472086e-06,0.9998527997793799,C
HOBBIES_2_037,HOBBIES,HOBBIES_2,1594.0,1538.9712371826172,8.033147483771441e-06,0.9998608329268637,C
HOBBIES_2_064,HOBBIES,HOBBIES_2,1575.0,1527.7512073516846,7.974580986733327e-06,0.9998688075078505,C
HOBBIES_2_123,HOBBIES,HOBBIES_2,2839.0,1496.6797409057617,7.812393632956596e-06,0.9998766199014835,C
HOBBIES_2_017,HOBBIES,HOBBIES_2,2793.0,1484.6400527954102,7.749548670092881e-06,0.9998843694501536,C
HOBBIES_2_058,HOBBIES,HOBBIES_2,2566.0,1283.0,6.697024591925994e-06,0.9998910664747455,C
HOBBIES_2_095,HOBBIES,HOBBIES_2,1454.0,1279.5196151733398,6.678857621720608e-06,0.9998977453323672,C
HOBBIES_2_086,HOBBIES,HOBBIES_2,1260.0,1222.2008895874023,6.379664391146267e-06,0.9999041249967583,C
HOBBIES_2_101,HOBBIES,HOBBIES_2,2286.0,1203.099811553955,6.2799602685256164e-06,0.9999104049570268,C
HOBBIES_2_141,HOBBIES,HOBBIES_2,2314.0,1199.4998817443848,6.261169295443855e-06,0.9999166661263222,C
HOBBIES_2_014,HOBBIES,HOBBIES_2,1189.0,1153.3307075500488,6.020174677385879e-06,0.9999226863009997,C
HOBBIES_2_021,HOBBIES,HOBBIES_2,1178.0,1142.6607666015625,5.9644795433824416e-06,0.999928650780543,C
HOBBIES_1_062,HOBBIES,HOBBIES_1,1175.0,1139.7506675720215,5.949289360400543e-06,0.9999346000699034,C
HOBBIES_2_030,HOBBIES,HOBBIES_2,1151.0,1108.890769958496,5.788206357109742e-06,0.9999403882762605,C
HOBBIES_2_138,HOBBIES,HOBBIES_2,1073.0,1040.7107200622559,5.4323190064987815e-06,0.999945820595267,C
HOBBIES_2_010,HOBBIES,HOBBIES_2,1050.0,1018.0306282043457,5.313933088400913e-06,0.9999511345283555,C
HOBBIES_2_106,HOBBIES,HOBBIES_2,1015.0,984.1505699157715,5.1370854005330504e-06,0.999956271613756,C
HOBBIES_2_135,HOBBIES,HOBBIES_2,1803.0,964.6297912597656,5.035190517670373e-06,0.9999613068042736,C
HOBBIES_2_040,HOBBIES,HOBBIES_2,1094.0,962.7196464538574,5.025219912261716e-06,0.9999663320241859,C
HOBBIES_2_073,HOBBIES,HOBBIES_2,1728.0,924.7198104858398,4.8268677408143525e-06,0.9999711588919268,C
HOBBIES_2_144,HOBBIES,HOBBIES_2,1685.0,869.3099460601807,4.537638415254005e-06,0.999975696530342,C
HOBBIES_2_099,HOBBIES,HOBBIES_2,888.0,861.3604354858398,4.4961434286521845e-06,0.9999801926737707,C
HOBBIES_2_082,HOBBIES,HOBBIES_2,945.0,831.5999374389648,4.3407990893786944e-06,0.9999845334728601,C
HOBBIES_2_023,HOBBIES,HOBBIES_2,845.0,819.6504287719727,4.278424846662967e-06,0.9999888118977067,C
HOBBIES_2_065,HOBBIES,HOBBIES_2,1342.0,671.0,3.5024968832286376e-06,0.9999923143945899,C
HOBBIES_2_047,HOBBIES,HOBBIES_2,1063.0,550.9599914550781,2.875910063867493e-06,0.9999951903046538,C
HOBBIES_2_025,HOBBIES,HOBBIES_2,927.0,463.5,2.419384955851674e-06,0.9999976096896096,C
HOBBIES_2_026,HOBBIES,HOBBIES_2,1991.0,457.92996406555176,2.3903103902780877e-06,0.9999999999999999,C
